{"level":"info","message":"Servidor corriendose en el puerto 5100","timestamp":"2026-04-15T16:17:52.223Z"}
{"level":"info","message":"Servidor corriendose en el puerto 5100","timestamp":"2026-04-15T16:53:52.967Z"}
{"level":"info","message":"Servidor corriendose en el puerto 5100","timestamp":"2026-04-15T16:53:54.040Z"}
{"level":"info","message":"Servidor corriendose en el puerto 5100","timestamp":"2026-04-15T17:21:37.718Z"}
{"level":"info","message":"Servidor corriendose en el puerto 5100","timestamp":"2026-04-15T17:41:59.159Z"}
{"level":"info","message":"Servidor corriendose en el puerto 5100","timestamp":"2026-04-15T17:42:00.589Z"}
{"level":"info","message":"Servidor corriendose en el puerto 5100","timestamp":"2026-04-15T17:44:54.639Z"}
{"level":"info","message":"Incoming request: POST /api/logs","timestamp":"2026-04-15T17:47:11.308Z"}
{"details":"{\"_id\":\"69c406ff2da8eb819efff38c\",\"nom\":\"Joel\",\"cognom1\":\"Perez\",\"cognom2\":\"Gomez del Pulgar\",\"email\":\"adaw24jperez@inslaferreria.cat\",\"username\":\"Miniboo\",\"imatge\":\"https://lh3.googleusercontent.com/a/ACg8ocLxOFriOf3_u7DSRedxjDOWhBAKCG9WHGYzHmdtyz2zCjWd3Yg=s360-c-no\",\"rol\":\"admin\",\"createdAt\":\"2026-03-25T16:02:07.374Z\",\"updatedAt\":\"2026-04-13T13:24:45.917Z\",\"__v\":0,\"token\":\"eyJhbGciOiJIUzI1NiIsInR5cCI6IkpXVCJ9.eyJlbWFpbCI6ImFkYXcyNGpwZXJlekBpbnNsYWZlcnJlcmlhLmNhdCIsImlhdCI6MTc3NjA4ODkyNCwiZXhwIjoxNzc2MDg5ODI0fQ.zDxBT-2oh-TrWe5tZG5vj0xxM-1erb_ntz3UtjUQDuI\"}","level":"info","message":"[FRONTEND] Lobby localStorage data","timestamp":"2026-04-15T17:47:11.311Z"}
{"level":"info","message":"Incoming request: POST /api/logs","timestamp":"2026-04-15T17:47:11.327Z"}
{"details":{"__v":0,"_id":"69c406ff2da8eb819efff38c","cognom1":"Perez","cognom2":"Gomez del Pulgar","createdAt":"2026-03-25T16:02:07.374Z","email":"adaw24jperez@inslaferreria.cat","imatge":"https://lh3.googleusercontent.com/a/ACg8ocLxOFriOf3_u7DSRedxjDOWhBAKCG9WHGYzHmdtyz2zCjWd3Yg=s360-c-no","nom":"Joel","rol":"admin","token":"eyJhbGciOiJIUzI1NiIsInR5cCI6IkpXVCJ9.eyJlbWFpbCI6ImFkYXcyNGpwZXJlekBpbnNsYWZlcnJlcmlhLmNhdCIsImlhdCI6MTc3NjA4ODkyNCwiZXhwIjoxNzc2MDg5ODI0fQ.zDxBT-2oh-TrWe5tZG5vj0xxM-1erb_ntz3UtjUQDuI","updatedAt":"2026-04-13T13:24:45.917Z","username":"Miniboo"},"level":"info","message":"[FRONTEND] Parsed Lobby data","timestamp":"2026-04-15T17:47:11.329Z"}
{"level":"info","message":"Incoming request: POST /api/logs","timestamp":"2026-04-15T17:47:11.331Z"}
{"details":"admin","level":"info","message":"[FRONTEND] Current role in Lobby","timestamp":"2026-04-15T17:47:11.332Z"}
{"level":"info","message":"Incoming request: GET /api/dashboard","timestamp":"2026-04-15T17:47:11.348Z"}
{"level":"info","message":"Servidor corriendose en el puerto 5100","timestamp":"2026-04-15T17:47:13.648Z"}
{"level":"info","message":"Incoming request: POST /api/logs","timestamp":"2026-04-15T17:47:13.851Z"}
{"details":{"error":{"error":"Token no válido"},"headers":{"lazyUpdate":null,"normalizedNames":{}},"message":"Http failure response for http://localhost:5100/api/dashboard: 401 Unauthorized","name":"HttpErrorResponse","ok":false,"status":401,"statusText":"Unauthorized","url":"http://localhost:5100/api/dashboard"},"level":"error","message":"[FRONTEND] Error loading dashboard data","timestamp":"2026-04-15T17:47:13.853Z"}
{"level":"info","message":"Servidor corriendose en el puerto 5100","timestamp":"2026-04-15T17:58:50.832Z"}
{"level":"info","message":"Servidor corriendose en el puerto 5100","timestamp":"2026-04-20T13:17:39.713Z"}
{"level":"info","message":"Servidor corriendose en el puerto 5100","timestamp":"2026-04-20T13:17:40.725Z"}
{"level":"info","message":"Incoming request: POST /api/login","timestamp":"2026-04-20T13:17:51.878Z"}
{"level":"info","message":"Login correcto: Miniboo","timestamp":"2026-04-20T13:17:52.039Z"}
{"level":"info","message":"Servidor corriendose en el puerto 5100","timestamp":"2026-04-20T13:17:53.031Z"}
{"level":"info","message":"Incoming request: POST /api/logs","timestamp":"2026-04-20T13:17:53.163Z"}
{"details":"{\"_id\":\"69c406ff2da8eb819efff38c\",\"nom\":\"Joel\",\"cognom1\":\"Perez\",\"cognom2\":\"Gomez del Pulgar\",\"email\":\"adaw24jperez@inslaferreria.cat\",\"username\":\"Miniboo\",\"imatge\":\"https://lh3.googleusercontent.com/a/ACg8ocLxOFriOf3_u7DSRedxjDOWhBAKCG9WHGYzHmdtyz2zCjWd3Yg=s360-c-no\",\"rol\":\"admin\",\"createdAt\":\"2026-03-25T16:02:07.374Z\",\"updatedAt\":\"2026-04-13T13:24:45.917Z\",\"__v\":0,\"token\":\"eyJhbGciOiJIUzI1NiIsInR5cCI6IkpXVCJ9.eyJpZCI6IjY5YzQwNmZmMmRhOGViODE5ZWZmZjM4YyIsInJvbCI6ImFkbWluIiwiaWF0IjoxNzc2NjkxMDcyLCJleHAiOjE3NzY2OTE5NzJ9.gkPo5r0Hr6TEWAzYrMGWa1XWO1LdCTsnoxRV5EK0gkw\"}","level":"info","message":"[FRONTEND] Lobby localStorage data","timestamp":"2026-04-20T13:17:53.164Z"}
{"level":"info","message":"Incoming request: POST /api/logs","timestamp":"2026-04-20T13:17:53.168Z"}
{"details":"admin","level":"info","message":"[FRONTEND] Current role in Lobby","timestamp":"2026-04-20T13:17:53.168Z"}
{"level":"info","message":"Incoming request: POST /api/logs","timestamp":"2026-04-20T13:17:53.171Z"}
{"details":{"__v":0,"_id":"69c406ff2da8eb819efff38c","cognom1":"Perez","cognom2":"Gomez del Pulgar","createdAt":"2026-03-25T16:02:07.374Z","email":"adaw24jperez@inslaferreria.cat","imatge":"https://lh3.googleusercontent.com/a/ACg8ocLxOFriOf3_u7DSRedxjDOWhBAKCG9WHGYzHmdtyz2zCjWd3Yg=s360-c-no","nom":"Joel","rol":"admin","token":"eyJhbGciOiJIUzI1NiIsInR5cCI6IkpXVCJ9.eyJpZCI6IjY5YzQwNmZmMmRhOGViODE5ZWZmZjM4YyIsInJvbCI6ImFkbWluIiwiaWF0IjoxNzc2NjkxMDcyLCJleHAiOjE3NzY2OTE5NzJ9.gkPo5r0Hr6TEWAzYrMGWa1XWO1LdCTsnoxRV5EK0gkw","updatedAt":"2026-04-13T13:24:45.917Z","username":"Miniboo"},"level":"info","message":"[FRONTEND] Parsed Lobby data","timestamp":"2026-04-20T13:17:53.172Z"}
{"level":"info","message":"Incoming request: GET /api/dashboard","timestamp":"2026-04-20T13:17:53.172Z"}
{"level":"info","message":"Incoming request: GET /api/user","timestamp":"2026-04-20T13:17:57.160Z"}
{"level":"info","message":"Incoming request: PUT /api/user/69c406ff2da8eb819efff38c","timestamp":"2026-04-20T13:18:27.283Z"}
{"level":"error","message":"Error actualizando usuario 69c406ff2da8eb819efff38c: Error en Cloudinary: Upload preset not found","timestamp":"2026-04-20T13:18:28.380Z"}
{"level":"info","message":"Incoming request: PUT /api/user/69c406ff2da8eb819efff38c","timestamp":"2026-04-20T13:18:42.298Z"}
{"level":"error","message":"Error actualizando usuario 69c406ff2da8eb819efff38c: Error en Cloudinary: Upload preset not found","timestamp":"2026-04-20T13:18:43.287Z"}
{"level":"info","message":"Incoming request: PUT /api/user/69c406ff2da8eb819efff38c","timestamp":"2026-04-20T13:20:22.441Z"}
{"level":"error","message":"Error actualizando usuario 69c406ff2da8eb819efff38c: Error en Cloudinary: Upload preset not found","timestamp":"2026-04-20T13:20:23.477Z"}
{"level":"info","message":"Incoming request: POST /api/logs","timestamp":"2026-04-20T13:20:26.684Z"}
{"details":"{\"_id\":\"69c406ff2da8eb819efff38c\",\"nom\":\"Joel\",\"cognom1\":\"Perez\",\"cognom2\":\"Gomez del Pulgar\",\"email\":\"adaw24jperez@inslaferreria.cat\",\"username\":\"Miniboo\",\"imatge\":\"https://lh3.googleusercontent.com/a/ACg8ocLxOFriOf3_u7DSRedxjDOWhBAKCG9WHGYzHmdtyz2zCjWd3Yg=s360-c-no\",\"rol\":\"admin\",\"createdAt\":\"2026-03-25T16:02:07.374Z\",\"updatedAt\":\"2026-04-13T13:24:45.917Z\",\"__v\":0,\"token\":\"eyJhbGciOiJIUzI1NiIsInR5cCI6IkpXVCJ9.eyJpZCI6IjY5YzQwNmZmMmRhOGViODE5ZWZmZjM4YyIsInJvbCI6ImFkbWluIiwiaWF0IjoxNzc2NjkxMDcyLCJleHAiOjE3NzY2OTE5NzJ9.gkPo5r0Hr6TEWAzYrMGWa1XWO1LdCTsnoxRV5EK0gkw\"}","level":"info","message":"[FRONTEND] Lobby localStorage data","timestamp":"2026-04-20T13:20:26.685Z"}
{"level":"info","message":"Incoming request: POST /api/logs","timestamp":"2026-04-20T13:20:26.687Z"}
{"details":{"__v":0,"_id":"69c406ff2da8eb819efff38c","cognom1":"Perez","cognom2":"Gomez del Pulgar","createdAt":"2026-03-25T16:02:07.374Z","email":"adaw24jperez@inslaferreria.cat","imatge":"https://lh3.googleusercontent.com/a/ACg8ocLxOFriOf3_u7DSRedxjDOWhBAKCG9WHGYzHmdtyz2zCjWd3Yg=s360-c-no","nom":"Joel","rol":"admin","token":"eyJhbGciOiJIUzI1NiIsInR5cCI6IkpXVCJ9.eyJpZCI6IjY5YzQwNmZmMmRhOGViODE5ZWZmZjM4YyIsInJvbCI6ImFkbWluIiwiaWF0IjoxNzc2NjkxMDcyLCJleHAiOjE3NzY2OTE5NzJ9.gkPo5r0Hr6TEWAzYrMGWa1XWO1LdCTsnoxRV5EK0gkw","updatedAt":"2026-04-13T13:24:45.917Z","username":"Miniboo"},"level":"info","message":"[FRONTEND] Parsed Lobby data","timestamp":"2026-04-20T13:20:26.688Z"}
{"level":"info","message":"Incoming request: POST /api/logs","timestamp":"2026-04-20T13:20:26.694Z"}
{"details":"admin","level":"info","message":"[FRONTEND] Current role in Lobby","timestamp":"2026-04-20T13:20:26.695Z"}
{"level":"info","message":"Incoming request: GET /api/user","timestamp":"2026-04-20T13:20:26.713Z"}
{"level":"info","message":"Incoming request: PUT /api/user/69c406ff2da8eb819efff38c","timestamp":"2026-04-20T13:20:31.158Z"}
{"level":"error","message":"Error actualizando usuario 69c406ff2da8eb819efff38c: Error en Cloudinary: Upload preset not found","timestamp":"2026-04-20T13:20:32.135Z"}
{"level":"info","message":"Servidor corriendose en el puerto 5100","timestamp":"2026-04-20T13:20:41.429Z"}
{"level":"info","message":"Incoming request: POST /api/logs","timestamp":"2026-04-20T13:21:06.040Z"}
{"details":"{\"_id\":\"69c406ff2da8eb819efff38c\",\"nom\":\"Joel\",\"cognom1\":\"Perez\",\"cognom2\":\"Gomez del Pulgar\",\"email\":\"adaw24jperez@inslaferreria.cat\",\"username\":\"Miniboo\",\"imatge\":\"https://lh3.googleusercontent.com/a/ACg8ocLxOFriOf3_u7DSRedxjDOWhBAKCG9WHGYzHmdtyz2zCjWd3Yg=s360-c-no\",\"rol\":\"admin\",\"createdAt\":\"2026-03-25T16:02:07.374Z\",\"updatedAt\":\"2026-04-13T13:24:45.917Z\",\"__v\":0,\"token\":\"eyJhbGciOiJIUzI1NiIsInR5cCI6IkpXVCJ9.eyJpZCI6IjY5YzQwNmZmMmRhOGViODE5ZWZmZjM4YyIsInJvbCI6ImFkbWluIiwiaWF0IjoxNzc2NjkxMDcyLCJleHAiOjE3NzY2OTE5NzJ9.gkPo5r0Hr6TEWAzYrMGWa1XWO1LdCTsnoxRV5EK0gkw\"}","level":"info","message":"[FRONTEND] Lobby localStorage data","timestamp":"2026-04-20T13:21:06.042Z"}
{"level":"info","message":"Incoming request: POST /api/logs","timestamp":"2026-04-20T13:21:06.046Z"}
{"details":{"__v":0,"_id":"69c406ff2da8eb819efff38c","cognom1":"Perez","cognom2":"Gomez del Pulgar","createdAt":"2026-03-25T16:02:07.374Z","email":"adaw24jperez@inslaferreria.cat","imatge":"https://lh3.googleusercontent.com/a/ACg8ocLxOFriOf3_u7DSRedxjDOWhBAKCG9WHGYzHmdtyz2zCjWd3Yg=s360-c-no","nom":"Joel","rol":"admin","token":"eyJhbGciOiJIUzI1NiIsInR5cCI6IkpXVCJ9.eyJpZCI6IjY5YzQwNmZmMmRhOGViODE5ZWZmZjM4YyIsInJvbCI6ImFkbWluIiwiaWF0IjoxNzc2NjkxMDcyLCJleHAiOjE3NzY2OTE5NzJ9.gkPo5r0Hr6TEWAzYrMGWa1XWO1LdCTsnoxRV5EK0gkw","updatedAt":"2026-04-13T13:24:45.917Z","username":"Miniboo"},"level":"info","message":"[FRONTEND] Parsed Lobby data","timestamp":"2026-04-20T13:21:06.047Z"}
{"level":"info","message":"Incoming request: POST /api/logs","timestamp":"2026-04-20T13:21:06.049Z"}
{"details":"admin","level":"info","message":"[FRONTEND] Current role in Lobby","timestamp":"2026-04-20T13:21:06.050Z"}
{"level":"info","message":"Incoming request: GET /api/user","timestamp":"2026-04-20T13:21:06.052Z"}
{"level":"info","message":"Incoming request: PUT /api/user/69c406ff2da8eb819efff38c","timestamp":"2026-04-20T13:21:10.263Z"}
{"level":"info","message":"Usuario actualizado: 69c406ff2da8eb819efff38c","timestamp":"2026-04-20T13:21:11.407Z"}
{"level":"info","message":"Incoming request: GET /api/user","timestamp":"2026-04-20T13:21:11.419Z"}
{"level":"info","message":"Incoming request: PUT /api/user/69c408ab50ae17753f8a0b00","timestamp":"2026-04-20T13:22:41.679Z"}
{"level":"info","message":"Usuario actualizado: 69c408ab50ae17753f8a0b00","timestamp":"2026-04-20T13:22:43.070Z"}
{"level":"info","message":"Incoming request: GET /api/user","timestamp":"2026-04-20T13:22:43.087Z"}
{"level":"info","message":"Incoming request: POST /api/logs","timestamp":"2026-04-20T13:26:03.960Z"}
{"details":"{\"_id\":\"69c406ff2da8eb819efff38c\",\"nom\":\"Joel\",\"cognom1\":\"Perez\",\"cognom2\":\"Gomez del Pulgar\",\"email\":\"adaw24jperez@inslaferreria.cat\",\"username\":\"Miniboo\",\"imatge\":\"https://lh3.googleusercontent.com/a/ACg8ocLxOFriOf3_u7DSRedxjDOWhBAKCG9WHGYzHmdtyz2zCjWd3Yg=s360-c-no\",\"rol\":\"admin\",\"createdAt\":\"2026-03-25T16:02:07.374Z\",\"updatedAt\":\"2026-04-13T13:24:45.917Z\",\"__v\":0,\"token\":\"eyJhbGciOiJIUzI1NiIsInR5cCI6IkpXVCJ9.eyJpZCI6IjY5YzQwNmZmMmRhOGViODE5ZWZmZjM4YyIsInJvbCI6ImFkbWluIiwiaWF0IjoxNzc2NjkxMDcyLCJleHAiOjE3NzY2OTE5NzJ9.gkPo5r0Hr6TEWAzYrMGWa1XWO1LdCTsnoxRV5EK0gkw\"}","level":"info","message":"[FRONTEND] Lobby localStorage data","timestamp":"2026-04-20T13:26:03.961Z"}
{"level":"info","message":"Incoming request: POST /api/logs","timestamp":"2026-04-20T13:26:03.963Z"}
{"details":{"__v":0,"_id":"69c406ff2da8eb819efff38c","cognom1":"Perez","cognom2":"Gomez del Pulgar","createdAt":"2026-03-25T16:02:07.374Z","email":"adaw24jperez@inslaferreria.cat","imatge":"https://lh3.googleusercontent.com/a/ACg8ocLxOFriOf3_u7DSRedxjDOWhBAKCG9WHGYzHmdtyz2zCjWd3Yg=s360-c-no","nom":"Joel","rol":"admin","token":"eyJhbGciOiJIUzI1NiIsInR5cCI6IkpXVCJ9.eyJpZCI6IjY5YzQwNmZmMmRhOGViODE5ZWZmZjM4YyIsInJvbCI6ImFkbWluIiwiaWF0IjoxNzc2NjkxMDcyLCJleHAiOjE3NzY2OTE5NzJ9.gkPo5r0Hr6TEWAzYrMGWa1XWO1LdCTsnoxRV5EK0gkw","updatedAt":"2026-04-13T13:24:45.917Z","username":"Miniboo"},"level":"info","message":"[FRONTEND] Parsed Lobby data","timestamp":"2026-04-20T13:26:03.964Z"}
{"level":"info","message":"Incoming request: POST /api/logs","timestamp":"2026-04-20T13:26:03.966Z"}
{"details":"admin","level":"info","message":"[FRONTEND] Current role in Lobby","timestamp":"2026-04-20T13:26:03.967Z"}
{"level":"info","message":"Incoming request: POST /api/login","timestamp":"2026-04-20T13:30:21.199Z"}
{"level":"info","message":"Login correcto: Miniboo","timestamp":"2026-04-20T13:30:21.244Z"}
{"level":"info","message":"Incoming request: POST /api/logs","timestamp":"2026-04-20T13:30:21.343Z"}
{"details":"{\"_id\":\"69c406ff2da8eb819efff38c\",\"nom\":\"Joel\",\"cognom1\":\"Perez\",\"cognom2\":\"Gomez del Pulgar\",\"email\":\"adaw24jperez@inslaferreria.cat\",\"username\":\"Miniboo\",\"imatge\":\"https://res.cloudinary.com/dcknfjzss/image/upload/v1776691271/bvcxjwv4hsfcqxvwr6v4.jpg\",\"rol\":\"admin\",\"createdAt\":\"2026-03-25T16:02:07.374Z\",\"updatedAt\":\"2026-04-20T13:21:11.352Z\",\"__v\":0,\"token\":\"eyJhbGciOiJIUzI1NiIsInR5cCI6IkpXVCJ9.eyJpZCI6IjY5YzQwNmZmMmRhOGViODE5ZWZmZjM4YyIsInJvbCI6ImFkbWluIiwiaWF0IjoxNzc2NjkxODIxLCJleHAiOjE3NzY2OTI3MjF9.tAmQQk-B0xzy4MymAUFvC0IEP7F43BmOk69UxCwa13c\"}","level":"info","message":"[FRONTEND] Lobby localStorage data","timestamp":"2026-04-20T13:30:21.343Z"}
{"level":"info","message":"Incoming request: POST /api/logs","timestamp":"2026-04-20T13:30:21.348Z"}
{"details":{"__v":0,"_id":"69c406ff2da8eb819efff38c","cognom1":"Perez","cognom2":"Gomez del Pulgar","createdAt":"2026-03-25T16:02:07.374Z","email":"adaw24jperez@inslaferreria.cat","imatge":"https://res.cloudinary.com/dcknfjzss/image/upload/v1776691271/bvcxjwv4hsfcqxvwr6v4.jpg","nom":"Joel","rol":"admin","token":"eyJhbGciOiJIUzI1NiIsInR5cCI6IkpXVCJ9.eyJpZCI6IjY5YzQwNmZmMmRhOGViODE5ZWZmZjM4YyIsInJvbCI6ImFkbWluIiwiaWF0IjoxNzc2NjkxODIxLCJleHAiOjE3NzY2OTI3MjF9.tAmQQk-B0xzy4MymAUFvC0IEP7F43BmOk69UxCwa13c","updatedAt":"2026-04-20T13:21:11.352Z","username":"Miniboo"},"level":"info","message":"[FRONTEND] Parsed Lobby data","timestamp":"2026-04-20T13:30:21.349Z"}
{"level":"info","message":"Incoming request: POST /api/logs","timestamp":"2026-04-20T13:30:21.352Z"}
{"details":"admin","level":"info","message":"[FRONTEND] Current role in Lobby","timestamp":"2026-04-20T13:30:21.353Z"}
{"level":"info","message":"Incoming request: GET /api/dashboard","timestamp":"2026-04-20T13:30:21.358Z"}
{"level":"info","message":"Incoming request: POST /api/logs","timestamp":"2026-04-20T13:30:49.410Z"}
{"details":"{\"_id\":\"69c406ff2da8eb819efff38c\",\"nom\":\"Joel\",\"cognom1\":\"Perez\",\"cognom2\":\"Gomez del Pulgar\",\"email\":\"adaw24jperez@inslaferreria.cat\",\"username\":\"Miniboo\",\"imatge\":\"https://res.cloudinary.com/dcknfjzss/image/upload/v1776691271/bvcxjwv4hsfcqxvwr6v4.jpg\",\"rol\":\"admin\",\"createdAt\":\"2026-03-25T16:02:07.374Z\",\"updatedAt\":\"2026-04-20T13:21:11.352Z\",\"__v\":0,\"token\":\"eyJhbGciOiJIUzI1NiIsInR5cCI6IkpXVCJ9.eyJpZCI6IjY5YzQwNmZmMmRhOGViODE5ZWZmZjM4YyIsInJvbCI6ImFkbWluIiwiaWF0IjoxNzc2NjkxODIxLCJleHAiOjE3NzY2OTI3MjF9.tAmQQk-B0xzy4MymAUFvC0IEP7F43BmOk69UxCwa13c\"}","level":"info","message":"[FRONTEND] Lobby localStorage data","timestamp":"2026-04-20T13:30:49.411Z"}
{"level":"info","message":"Incoming request: POST /api/logs","timestamp":"2026-04-20T13:30:49.417Z"}
{"details":{"__v":0,"_id":"69c406ff2da8eb819efff38c","cognom1":"Perez","cognom2":"Gomez del Pulgar","createdAt":"2026-03-25T16:02:07.374Z","email":"adaw24jperez@inslaferreria.cat","imatge":"https://res.cloudinary.com/dcknfjzss/image/upload/v1776691271/bvcxjwv4hsfcqxvwr6v4.jpg","nom":"Joel","rol":"admin","token":"eyJhbGciOiJIUzI1NiIsInR5cCI6IkpXVCJ9.eyJpZCI6IjY5YzQwNmZmMmRhOGViODE5ZWZmZjM4YyIsInJvbCI6ImFkbWluIiwiaWF0IjoxNzc2NjkxODIxLCJleHAiOjE3NzY2OTI3MjF9.tAmQQk-B0xzy4MymAUFvC0IEP7F43BmOk69UxCwa13c","updatedAt":"2026-04-20T13:21:11.352Z","username":"Miniboo"},"level":"info","message":"[FRONTEND] Parsed Lobby data","timestamp":"2026-04-20T13:30:49.418Z"}
{"level":"info","message":"Incoming request: POST /api/logs","timestamp":"2026-04-20T13:30:49.419Z"}
{"details":"admin","level":"info","message":"[FRONTEND] Current role in Lobby","timestamp":"2026-04-20T13:30:49.420Z"}
{"level":"info","message":"Incoming request: GET /api/dashboard","timestamp":"2026-04-20T13:30:49.428Z"}
{"level":"info","message":"Incoming request: POST /api/logs","timestamp":"2026-04-20T13:33:25.949Z"}
{"details":{},"level":"info","message":"[FRONTEND] Lobby localStorage data","timestamp":"2026-04-20T13:33:25.951Z"}
{"level":"info","message":"Incoming request: POST /api/login","timestamp":"2026-04-20T13:33:34.112Z"}
{"level":"info","message":"Login correcto: Miniboo","timestamp":"2026-04-20T13:33:34.147Z"}
{"level":"info","message":"Incoming request: POST /api/logs","timestamp":"2026-04-20T13:33:34.244Z"}
{"details":"{\"_id\":\"69c406ff2da8eb819efff38c\",\"nom\":\"Joel\",\"cognom1\":\"Perez\",\"cognom2\":\"Gomez del Pulgar\",\"email\":\"adaw24jperez@inslaferreria.cat\",\"username\":\"Miniboo\",\"imatge\":\"https://res.cloudinary.com/dcknfjzss/image/upload/v1776691271/bvcxjwv4hsfcqxvwr6v4.jpg\",\"rol\":\"admin\",\"createdAt\":\"2026-03-25T16:02:07.374Z\",\"updatedAt\":\"2026-04-20T13:21:11.352Z\",\"__v\":0,\"token\":\"eyJhbGciOiJIUzI1NiIsInR5cCI6IkpXVCJ9.eyJpZCI6IjY5YzQwNmZmMmRhOGViODE5ZWZmZjM4YyIsInJvbCI6ImFkbWluIiwiaWF0IjoxNzc2NjkyMDE0LCJleHAiOjE3NzY2OTI5MTR9.fhEsQDMObyNjKVPGOSRjC2KKJYCgPDqPnmSxVS6w3fE\"}","level":"info","message":"[FRONTEND] Lobby localStorage data","timestamp":"2026-04-20T13:33:34.245Z"}
{"level":"info","message":"Incoming request: POST /api/logs","timestamp":"2026-04-20T13:33:34.251Z"}
{"details":{"__v":0,"_id":"69c406ff2da8eb819efff38c","cognom1":"Perez","cognom2":"Gomez del Pulgar","createdAt":"2026-03-25T16:02:07.374Z","email":"adaw24jperez@inslaferreria.cat","imatge":"https://res.cloudinary.com/dcknfjzss/image/upload/v1776691271/bvcxjwv4hsfcqxvwr6v4.jpg","nom":"Joel","rol":"admin","token":"eyJhbGciOiJIUzI1NiIsInR5cCI6IkpXVCJ9.eyJpZCI6IjY5YzQwNmZmMmRhOGViODE5ZWZmZjM4YyIsInJvbCI6ImFkbWluIiwiaWF0IjoxNzc2NjkyMDE0LCJleHAiOjE3NzY2OTI5MTR9.fhEsQDMObyNjKVPGOSRjC2KKJYCgPDqPnmSxVS6w3fE","updatedAt":"2026-04-20T13:21:11.352Z","username":"Miniboo"},"level":"info","message":"[FRONTEND] Parsed Lobby data","timestamp":"2026-04-20T13:33:34.252Z"}
{"level":"info","message":"Incoming request: POST /api/logs","timestamp":"2026-04-20T13:33:34.254Z"}
{"details":"admin","level":"info","message":"[FRONTEND] Current role in Lobby","timestamp":"2026-04-20T13:33:34.255Z"}
{"level":"info","message":"Incoming request: GET /api/dashboard","timestamp":"2026-04-20T13:33:34.257Z"}
{"level":"info","message":"Incoming request: POST /api/login","timestamp":"2026-04-20T13:35:13.330Z"}
{"level":"info","message":"Login correcto: Miniboo","timestamp":"2026-04-20T13:35:13.365Z"}
{"level":"info","message":"Incoming request: POST /api/logs","timestamp":"2026-04-20T13:35:13.462Z"}
{"details":"{\"_id\":\"69c406ff2da8eb819efff38c\",\"nom\":\"Joel\",\"cognom1\":\"Perez\",\"cognom2\":\"Gomez del Pulgar\",\"email\":\"adaw24jperez@inslaferreria.cat\",\"username\":\"Miniboo\",\"imatge\":\"https://res.cloudinary.com/dcknfjzss/image/upload/v1776691271/bvcxjwv4hsfcqxvwr6v4.jpg\",\"rol\":\"admin\",\"createdAt\":\"2026-03-25T16:02:07.374Z\",\"updatedAt\":\"2026-04-20T13:21:11.352Z\",\"__v\":0,\"token\":\"eyJhbGciOiJIUzI1NiIsInR5cCI6IkpXVCJ9.eyJpZCI6IjY5YzQwNmZmMmRhOGViODE5ZWZmZjM4YyIsInJvbCI6ImFkbWluIiwiaWF0IjoxNzc2NjkyMTEzLCJleHAiOjE3NzY2OTMwMTN9.P7PL9L6YkwihwXSQIDt0yeuBK_1aYn4KC8wLjr9ur-I\"}","level":"info","message":"[FRONTEND] Lobby localStorage data","timestamp":"2026-04-20T13:35:13.463Z"}
{"level":"info","message":"Incoming request: POST /api/logs","timestamp":"2026-04-20T13:35:13.466Z"}
{"details":{"__v":0,"_id":"69c406ff2da8eb819efff38c","cognom1":"Perez","cognom2":"Gomez del Pulgar","createdAt":"2026-03-25T16:02:07.374Z","email":"adaw24jperez@inslaferreria.cat","imatge":"https://res.cloudinary.com/dcknfjzss/image/upload/v1776691271/bvcxjwv4hsfcqxvwr6v4.jpg","nom":"Joel","rol":"admin","token":"eyJhbGciOiJIUzI1NiIsInR5cCI6IkpXVCJ9.eyJpZCI6IjY5YzQwNmZmMmRhOGViODE5ZWZmZjM4YyIsInJvbCI6ImFkbWluIiwiaWF0IjoxNzc2NjkyMTEzLCJleHAiOjE3NzY2OTMwMTN9.P7PL9L6YkwihwXSQIDt0yeuBK_1aYn4KC8wLjr9ur-I","updatedAt":"2026-04-20T13:21:11.352Z","username":"Miniboo"},"level":"info","message":"[FRONTEND] Parsed Lobby data","timestamp":"2026-04-20T13:35:13.467Z"}
{"level":"info","message":"Incoming request: POST /api/logs","timestamp":"2026-04-20T13:35:13.469Z"}
{"details":"admin","level":"info","message":"[FRONTEND] Current role in Lobby","timestamp":"2026-04-20T13:35:13.470Z"}
{"level":"info","message":"Incoming request: GET /api/dashboard","timestamp":"2026-04-20T13:35:13.472Z"}
{"level":"info","message":"Incoming request: POST /api/login","timestamp":"2026-04-20T13:35:20.834Z"}
{"level":"info","message":"Login correcto: Miniboo","timestamp":"2026-04-20T13:35:20.867Z"}
{"level":"info","message":"Incoming request: POST /api/logs","timestamp":"2026-04-20T13:35:20.931Z"}
{"details":"{\"_id\":\"69c406ff2da8eb819efff38c\",\"nom\":\"Joel\",\"cognom1\":\"Perez\",\"cognom2\":\"Gomez del Pulgar\",\"email\":\"adaw24jperez@inslaferreria.cat\",\"username\":\"Miniboo\",\"imatge\":\"https://res.cloudinary.com/dcknfjzss/image/upload/v1776691271/bvcxjwv4hsfcqxvwr6v4.jpg\",\"rol\":\"admin\",\"createdAt\":\"2026-03-25T16:02:07.374Z\",\"updatedAt\":\"2026-04-20T13:21:11.352Z\",\"__v\":0,\"token\":\"eyJhbGciOiJIUzI1NiIsInR5cCI6IkpXVCJ9.eyJpZCI6IjY5YzQwNmZmMmRhOGViODE5ZWZmZjM4YyIsInJvbCI6ImFkbWluIiwiaWF0IjoxNzc2NjkyMTIwLCJleHAiOjE3NzY2OTMwMjB9.ERFPQCaQ6rWPCKNP7Y2Q6b6Nwjez-UJceDcIZZ3YKfY\"}","level":"info","message":"[FRONTEND] Lobby localStorage data","timestamp":"2026-04-20T13:35:20.931Z"}
{"level":"info","message":"Incoming request: POST /api/logs","timestamp":"2026-04-20T13:35:20.933Z"}
{"details":{"__v":0,"_id":"69c406ff2da8eb819efff38c","cognom1":"Perez","cognom2":"Gomez del Pulgar","createdAt":"2026-03-25T16:02:07.374Z","email":"adaw24jperez@inslaferreria.cat","imatge":"https://res.cloudinary.com/dcknfjzss/image/upload/v1776691271/bvcxjwv4hsfcqxvwr6v4.jpg","nom":"Joel","rol":"admin","token":"eyJhbGciOiJIUzI1NiIsInR5cCI6IkpXVCJ9.eyJpZCI6IjY5YzQwNmZmMmRhOGViODE5ZWZmZjM4YyIsInJvbCI6ImFkbWluIiwiaWF0IjoxNzc2NjkyMTIwLCJleHAiOjE3NzY2OTMwMjB9.ERFPQCaQ6rWPCKNP7Y2Q6b6Nwjez-UJceDcIZZ3YKfY","updatedAt":"2026-04-20T13:21:11.352Z","username":"Miniboo"},"level":"info","message":"[FRONTEND] Parsed Lobby data","timestamp":"2026-04-20T13:35:20.933Z"}
{"level":"info","message":"Incoming request: POST /api/logs","timestamp":"2026-04-20T13:35:20.935Z"}
{"details":"admin","level":"info","message":"[FRONTEND] Current role in Lobby","timestamp":"2026-04-20T13:35:20.936Z"}
{"level":"info","message":"Incoming request: GET /api/dashboard","timestamp":"2026-04-20T13:35:20.937Z"}
{"level":"info","message":"Incoming request: POST /api/logs","timestamp":"2026-04-20T13:36:24.845Z"}
{"details":"{\"_id\":\"69c406ff2da8eb819efff38c\",\"nom\":\"Joel\",\"cognom1\":\"Perez\",\"cognom2\":\"Gomez del Pulgar\",\"email\":\"adaw24jperez@inslaferreria.cat\",\"username\":\"Miniboo\",\"imatge\":\"https://res.cloudinary.com/dcknfjzss/image/upload/v1776691271/bvcxjwv4hsfcqxvwr6v4.jpg\",\"rol\":\"admin\",\"createdAt\":\"2026-03-25T16:02:07.374Z\",\"updatedAt\":\"2026-04-20T13:21:11.352Z\",\"__v\":0,\"token\":\"eyJhbGciOiJIUzI1NiIsInR5cCI6IkpXVCJ9.eyJpZCI6IjY5YzQwNmZmMmRhOGViODE5ZWZmZjM4YyIsInJvbCI6ImFkbWluIiwiaWF0IjoxNzc2NjkyMTIwLCJleHAiOjE3NzY2OTMwMjB9.ERFPQCaQ6rWPCKNP7Y2Q6b6Nwjez-UJceDcIZZ3YKfY\"}","level":"info","message":"[FRONTEND] Lobby localStorage data","timestamp":"2026-04-20T13:36:24.846Z"}
{"level":"info","message":"Incoming request: POST /api/logs","timestamp":"2026-04-20T13:36:24.849Z"}
{"details":{"__v":0,"_id":"69c406ff2da8eb819efff38c","cognom1":"Perez","cognom2":"Gomez del Pulgar","createdAt":"2026-03-25T16:02:07.374Z","email":"adaw24jperez@inslaferreria.cat","imatge":"https://res.cloudinary.com/dcknfjzss/image/upload/v1776691271/bvcxjwv4hsfcqxvwr6v4.jpg","nom":"Joel","rol":"admin","token":"eyJhbGciOiJIUzI1NiIsInR5cCI6IkpXVCJ9.eyJpZCI6IjY5YzQwNmZmMmRhOGViODE5ZWZmZjM4YyIsInJvbCI6ImFkbWluIiwiaWF0IjoxNzc2NjkyMTIwLCJleHAiOjE3NzY2OTMwMjB9.ERFPQCaQ6rWPCKNP7Y2Q6b6Nwjez-UJceDcIZZ3YKfY","updatedAt":"2026-04-20T13:21:11.352Z","username":"Miniboo"},"level":"info","message":"[FRONTEND] Parsed Lobby data","timestamp":"2026-04-20T13:36:24.853Z"}
{"level":"info","message":"Incoming request: POST /api/logs","timestamp":"2026-04-20T13:36:24.858Z"}
{"details":"admin","level":"info","message":"[FRONTEND] Current role in Lobby","timestamp":"2026-04-20T13:36:24.862Z"}
{"level":"info","message":"Incoming request: GET /api/dashboard","timestamp":"2026-04-20T13:36:24.866Z"}
{"level":"info","message":"Incoming request: POST /api/logs","timestamp":"2026-04-20T13:36:28.644Z"}
{"details":{},"level":"info","message":"[FRONTEND] Lobby localStorage data","timestamp":"2026-04-20T13:36:28.645Z"}
{"level":"info","message":"Incoming request: GET /api/dashboard","timestamp":"2026-04-20T13:36:28.646Z"}
{"level":"info","message":"Incoming request: POST /api/logs","timestamp":"2026-04-20T13:36:28.699Z"}
{"details":{"error":{"error":"Token no válido"},"headers":{"lazyUpdate":null,"normalizedNames":{}},"message":"Http failure response for http://localhost:5100/api/dashboard: 401 Unauthorized","name":"HttpErrorResponse","ok":false,"status":401,"statusText":"Unauthorized","url":"http://localhost:5100/api/dashboard"},"level":"error","message":"[FRONTEND] Error loading dashboard data","timestamp":"2026-04-20T13:36:28.700Z"}
{"level":"info","message":"Incoming request: POST /api/login","timestamp":"2026-04-20T13:36:34.643Z"}
{"level":"info","message":"Login correcto: Miniboo","timestamp":"2026-04-20T13:36:34.677Z"}
{"level":"info","message":"Incoming request: POST /api/logs","timestamp":"2026-04-20T13:36:34.758Z"}
{"details":"{\"_id\":\"69c406ff2da8eb819efff38c\",\"nom\":\"Joel\",\"cognom1\":\"Perez\",\"cognom2\":\"Gomez del Pulgar\",\"email\":\"adaw24jperez@inslaferreria.cat\",\"username\":\"Miniboo\",\"imatge\":\"https://res.cloudinary.com/dcknfjzss/image/upload/v1776691271/bvcxjwv4hsfcqxvwr6v4.jpg\",\"rol\":\"admin\",\"createdAt\":\"2026-03-25T16:02:07.374Z\",\"updatedAt\":\"2026-04-20T13:21:11.352Z\",\"__v\":0,\"token\":\"eyJhbGciOiJIUzI1NiIsInR5cCI6IkpXVCJ9.eyJpZCI6IjY5YzQwNmZmMmRhOGViODE5ZWZmZjM4YyIsInJvbCI6ImFkbWluIiwiaWF0IjoxNzc2NjkyMTk0LCJleHAiOjE3NzY2OTMwOTR9.5RYwesSWz1AAU7zbz0tgpYy2K7VJDNjJyMBSR15GmLA\"}","level":"info","message":"[FRONTEND] Lobby localStorage data","timestamp":"2026-04-20T13:36:34.759Z"}
{"level":"info","message":"Incoming request: POST /api/logs","timestamp":"2026-04-20T13:36:34.761Z"}
{"details":{"__v":0,"_id":"69c406ff2da8eb819efff38c","cognom1":"Perez","cognom2":"Gomez del Pulgar","createdAt":"2026-03-25T16:02:07.374Z","email":"adaw24jperez@inslaferreria.cat","imatge":"https://res.cloudinary.com/dcknfjzss/image/upload/v1776691271/bvcxjwv4hsfcqxvwr6v4.jpg","nom":"Joel","rol":"admin","token":"eyJhbGciOiJIUzI1NiIsInR5cCI6IkpXVCJ9.eyJpZCI6IjY5YzQwNmZmMmRhOGViODE5ZWZmZjM4YyIsInJvbCI6ImFkbWluIiwiaWF0IjoxNzc2NjkyMTk0LCJleHAiOjE3NzY2OTMwOTR9.5RYwesSWz1AAU7zbz0tgpYy2K7VJDNjJyMBSR15GmLA","updatedAt":"2026-04-20T13:21:11.352Z","username":"Miniboo"},"level":"info","message":"[FRONTEND] Parsed Lobby data","timestamp":"2026-04-20T13:36:34.761Z"}
{"level":"info","message":"Incoming request: POST /api/logs","timestamp":"2026-04-20T13:36:34.768Z"}
{"details":"admin","level":"info","message":"[FRONTEND] Current role in Lobby","timestamp":"2026-04-20T13:36:34.769Z"}
{"level":"info","message":"Incoming request: GET /api/dashboard","timestamp":"2026-04-20T13:36:34.771Z"}
{"level":"info","message":"Incoming request: POST /api/logs","timestamp":"2026-04-20T13:36:39.950Z"}
{"details":{},"level":"info","message":"[FRONTEND] Lobby localStorage data","timestamp":"2026-04-20T13:36:39.950Z"}
{"level":"info","message":"Incoming request: GET /api/dashboard","timestamp":"2026-04-20T13:36:39.952Z"}
{"level":"info","message":"Incoming request: POST /api/logs","timestamp":"2026-04-20T13:36:39.965Z"}
{"details":{"error":{"error":"Token no válido"},"headers":{"lazyUpdate":null,"normalizedNames":{}},"message":"Http failure response for http://localhost:5100/api/dashboard: 401 Unauthorized","name":"HttpErrorResponse","ok":false,"status":401,"statusText":"Unauthorized","url":"http://localhost:5100/api/dashboard"},"level":"error","message":"[FRONTEND] Error loading dashboard data","timestamp":"2026-04-20T13:36:39.966Z"}
{"level":"info","message":"Incoming request: POST /api/logs","timestamp":"2026-04-20T13:36:41.161Z"}
{"details":{},"level":"info","message":"[FRONTEND] Lobby localStorage data","timestamp":"2026-04-20T13:36:41.161Z"}
{"level":"info","message":"Incoming request: GET /api/dashboard","timestamp":"2026-04-20T13:36:41.163Z"}
{"level":"info","message":"Incoming request: POST /api/logs","timestamp":"2026-04-20T13:36:41.199Z"}
{"details":{"error":{"error":"Token no válido"},"headers":{"lazyUpdate":null,"normalizedNames":{}},"message":"Http failure response for http://localhost:5100/api/dashboard: 401 Unauthorized","name":"HttpErrorResponse","ok":false,"status":401,"statusText":"Unauthorized","url":"http://localhost:5100/api/dashboard"},"level":"error","message":"[FRONTEND] Error loading dashboard data","timestamp":"2026-04-20T13:36:41.200Z"}
{"level":"info","message":"Incoming request: POST /api/login","timestamp":"2026-04-20T13:36:44.401Z"}
{"level":"warn","message":"Login fallido: credenciales incorrectas para ","timestamp":"2026-04-20T13:36:44.439Z"}
{"level":"info","message":"Incoming request: POST /api/logs","timestamp":"2026-04-20T13:36:45.715Z"}
{"details":{"error":{"msg":"Usuari o contrasenya incorrectes","ok":false},"headers":{"lazyUpdate":null,"normalizedNames":{}},"message":"Http failure response for http://localhost:5100/api/login: 401 Unauthorized","name":"HttpErrorResponse","ok":false,"status":401,"statusText":"Unauthorized","url":"http://localhost:5100/api/login"},"level":"error","message":"[FRONTEND] Login error","timestamp":"2026-04-20T13:36:45.716Z"}
{"level":"info","message":"Incoming request: POST /api/login","timestamp":"2026-04-20T13:36:49.967Z"}
{"level":"info","message":"Login correcto: Miniboo","timestamp":"2026-04-20T13:36:50.002Z"}
{"level":"info","message":"Incoming request: POST /api/logs","timestamp":"2026-04-20T13:36:50.065Z"}
{"details":"{\"_id\":\"69c406ff2da8eb819efff38c\",\"nom\":\"Joel\",\"cognom1\":\"Perez\",\"cognom2\":\"Gomez del Pulgar\",\"email\":\"adaw24jperez@inslaferreria.cat\",\"username\":\"Miniboo\",\"imatge\":\"https://res.cloudinary.com/dcknfjzss/image/upload/v1776691271/bvcxjwv4hsfcqxvwr6v4.jpg\",\"rol\":\"admin\",\"createdAt\":\"2026-03-25T16:02:07.374Z\",\"updatedAt\":\"2026-04-20T13:21:11.352Z\",\"__v\":0,\"token\":\"eyJhbGciOiJIUzI1NiIsInR5cCI6IkpXVCJ9.eyJpZCI6IjY5YzQwNmZmMmRhOGViODE5ZWZmZjM4YyIsInJvbCI6ImFkbWluIiwiaWF0IjoxNzc2NjkyMjEwLCJleHAiOjE3NzY2OTMxMTB9.uEbwP6vo0Xw3YEXglGsfcN5RZixszrpqpMdtt2lMwXw\"}","level":"info","message":"[FRONTEND] Lobby localStorage data","timestamp":"2026-04-20T13:36:50.066Z"}
{"level":"info","message":"Incoming request: POST /api/logs","timestamp":"2026-04-20T13:36:50.071Z"}
{"details":{"__v":0,"_id":"69c406ff2da8eb819efff38c","cognom1":"Perez","cognom2":"Gomez del Pulgar","createdAt":"2026-03-25T16:02:07.374Z","email":"adaw24jperez@inslaferreria.cat","imatge":"https://res.cloudinary.com/dcknfjzss/image/upload/v1776691271/bvcxjwv4hsfcqxvwr6v4.jpg","nom":"Joel","rol":"admin","token":"eyJhbGciOiJIUzI1NiIsInR5cCI6IkpXVCJ9.eyJpZCI6IjY5YzQwNmZmMmRhOGViODE5ZWZmZjM4YyIsInJvbCI6ImFkbWluIiwiaWF0IjoxNzc2NjkyMjEwLCJleHAiOjE3NzY2OTMxMTB9.uEbwP6vo0Xw3YEXglGsfcN5RZixszrpqpMdtt2lMwXw","updatedAt":"2026-04-20T13:21:11.352Z","username":"Miniboo"},"level":"info","message":"[FRONTEND] Parsed Lobby data","timestamp":"2026-04-20T13:36:50.072Z"}
{"level":"info","message":"Incoming request: POST /api/logs","timestamp":"2026-04-20T13:36:50.079Z"}
{"details":"admin","level":"info","message":"[FRONTEND] Current role in Lobby","timestamp":"2026-04-20T13:36:50.080Z"}
{"level":"info","message":"Incoming request: GET /api/dashboard","timestamp":"2026-04-20T13:36:50.105Z"}
{"level":"info","message":"Incoming request: GET /api/dashboard","timestamp":"2026-04-20T13:36:54.919Z"}
{"level":"info","message":"Incoming request: POST /api/logs","timestamp":"2026-04-20T13:36:54.921Z"}
{"details":{},"level":"info","message":"[FRONTEND] Lobby localStorage data","timestamp":"2026-04-20T13:36:54.922Z"}
{"level":"info","message":"Incoming request: POST /api/logs","timestamp":"2026-04-20T13:36:54.933Z"}
{"details":{"error":{"error":"Token no válido"},"headers":{"lazyUpdate":null,"normalizedNames":{}},"message":"Http failure response for http://localhost:5100/api/dashboard: 401 Unauthorized","name":"HttpErrorResponse","ok":false,"status":401,"statusText":"Unauthorized","url":"http://localhost:5100/api/dashboard"},"level":"error","message":"[FRONTEND] Error loading dashboard data","timestamp":"2026-04-20T13:36:54.933Z"}
{"level":"info","message":"Incoming request: POST /api/login","timestamp":"2026-04-20T13:37:02.169Z"}
{"level":"info","message":"Login correcto: Miniboo","timestamp":"2026-04-20T13:37:02.205Z"}
{"level":"info","message":"Incoming request: POST /api/logs","timestamp":"2026-04-20T13:37:02.278Z"}
{"details":"{\"_id\":\"69c406ff2da8eb819efff38c\",\"nom\":\"Joel\",\"cognom1\":\"Perez\",\"cognom2\":\"Gomez del Pulgar\",\"email\":\"adaw24jperez@inslaferreria.cat\",\"username\":\"Miniboo\",\"imatge\":\"https://res.cloudinary.com/dcknfjzss/image/upload/v1776691271/bvcxjwv4hsfcqxvwr6v4.jpg\",\"rol\":\"admin\",\"createdAt\":\"2026-03-25T16:02:07.374Z\",\"updatedAt\":\"2026-04-20T13:21:11.352Z\",\"__v\":0,\"token\":\"eyJhbGciOiJIUzI1NiIsInR5cCI6IkpXVCJ9.eyJpZCI6IjY5YzQwNmZmMmRhOGViODE5ZWZmZjM4YyIsInJvbCI6ImFkbWluIiwiaWF0IjoxNzc2NjkyMjIyLCJleHAiOjE3NzY2OTMxMjJ9.9iN77LvFmLsEqfL-YgKk7EDAZ7lVSCRD4x-DTfTurCM\"}","level":"info","message":"[FRONTEND] Lobby localStorage data","timestamp":"2026-04-20T13:37:02.278Z"}
{"level":"info","message":"Incoming request: POST /api/logs","timestamp":"2026-04-20T13:37:02.318Z"}
{"details":{"__v":0,"_id":"69c406ff2da8eb819efff38c","cognom1":"Perez","cognom2":"Gomez del Pulgar","createdAt":"2026-03-25T16:02:07.374Z","email":"adaw24jperez@inslaferreria.cat","imatge":"https://res.cloudinary.com/dcknfjzss/image/upload/v1776691271/bvcxjwv4hsfcqxvwr6v4.jpg","nom":"Joel","rol":"admin","token":"eyJhbGciOiJIUzI1NiIsInR5cCI6IkpXVCJ9.eyJpZCI6IjY5YzQwNmZmMmRhOGViODE5ZWZmZjM4YyIsInJvbCI6ImFkbWluIiwiaWF0IjoxNzc2NjkyMjIyLCJleHAiOjE3NzY2OTMxMjJ9.9iN77LvFmLsEqfL-YgKk7EDAZ7lVSCRD4x-DTfTurCM","updatedAt":"2026-04-20T13:21:11.352Z","username":"Miniboo"},"level":"info","message":"[FRONTEND] Parsed Lobby data","timestamp":"2026-04-20T13:37:02.319Z"}
{"level":"info","message":"Incoming request: POST /api/logs","timestamp":"2026-04-20T13:37:02.343Z"}
{"details":"admin","level":"info","message":"[FRONTEND] Current role in Lobby","timestamp":"2026-04-20T13:37:02.344Z"}
{"level":"info","message":"Incoming request: GET /api/dashboard","timestamp":"2026-04-20T13:37:02.346Z"}
{"level":"info","message":"Incoming request: POST /api/logs","timestamp":"2026-04-20T13:37:05.510Z"}
{"details":"{\"_id\":\"69c406ff2da8eb819efff38c\",\"nom\":\"Joel\",\"cognom1\":\"Perez\",\"cognom2\":\"Gomez del Pulgar\",\"email\":\"adaw24jperez@inslaferreria.cat\",\"username\":\"Miniboo\",\"imatge\":\"https://res.cloudinary.com/dcknfjzss/image/upload/v1776691271/bvcxjwv4hsfcqxvwr6v4.jpg\",\"rol\":\"admin\",\"createdAt\":\"2026-03-25T16:02:07.374Z\",\"updatedAt\":\"2026-04-20T13:21:11.352Z\",\"__v\":0,\"token\":\"eyJhbGciOiJIUzI1NiIsInR5cCI6IkpXVCJ9.eyJpZCI6IjY5YzQwNmZmMmRhOGViODE5ZWZmZjM4YyIsInJvbCI6ImFkbWluIiwiaWF0IjoxNzc2NjkyMjIyLCJleHAiOjE3NzY2OTMxMjJ9.9iN77LvFmLsEqfL-YgKk7EDAZ7lVSCRD4x-DTfTurCM\"}","level":"info","message":"[FRONTEND] Lobby localStorage data","timestamp":"2026-04-20T13:37:05.513Z"}
{"level":"info","message":"Incoming request: POST /api/logs","timestamp":"2026-04-20T13:37:05.521Z"}
{"details":{"__v":0,"_id":"69c406ff2da8eb819efff38c","cognom1":"Perez","cognom2":"Gomez del Pulgar","createdAt":"2026-03-25T16:02:07.374Z","email":"adaw24jperez@inslaferreria.cat","imatge":"https://res.cloudinary.com/dcknfjzss/image/upload/v1776691271/bvcxjwv4hsfcqxvwr6v4.jpg","nom":"Joel","rol":"admin","token":"eyJhbGciOiJIUzI1NiIsInR5cCI6IkpXVCJ9.eyJpZCI6IjY5YzQwNmZmMmRhOGViODE5ZWZmZjM4YyIsInJvbCI6ImFkbWluIiwiaWF0IjoxNzc2NjkyMjIyLCJleHAiOjE3NzY2OTMxMjJ9.9iN77LvFmLsEqfL-YgKk7EDAZ7lVSCRD4x-DTfTurCM","updatedAt":"2026-04-20T13:21:11.352Z","username":"Miniboo"},"level":"info","message":"[FRONTEND] Parsed Lobby data","timestamp":"2026-04-20T13:37:05.522Z"}
{"level":"info","message":"Incoming request: POST /api/logs","timestamp":"2026-04-20T13:37:05.528Z"}
{"details":"admin","level":"info","message":"[FRONTEND] Current role in Lobby","timestamp":"2026-04-20T13:37:05.529Z"}
{"level":"info","message":"Incoming request: GET /api/dashboard","timestamp":"2026-04-20T13:37:05.533Z"}
{"level":"info","message":"Incoming request: POST /api/logs","timestamp":"2026-04-20T13:37:06.609Z"}
{"details":"{\"_id\":\"69c406ff2da8eb819efff38c\",\"nom\":\"Joel\",\"cognom1\":\"Perez\",\"cognom2\":\"Gomez del Pulgar\",\"email\":\"adaw24jperez@inslaferreria.cat\",\"username\":\"Miniboo\",\"imatge\":\"https://res.cloudinary.com/dcknfjzss/image/upload/v1776691271/bvcxjwv4hsfcqxvwr6v4.jpg\",\"rol\":\"admin\",\"createdAt\":\"2026-03-25T16:02:07.374Z\",\"updatedAt\":\"2026-04-20T13:21:11.352Z\",\"__v\":0,\"token\":\"eyJhbGciOiJIUzI1NiIsInR5cCI6IkpXVCJ9.eyJpZCI6IjY5YzQwNmZmMmRhOGViODE5ZWZmZjM4YyIsInJvbCI6ImFkbWluIiwiaWF0IjoxNzc2NjkyMjIyLCJleHAiOjE3NzY2OTMxMjJ9.9iN77LvFmLsEqfL-YgKk7EDAZ7lVSCRD4x-DTfTurCM\"}","level":"info","message":"[FRONTEND] Lobby localStorage data","timestamp":"2026-04-20T13:37:06.610Z"}
{"level":"info","message":"Incoming request: POST /api/logs","timestamp":"2026-04-20T13:37:06.615Z"}
{"details":{"__v":0,"_id":"69c406ff2da8eb819efff38c","cognom1":"Perez","cognom2":"Gomez del Pulgar","createdAt":"2026-03-25T16:02:07.374Z","email":"adaw24jperez@inslaferreria.cat","imatge":"https://res.cloudinary.com/dcknfjzss/image/upload/v1776691271/bvcxjwv4hsfcqxvwr6v4.jpg","nom":"Joel","rol":"admin","token":"eyJhbGciOiJIUzI1NiIsInR5cCI6IkpXVCJ9.eyJpZCI6IjY5YzQwNmZmMmRhOGViODE5ZWZmZjM4YyIsInJvbCI6ImFkbWluIiwiaWF0IjoxNzc2NjkyMjIyLCJleHAiOjE3NzY2OTMxMjJ9.9iN77LvFmLsEqfL-YgKk7EDAZ7lVSCRD4x-DTfTurCM","updatedAt":"2026-04-20T13:21:11.352Z","username":"Miniboo"},"level":"info","message":"[FRONTEND] Parsed Lobby data","timestamp":"2026-04-20T13:37:06.616Z"}
{"level":"info","message":"Incoming request: POST /api/logs","timestamp":"2026-04-20T13:37:06.619Z"}
{"details":"admin","level":"info","message":"[FRONTEND] Current role in Lobby","timestamp":"2026-04-20T13:37:06.619Z"}
{"level":"info","message":"Incoming request: GET /api/dashboard","timestamp":"2026-04-20T13:37:06.620Z"}
{"level":"info","message":"Incoming request: POST /api/logs","timestamp":"2026-04-20T13:37:07.920Z"}
{"details":{},"level":"info","message":"[FRONTEND] Lobby localStorage data","timestamp":"2026-04-20T13:37:07.920Z"}
{"level":"info","message":"Incoming request: GET /api/dashboard","timestamp":"2026-04-20T13:37:07.921Z"}
{"level":"info","message":"Incoming request: POST /api/logs","timestamp":"2026-04-20T13:37:07.945Z"}
{"details":{"error":{"error":"Token no válido"},"headers":{"lazyUpdate":null,"normalizedNames":{}},"message":"Http failure response for http://localhost:5100/api/dashboard: 401 Unauthorized","name":"HttpErrorResponse","ok":false,"status":401,"statusText":"Unauthorized","url":"http://localhost:5100/api/dashboard"},"level":"error","message":"[FRONTEND] Error loading dashboard data","timestamp":"2026-04-20T13:37:07.945Z"}
{"level":"info","message":"Incoming request: POST /api/logs","timestamp":"2026-04-20T13:37:08.637Z"}
{"details":{},"level":"info","message":"[FRONTEND] Lobby localStorage data","timestamp":"2026-04-20T13:37:08.637Z"}
{"level":"info","message":"Incoming request: GET /api/dashboard","timestamp":"2026-04-20T13:37:08.639Z"}
{"level":"info","message":"Incoming request: POST /api/logs","timestamp":"2026-04-20T13:37:08.656Z"}
{"details":{"error":{"error":"Token no válido"},"headers":{"lazyUpdate":null,"normalizedNames":{}},"message":"Http failure response for http://localhost:5100/api/dashboard: 401 Unauthorized","name":"HttpErrorResponse","ok":false,"status":401,"statusText":"Unauthorized","url":"http://localhost:5100/api/dashboard"},"level":"error","message":"[FRONTEND] Error loading dashboard data","timestamp":"2026-04-20T13:37:08.657Z"}
{"level":"info","message":"Incoming request: POST /api/logs","timestamp":"2026-04-20T13:37:09.008Z"}
{"details":{},"level":"info","message":"[FRONTEND] Lobby localStorage data","timestamp":"2026-04-20T13:37:09.009Z"}
{"level":"info","message":"Incoming request: GET /api/dashboard","timestamp":"2026-04-20T13:37:09.018Z"}
{"level":"info","message":"Incoming request: POST /api/logs","timestamp":"2026-04-20T13:37:09.040Z"}
{"details":{"error":{"error":"Token no válido"},"headers":{"lazyUpdate":null,"normalizedNames":{}},"message":"Http failure response for http://localhost:5100/api/dashboard: 401 Unauthorized","name":"HttpErrorResponse","ok":false,"status":401,"statusText":"Unauthorized","url":"http://localhost:5100/api/dashboard"},"level":"error","message":"[FRONTEND] Error loading dashboard data","timestamp":"2026-04-20T13:37:09.041Z"}
{"level":"info","message":"Incoming request: POST /api/logs","timestamp":"2026-04-20T13:37:13.711Z"}
{"details":{},"level":"info","message":"[FRONTEND] Lobby localStorage data","timestamp":"2026-04-20T13:37:13.711Z"}
{"level":"info","message":"Incoming request: GET /api/dashboard","timestamp":"2026-04-20T13:37:13.712Z"}
{"level":"info","message":"Incoming request: POST /api/logs","timestamp":"2026-04-20T13:37:13.733Z"}
{"details":{"error":{"error":"Token no válido"},"headers":{"lazyUpdate":null,"normalizedNames":{}},"message":"Http failure response for http://localhost:5100/api/dashboard: 401 Unauthorized","name":"HttpErrorResponse","ok":false,"status":401,"statusText":"Unauthorized","url":"http://localhost:5100/api/dashboard"},"level":"error","message":"[FRONTEND] Error loading dashboard data","timestamp":"2026-04-20T13:37:13.734Z"}
{"level":"info","message":"Incoming request: POST /api/login","timestamp":"2026-04-20T13:37:29.417Z"}
{"level":"info","message":"Login correcto: Miniboo","timestamp":"2026-04-20T13:37:29.452Z"}
{"level":"info","message":"Incoming request: POST /api/logs","timestamp":"2026-04-20T13:37:29.537Z"}
{"details":"{\"_id\":\"69c406ff2da8eb819efff38c\",\"nom\":\"Joel\",\"cognom1\":\"Perez\",\"cognom2\":\"Gomez del Pulgar\",\"email\":\"adaw24jperez@inslaferreria.cat\",\"username\":\"Miniboo\",\"imatge\":\"https://res.cloudinary.com/dcknfjzss/image/upload/v1776691271/bvcxjwv4hsfcqxvwr6v4.jpg\",\"rol\":\"admin\",\"createdAt\":\"2026-03-25T16:02:07.374Z\",\"updatedAt\":\"2026-04-20T13:21:11.352Z\",\"__v\":0,\"token\":\"eyJhbGciOiJIUzI1NiIsInR5cCI6IkpXVCJ9.eyJpZCI6IjY5YzQwNmZmMmRhOGViODE5ZWZmZjM4YyIsInJvbCI6ImFkbWluIiwiaWF0IjoxNzc2NjkyMjQ5LCJleHAiOjE3NzY2OTMxNDl9.CxeQqJ51q1zwdKiqhyfLVhsd1cwQfCMqmggdJzQ0x44\"}","level":"info","message":"[FRONTEND] Lobby localStorage data","timestamp":"2026-04-20T13:37:29.537Z"}
{"level":"info","message":"Incoming request: POST /api/logs","timestamp":"2026-04-20T13:37:29.542Z"}
{"details":{"__v":0,"_id":"69c406ff2da8eb819efff38c","cognom1":"Perez","cognom2":"Gomez del Pulgar","createdAt":"2026-03-25T16:02:07.374Z","email":"adaw24jperez@inslaferreria.cat","imatge":"https://res.cloudinary.com/dcknfjzss/image/upload/v1776691271/bvcxjwv4hsfcqxvwr6v4.jpg","nom":"Joel","rol":"admin","token":"eyJhbGciOiJIUzI1NiIsInR5cCI6IkpXVCJ9.eyJpZCI6IjY5YzQwNmZmMmRhOGViODE5ZWZmZjM4YyIsInJvbCI6ImFkbWluIiwiaWF0IjoxNzc2NjkyMjQ5LCJleHAiOjE3NzY2OTMxNDl9.CxeQqJ51q1zwdKiqhyfLVhsd1cwQfCMqmggdJzQ0x44","updatedAt":"2026-04-20T13:21:11.352Z","username":"Miniboo"},"level":"info","message":"[FRONTEND] Parsed Lobby data","timestamp":"2026-04-20T13:37:29.542Z"}
{"level":"info","message":"Incoming request: POST /api/logs","timestamp":"2026-04-20T13:37:29.544Z"}
{"details":"admin","level":"info","message":"[FRONTEND] Current role in Lobby","timestamp":"2026-04-20T13:37:29.545Z"}
{"level":"info","message":"Incoming request: GET /api/dashboard","timestamp":"2026-04-20T13:37:29.546Z"}
{"level":"info","message":"Incoming request: POST /api/login","timestamp":"2026-04-20T13:38:25.872Z"}
{"level":"info","message":"Login correcto: Miniboo","timestamp":"2026-04-20T13:38:25.908Z"}
{"level":"info","message":"Incoming request: POST /api/logs","timestamp":"2026-04-20T13:38:25.960Z"}
{"details":"{\"_id\":\"69c406ff2da8eb819efff38c\",\"nom\":\"Joel\",\"cognom1\":\"Perez\",\"cognom2\":\"Gomez del Pulgar\",\"email\":\"adaw24jperez@inslaferreria.cat\",\"username\":\"Miniboo\",\"imatge\":\"https://res.cloudinary.com/dcknfjzss/image/upload/v1776691271/bvcxjwv4hsfcqxvwr6v4.jpg\",\"rol\":\"admin\",\"createdAt\":\"2026-03-25T16:02:07.374Z\",\"updatedAt\":\"2026-04-20T13:21:11.352Z\",\"__v\":0,\"token\":\"eyJhbGciOiJIUzI1NiIsInR5cCI6IkpXVCJ9.eyJpZCI6IjY5YzQwNmZmMmRhOGViODE5ZWZmZjM4YyIsInJvbCI6ImFkbWluIiwiaWF0IjoxNzc2NjkyMzA1LCJleHAiOjE3NzY2OTMyMDV9.WdssdsM6n1clJ2_3-ObLZP2yPTwTGY3ohIj-_rfAilk\"}","level":"info","message":"[FRONTEND] Lobby localStorage data","timestamp":"2026-04-20T13:38:25.960Z"}
{"level":"info","message":"Incoming request: POST /api/logs","timestamp":"2026-04-20T13:38:25.961Z"}
{"details":{"__v":0,"_id":"69c406ff2da8eb819efff38c","cognom1":"Perez","cognom2":"Gomez del Pulgar","createdAt":"2026-03-25T16:02:07.374Z","email":"adaw24jperez@inslaferreria.cat","imatge":"https://res.cloudinary.com/dcknfjzss/image/upload/v1776691271/bvcxjwv4hsfcqxvwr6v4.jpg","nom":"Joel","rol":"admin","token":"eyJhbGciOiJIUzI1NiIsInR5cCI6IkpXVCJ9.eyJpZCI6IjY5YzQwNmZmMmRhOGViODE5ZWZmZjM4YyIsInJvbCI6ImFkbWluIiwiaWF0IjoxNzc2NjkyMzA1LCJleHAiOjE3NzY2OTMyMDV9.WdssdsM6n1clJ2_3-ObLZP2yPTwTGY3ohIj-_rfAilk","updatedAt":"2026-04-20T13:21:11.352Z","username":"Miniboo"},"level":"info","message":"[FRONTEND] Parsed Lobby data","timestamp":"2026-04-20T13:38:25.962Z"}
{"level":"info","message":"Incoming request: POST /api/logs","timestamp":"2026-04-20T13:38:25.964Z"}
{"details":"admin","level":"info","message":"[FRONTEND] Current role in Lobby","timestamp":"2026-04-20T13:38:25.965Z"}
{"level":"info","message":"Incoming request: GET /api/dashboard","timestamp":"2026-04-20T13:38:25.967Z"}
{"level":"info","message":"Incoming request: GET /api/user","timestamp":"2026-04-20T13:38:30.506Z"}
{"level":"info","message":"Incoming request: GET /api/dashboard","timestamp":"2026-04-20T13:38:37.621Z"}
{"level":"info","message":"Incoming request: GET /api/user","timestamp":"2026-04-20T13:44:31.550Z"}
{"level":"info","message":"Servidor corriendose en el puerto 5100","timestamp":"2026-04-20T13:55:46.777Z"}
{"level":"info","message":"Servidor corriendose en el puerto 5100","timestamp":"2026-04-20T13:55:48.949Z"}
{"level":"info","message":"Servidor corriendose en el puerto 5100","timestamp":"2026-04-20T13:55:51.304Z"}
{"level":"info","message":"Servidor corriendose en el puerto 5100","timestamp":"2026-04-20T13:57:44.245Z"}
{"level":"info","message":"Incoming request: PUT /api/user/69c40bd050ae17753f8a0b08","timestamp":"2026-04-20T14:02:01.430Z"}
{"level":"info","message":"Incoming request: POST /api/logs","timestamp":"2026-04-20T14:02:06.731Z"}
{"details":"{\"_id\":\"69c406ff2da8eb819efff38c\",\"nom\":\"Joel\",\"cognom1\":\"Perez\",\"cognom2\":\"Gomez del Pulgar\",\"email\":\"adaw24jperez@inslaferreria.cat\",\"username\":\"Miniboo\",\"imatge\":\"https://res.cloudinary.com/dcknfjzss/image/upload/v1776691271/bvcxjwv4hsfcqxvwr6v4.jpg\",\"rol\":\"admin\",\"createdAt\":\"2026-03-25T16:02:07.374Z\",\"updatedAt\":\"2026-04-20T13:21:11.352Z\",\"__v\":0,\"token\":\"eyJhbGciOiJIUzI1NiIsInR5cCI6IkpXVCJ9.eyJpZCI6IjY5YzQwNmZmMmRhOGViODE5ZWZmZjM4YyIsInJvbCI6ImFkbWluIiwiaWF0IjoxNzc2NjkyMzA1LCJleHAiOjE3NzY2OTMyMDV9.WdssdsM6n1clJ2_3-ObLZP2yPTwTGY3ohIj-_rfAilk\"}","level":"info","message":"[FRONTEND] Lobby localStorage data","timestamp":"2026-04-20T14:02:06.733Z"}
{"level":"info","message":"Incoming request: POST /api/logs","timestamp":"2026-04-20T14:02:06.736Z"}
{"details":"admin","level":"info","message":"[FRONTEND] Current role in Lobby","timestamp":"2026-04-20T14:02:06.737Z"}
{"level":"info","message":"Incoming request: POST /api/logs","timestamp":"2026-04-20T14:02:06.743Z"}
{"details":{"__v":0,"_id":"69c406ff2da8eb819efff38c","cognom1":"Perez","cognom2":"Gomez del Pulgar","createdAt":"2026-03-25T16:02:07.374Z","email":"adaw24jperez@inslaferreria.cat","imatge":"https://res.cloudinary.com/dcknfjzss/image/upload/v1776691271/bvcxjwv4hsfcqxvwr6v4.jpg","nom":"Joel","rol":"admin","token":"eyJhbGciOiJIUzI1NiIsInR5cCI6IkpXVCJ9.eyJpZCI6IjY5YzQwNmZmMmRhOGViODE5ZWZmZjM4YyIsInJvbCI6ImFkbWluIiwiaWF0IjoxNzc2NjkyMzA1LCJleHAiOjE3NzY2OTMyMDV9.WdssdsM6n1clJ2_3-ObLZP2yPTwTGY3ohIj-_rfAilk","updatedAt":"2026-04-20T13:21:11.352Z","username":"Miniboo"},"level":"info","message":"[FRONTEND] Parsed Lobby data","timestamp":"2026-04-20T14:02:06.743Z"}
{"level":"info","message":"Incoming request: GET /api/user","timestamp":"2026-04-20T14:02:06.746Z"}
{"level":"info","message":"Incoming request: POST /api/logs","timestamp":"2026-04-20T14:02:06.763Z"}
{"details":{"error":{"error":"Token no válido"},"headers":{"lazyUpdate":null,"normalizedNames":{}},"message":"Http failure response for http://localhost:5100/api/user: 401 Unauthorized","name":"HttpErrorResponse","ok":false,"status":401,"statusText":"Unauthorized","url":"http://localhost:5100/api/user"},"level":"error","message":"[FRONTEND] Error loading users","timestamp":"2026-04-20T14:02:06.764Z"}
{"level":"info","message":"Incoming request: POST /api/login","timestamp":"2026-04-20T14:02:12.774Z"}
{"level":"info","message":"Login correcto: Miniboo","timestamp":"2026-04-20T14:02:12.832Z"}
{"level":"info","message":"Incoming request: POST /api/logs","timestamp":"2026-04-20T14:02:12.895Z"}
{"details":"{\"_id\":\"69c406ff2da8eb819efff38c\",\"nom\":\"Joel\",\"cognom1\":\"Perez\",\"cognom2\":\"Gomez del Pulgar\",\"email\":\"adaw24jperez@inslaferreria.cat\",\"username\":\"Miniboo\",\"imatge\":\"https://res.cloudinary.com/dcknfjzss/image/upload/v1776691271/bvcxjwv4hsfcqxvwr6v4.jpg\",\"rol\":\"admin\",\"createdAt\":\"2026-03-25T16:02:07.374Z\",\"updatedAt\":\"2026-04-20T13:21:11.352Z\",\"__v\":0,\"token\":\"eyJhbGciOiJIUzI1NiIsInR5cCI6IkpXVCJ9.eyJpZCI6IjY5YzQwNmZmMmRhOGViODE5ZWZmZjM4YyIsInJvbCI6ImFkbWluIiwiaWF0IjoxNzc2NjkzNzMyLCJleHAiOjE3NzY2OTQ2MzJ9.Z3VyQc087lN19gVMqOSqMnOn4UYu75zIWNTXZSD7z98\"}","level":"info","message":"[FRONTEND] Lobby localStorage data","timestamp":"2026-04-20T14:02:12.897Z"}
{"level":"info","message":"Incoming request: POST /api/logs","timestamp":"2026-04-20T14:02:12.899Z"}
{"details":{"__v":0,"_id":"69c406ff2da8eb819efff38c","cognom1":"Perez","cognom2":"Gomez del Pulgar","createdAt":"2026-03-25T16:02:07.374Z","email":"adaw24jperez@inslaferreria.cat","imatge":"https://res.cloudinary.com/dcknfjzss/image/upload/v1776691271/bvcxjwv4hsfcqxvwr6v4.jpg","nom":"Joel","rol":"admin","token":"eyJhbGciOiJIUzI1NiIsInR5cCI6IkpXVCJ9.eyJpZCI6IjY5YzQwNmZmMmRhOGViODE5ZWZmZjM4YyIsInJvbCI6ImFkbWluIiwiaWF0IjoxNzc2NjkzNzMyLCJleHAiOjE3NzY2OTQ2MzJ9.Z3VyQc087lN19gVMqOSqMnOn4UYu75zIWNTXZSD7z98","updatedAt":"2026-04-20T13:21:11.352Z","username":"Miniboo"},"level":"info","message":"[FRONTEND] Parsed Lobby data","timestamp":"2026-04-20T14:02:12.901Z"}
{"level":"info","message":"Incoming request: GET /api/dashboard","timestamp":"2026-04-20T14:02:12.909Z"}
{"level":"info","message":"Incoming request: POST /api/logs","timestamp":"2026-04-20T14:02:12.916Z"}
{"details":"admin","level":"info","message":"[FRONTEND] Current role in Lobby","timestamp":"2026-04-20T14:02:12.917Z"}
{"level":"info","message":"Incoming request: GET /api/user","timestamp":"2026-04-20T14:02:13.997Z"}
{"level":"info","message":"Incoming request: PUT /api/user/69c40bd050ae17753f8a0b08","timestamp":"2026-04-20T14:02:17.808Z"}
{"level":"info","message":"Usuario actualizado: 69c40bd050ae17753f8a0b08","timestamp":"2026-04-20T14:02:19.101Z"}
{"level":"info","message":"Incoming request: GET /api/user","timestamp":"2026-04-20T14:02:19.115Z"}
{"level":"info","message":"Servidor corriendose en el puerto 5100","timestamp":"2026-04-20T14:02:53.531Z"}
{"level":"info","message":"Servidor corriendose en el puerto 5100","timestamp":"2026-04-20T14:06:45.210Z"}
{"level":"info","message":"Incoming request: POST /api/email","timestamp":"2026-04-20T14:13:45.403Z"}
{"level":"info","message":"Incoming request: POST /api/logs","timestamp":"2026-04-20T14:13:47.233Z"}
{"details":{"msg":"Correu enviat amb èxit","ok":true},"level":"info","message":"[FRONTEND] ¡Correo enviado!","timestamp":"2026-04-20T14:13:47.239Z"}
{"level":"info","message":"Incoming request: GET /api/email","timestamp":"2026-04-20T14:15:06.482Z"}
{"level":"info","message":"Servidor corriendose en el puerto 5100","timestamp":"2026-04-20T14:15:54.408Z"}
{"level":"info","message":"Servidor corriendose en el puerto 5100","timestamp":"2026-04-20T14:16:47.059Z"}
{"level":"info","message":"Incoming request: POST /api/email","timestamp":"2026-04-20T14:17:36.476Z"}
{"level":"info","message":"Incoming request: POST /api/logs","timestamp":"2026-04-20T14:17:36.572Z"}
{"details":{"error":{"msg":"El correu no existeix","ok":false},"headers":{"lazyUpdate":null,"normalizedNames":{}},"message":"Http failure response for http://localhost:5100/api/email: 404 Not Found","name":"HttpErrorResponse","ok":false,"status":404,"statusText":"Not Found","url":"http://localhost:5100/api/email"},"level":"error","message":"[FRONTEND] Error desde el servidor","timestamp":"2026-04-20T14:17:36.575Z"}
{"level":"info","message":"Incoming request: POST /api/email","timestamp":"2026-04-20T14:17:49.998Z"}
{"level":"info","message":"Incoming request: POST /api/logs","timestamp":"2026-04-20T14:17:50.099Z"}
{"details":{"error":{"msg":"El correu no existeix","ok":false},"headers":{"lazyUpdate":null,"normalizedNames":{}},"message":"Http failure response for http://localhost:5100/api/email: 404 Not Found","name":"HttpErrorResponse","ok":false,"status":404,"statusText":"Not Found","url":"http://localhost:5100/api/email"},"level":"error","message":"[FRONTEND] Error desde el servidor","timestamp":"2026-04-20T14:17:50.100Z"}
{"level":"info","message":"Incoming request: POST /api/email","timestamp":"2026-04-20T14:18:00.075Z"}
{"level":"info","message":"Incoming request: POST /api/logs","timestamp":"2026-04-20T14:18:01.383Z"}
{"details":{"msg":"Correu enviat amb èxit","ok":true},"level":"info","message":"[FRONTEND] ¡Correo enviado!","timestamp":"2026-04-20T14:18:01.385Z"}
{"level":"info","message":"Incoming request: POST /api/email","timestamp":"2026-04-20T14:18:24.762Z"}
{"level":"info","message":"Incoming request: POST /api/logs","timestamp":"2026-04-20T14:18:26.240Z"}
{"details":{"msg":"Correu enviat amb èxit","ok":true},"level":"info","message":"[FRONTEND] ¡Correo enviado!","timestamp":"2026-04-20T14:18:26.241Z"}
{"level":"info","message":"Incoming request: POST /api/email","timestamp":"2026-04-20T14:18:44.160Z"}
{"level":"info","message":"Incoming request: POST /api/logs","timestamp":"2026-04-20T14:18:44.219Z"}
{"details":{"error":{"msg":"El correu no existeix","ok":false},"headers":{"lazyUpdate":null,"normalizedNames":{}},"message":"Http failure response for http://localhost:5100/api/email: 404 Not Found","name":"HttpErrorResponse","ok":false,"status":404,"statusText":"Not Found","url":"http://localhost:5100/api/email"},"level":"error","message":"[FRONTEND] Error desde el servidor","timestamp":"2026-04-20T14:18:44.219Z"}
{"level":"info","message":"Incoming request: POST /api/login","timestamp":"2026-04-20T14:19:22.139Z"}
{"level":"info","message":"Login correcto: Miniboo","timestamp":"2026-04-20T14:19:22.186Z"}
{"level":"info","message":"Incoming request: POST /api/logs","timestamp":"2026-04-20T14:19:22.251Z"}
{"details":"{\"_id\":\"69c406ff2da8eb819efff38c\",\"nom\":\"Joel\",\"cognom1\":\"Perez\",\"cognom2\":\"Gomez del Pulgar\",\"email\":\"adaw24jperez@inslaferreria.cat\",\"username\":\"Miniboo\",\"imatge\":\"https://res.cloudinary.com/dcknfjzss/image/upload/v1776691271/bvcxjwv4hsfcqxvwr6v4.jpg\",\"rol\":\"admin\",\"createdAt\":\"2026-03-25T16:02:07.374Z\",\"updatedAt\":\"2026-04-20T13:21:11.352Z\",\"__v\":0,\"token\":\"eyJhbGciOiJIUzI1NiIsInR5cCI6IkpXVCJ9.eyJpZCI6IjY5YzQwNmZmMmRhOGViODE5ZWZmZjM4YyIsInJvbCI6ImFkbWluIiwiaWF0IjoxNzc2Njk0NzYyLCJleHAiOjE3NzY2OTU2NjJ9.pCy62c26e3vLV3thjGvQIo5tz09AlTWbLr2MRKQoZGc\"}","level":"info","message":"[FRONTEND] Lobby localStorage data","timestamp":"2026-04-20T14:19:22.251Z"}
{"level":"info","message":"Incoming request: POST /api/logs","timestamp":"2026-04-20T14:19:22.253Z"}
{"details":{"__v":0,"_id":"69c406ff2da8eb819efff38c","cognom1":"Perez","cognom2":"Gomez del Pulgar","createdAt":"2026-03-25T16:02:07.374Z","email":"adaw24jperez@inslaferreria.cat","imatge":"https://res.cloudinary.com/dcknfjzss/image/upload/v1776691271/bvcxjwv4hsfcqxvwr6v4.jpg","nom":"Joel","rol":"admin","token":"eyJhbGciOiJIUzI1NiIsInR5cCI6IkpXVCJ9.eyJpZCI6IjY5YzQwNmZmMmRhOGViODE5ZWZmZjM4YyIsInJvbCI6ImFkbWluIiwiaWF0IjoxNzc2Njk0NzYyLCJleHAiOjE3NzY2OTU2NjJ9.pCy62c26e3vLV3thjGvQIo5tz09AlTWbLr2MRKQoZGc","updatedAt":"2026-04-20T13:21:11.352Z","username":"Miniboo"},"level":"info","message":"[FRONTEND] Parsed Lobby data","timestamp":"2026-04-20T14:19:22.255Z"}
{"level":"info","message":"Incoming request: POST /api/logs","timestamp":"2026-04-20T14:19:22.257Z"}
{"details":"admin","level":"info","message":"[FRONTEND] Current role in Lobby","timestamp":"2026-04-20T14:19:22.258Z"}
{"level":"info","message":"Incoming request: GET /api/dashboard","timestamp":"2026-04-20T14:19:22.262Z"}
{"level":"info","message":"Incoming request: GET /api/user","timestamp":"2026-04-20T14:19:23.443Z"}
{"level":"info","message":"Incoming request: PUT /api/user/69c408ab50ae17753f8a0b00","timestamp":"2026-04-20T14:19:30.551Z"}
{"level":"info","message":"Usuario actualizado: 69c408ab50ae17753f8a0b00","timestamp":"2026-04-20T14:19:30.651Z"}
{"level":"info","message":"Incoming request: GET /api/user","timestamp":"2026-04-20T14:19:30.679Z"}
{"level":"info","message":"Incoming request: PUT /api/user/69c40bd050ae17753f8a0b08","timestamp":"2026-04-20T14:19:36.631Z"}
{"level":"info","message":"Usuario actualizado: 69c40bd050ae17753f8a0b08","timestamp":"2026-04-20T14:19:36.681Z"}
{"level":"info","message":"Incoming request: GET /api/user","timestamp":"2026-04-20T14:19:36.700Z"}
{"level":"info","message":"Incoming request: POST /api/email","timestamp":"2026-04-20T14:19:43.648Z"}
{"level":"info","message":"Incoming request: POST /api/logs","timestamp":"2026-04-20T14:19:44.725Z"}
{"details":{"msg":"Correu enviat amb èxit","ok":true},"level":"info","message":"[FRONTEND] ¡Correo enviado!","timestamp":"2026-04-20T14:19:44.726Z"}
{"level":"info","message":"Servidor corriendose en el puerto 5100","timestamp":"2026-04-20T14:20:19.984Z"}
{"level":"info","message":"Servidor corriendose en el puerto 5100","timestamp":"2026-04-20T14:20:21.017Z"}
{"level":"info","message":"Servidor corriendose en el puerto 5100","timestamp":"2026-04-20T14:29:18.321Z"}
{"level":"info","message":"Incoming request: POST /api/login","timestamp":"2026-04-22T14:21:39.968Z"}
{"level":"info","message":"Servidor corriendose en el puerto 5100","timestamp":"2026-04-22T14:21:45.591Z"}
{"level":"info","message":"Servidor corriendose en el puerto 5100","timestamp":"2026-04-22T14:21:46.790Z"}
{"level":"info","message":"Incoming request: POST /api/login","timestamp":"2026-04-22T14:21:52.075Z"}
{"level":"info","message":"Login correcto: Miniboo","timestamp":"2026-04-22T14:21:52.156Z"}
{"level":"info","message":"Incoming request: POST /api/logs","timestamp":"2026-04-22T14:21:52.279Z"}
{"details":"{\"_id\":\"69c406ff2da8eb819efff38c\",\"nom\":\"Joel\",\"cognom1\":\"Perez\",\"cognom2\":\"Gomez del Pulgar\",\"email\":\"adaw24jperez@inslaferreria.cat\",\"username\":\"Miniboo\",\"imatge\":\"https://res.cloudinary.com/dcknfjzss/image/upload/v1776691271/bvcxjwv4hsfcqxvwr6v4.jpg\",\"rol\":\"admin\",\"createdAt\":\"2026-03-25T16:02:07.374Z\",\"updatedAt\":\"2026-04-20T13:21:11.352Z\",\"__v\":0,\"token\":\"eyJhbGciOiJIUzI1NiIsInR5cCI6IkpXVCJ9.eyJpZCI6IjY5YzQwNmZmMmRhOGViODE5ZWZmZjM4YyIsInJvbCI6ImFkbWluIiwiaWF0IjoxNzc2ODY3NzEyLCJleHAiOjE3NzY4Njg2MTJ9.VwGt6pr4xIhDGNdZ-KzZE6yR6aSpCecK6jB0YnGGX5I\"}","level":"info","message":"[FRONTEND] Lobby localStorage data","timestamp":"2026-04-22T14:21:52.281Z"}
{"level":"info","message":"Incoming request: POST /api/logs","timestamp":"2026-04-22T14:21:52.288Z"}
{"details":{"__v":0,"_id":"69c406ff2da8eb819efff38c","cognom1":"Perez","cognom2":"Gomez del Pulgar","createdAt":"2026-03-25T16:02:07.374Z","email":"adaw24jperez@inslaferreria.cat","imatge":"https://res.cloudinary.com/dcknfjzss/image/upload/v1776691271/bvcxjwv4hsfcqxvwr6v4.jpg","nom":"Joel","rol":"admin","token":"eyJhbGciOiJIUzI1NiIsInR5cCI6IkpXVCJ9.eyJpZCI6IjY5YzQwNmZmMmRhOGViODE5ZWZmZjM4YyIsInJvbCI6ImFkbWluIiwiaWF0IjoxNzc2ODY3NzEyLCJleHAiOjE3NzY4Njg2MTJ9.VwGt6pr4xIhDGNdZ-KzZE6yR6aSpCecK6jB0YnGGX5I","updatedAt":"2026-04-20T13:21:11.352Z","username":"Miniboo"},"level":"info","message":"[FRONTEND] Parsed Lobby data","timestamp":"2026-04-22T14:21:52.289Z"}
{"level":"info","message":"Incoming request: POST /api/logs","timestamp":"2026-04-22T14:21:52.295Z"}
{"details":"admin","level":"info","message":"[FRONTEND] Current role in Lobby","timestamp":"2026-04-22T14:21:52.297Z"}
{"level":"info","message":"Incoming request: GET /api/dashboard","timestamp":"2026-04-22T14:21:52.336Z"}
{"level":"info","message":"Incoming request: POST /api/logs","timestamp":"2026-04-22T14:21:59.313Z"}
{"details":"{\"_id\":\"69c406ff2da8eb819efff38c\",\"nom\":\"Joel\",\"cognom1\":\"Perez\",\"cognom2\":\"Gomez del Pulgar\",\"email\":\"adaw24jperez@inslaferreria.cat\",\"username\":\"Miniboo\",\"imatge\":\"https://res.cloudinary.com/dcknfjzss/image/upload/v1776691271/bvcxjwv4hsfcqxvwr6v4.jpg\",\"rol\":\"admin\",\"createdAt\":\"2026-03-25T16:02:07.374Z\",\"updatedAt\":\"2026-04-20T13:21:11.352Z\",\"__v\":0,\"token\":\"eyJhbGciOiJIUzI1NiIsInR5cCI6IkpXVCJ9.eyJpZCI6IjY5YzQwNmZmMmRhOGViODE5ZWZmZjM4YyIsInJvbCI6ImFkbWluIiwiaWF0IjoxNzc2ODY3NzEyLCJleHAiOjE3NzY4Njg2MTJ9.VwGt6pr4xIhDGNdZ-KzZE6yR6aSpCecK6jB0YnGGX5I\"}","level":"info","message":"[FRONTEND] Lobby localStorage data","timestamp":"2026-04-22T14:21:59.314Z"}
{"level":"info","message":"Incoming request: POST /api/logs","timestamp":"2026-04-22T14:21:59.316Z"}
{"details":{"__v":0,"_id":"69c406ff2da8eb819efff38c","cognom1":"Perez","cognom2":"Gomez del Pulgar","createdAt":"2026-03-25T16:02:07.374Z","email":"adaw24jperez@inslaferreria.cat","imatge":"https://res.cloudinary.com/dcknfjzss/image/upload/v1776691271/bvcxjwv4hsfcqxvwr6v4.jpg","nom":"Joel","rol":"admin","token":"eyJhbGciOiJIUzI1NiIsInR5cCI6IkpXVCJ9.eyJpZCI6IjY5YzQwNmZmMmRhOGViODE5ZWZmZjM4YyIsInJvbCI6ImFkbWluIiwiaWF0IjoxNzc2ODY3NzEyLCJleHAiOjE3NzY4Njg2MTJ9.VwGt6pr4xIhDGNdZ-KzZE6yR6aSpCecK6jB0YnGGX5I","updatedAt":"2026-04-20T13:21:11.352Z","username":"Miniboo"},"level":"info","message":"[FRONTEND] Parsed Lobby data","timestamp":"2026-04-22T14:21:59.317Z"}
{"level":"info","message":"Incoming request: POST /api/logs","timestamp":"2026-04-22T14:21:59.320Z"}
{"details":"admin","level":"info","message":"[FRONTEND] Current role in Lobby","timestamp":"2026-04-22T14:21:59.322Z"}
{"level":"info","message":"Incoming request: POST /api/logs","timestamp":"2026-04-22T14:22:46.249Z"}
{"details":{},"level":"info","message":"[FRONTEND] Lobby localStorage data","timestamp":"2026-04-22T14:22:46.249Z"}
{"level":"info","message":"Incoming request: POST /api/logs","timestamp":"2026-04-22T14:23:31.317Z"}
{"details":{},"level":"info","message":"[FRONTEND] Lobby localStorage data","timestamp":"2026-04-22T14:23:31.318Z"}
{"level":"info","message":"Incoming request: POST /api/register","timestamp":"2026-04-22T14:26:41.709Z"}
{"level":"info","message":"Nuevo usuario registrado públicamente: Cussy","timestamp":"2026-04-22T14:26:43.012Z"}
{"level":"info","message":"Incoming request: POST /api/login","timestamp":"2026-04-22T14:26:49.510Z"}
{"level":"info","message":"Login correcto: Cussy","timestamp":"2026-04-22T14:26:49.548Z"}
{"level":"info","message":"Incoming request: POST /api/logs","timestamp":"2026-04-22T14:26:49.602Z"}
{"details":"{\"_id\":\"69e8daa2f873ae72d9b1b1c7\",\"nom\":\"Albert\",\"cognom1\":\"Cusido\",\"cognom2\":\"\",\"email\":\"adaw24acusido@inslaferreria.cat\",\"username\":\"Cussy\",\"imatge\":\"https://res.cloudinary.com/dcknfjzss/image/upload/v1776868002/umtwmfm06huuwbx9lsn4.webp\",\"rol\":\"usuari\",\"createdAt\":\"2026-04-22T14:26:42.959Z\",\"updatedAt\":\"2026-04-22T14:26:42.959Z\",\"__v\":0,\"token\":\"eyJhbGciOiJIUzI1NiIsInR5cCI6IkpXVCJ9.eyJpZCI6IjY5ZThkYWEyZjg3M2FlNzJkOWIxYjFjNyIsInJvbCI6InVzdWFyaSIsImlhdCI6MTc3Njg2ODAwOSwiZXhwIjoxNzc2ODY4OTA5fQ.PV3kMlXi3u1aeI_0q4uHZawysdTYfQ7VFCSQViVa6w0\"}","level":"info","message":"[FRONTEND] Lobby localStorage data","timestamp":"2026-04-22T14:26:49.603Z"}
{"level":"info","message":"Incoming request: POST /api/logs","timestamp":"2026-04-22T14:26:49.605Z"}
{"details":{"__v":0,"_id":"69e8daa2f873ae72d9b1b1c7","cognom1":"Cusido","cognom2":"","createdAt":"2026-04-22T14:26:42.959Z","email":"adaw24acusido@inslaferreria.cat","imatge":"https://res.cloudinary.com/dcknfjzss/image/upload/v1776868002/umtwmfm06huuwbx9lsn4.webp","nom":"Albert","rol":"usuari","token":"eyJhbGciOiJIUzI1NiIsInR5cCI6IkpXVCJ9.eyJpZCI6IjY5ZThkYWEyZjg3M2FlNzJkOWIxYjFjNyIsInJvbCI6InVzdWFyaSIsImlhdCI6MTc3Njg2ODAwOSwiZXhwIjoxNzc2ODY4OTA5fQ.PV3kMlXi3u1aeI_0q4uHZawysdTYfQ7VFCSQViVa6w0","updatedAt":"2026-04-22T14:26:42.959Z","username":"Cussy"},"level":"info","message":"[FRONTEND] Parsed Lobby data","timestamp":"2026-04-22T14:26:49.605Z"}
{"level":"info","message":"Incoming request: POST /api/logs","timestamp":"2026-04-22T14:26:49.608Z"}
{"details":"usuari","level":"info","message":"[FRONTEND] Current role in Lobby","timestamp":"2026-04-22T14:26:49.608Z"}
{"level":"info","message":"Incoming request: GET /api/permis","timestamp":"2026-04-22T14:26:49.611Z"}
{"level":"info","message":"Incoming request: POST /api/login","timestamp":"2026-04-22T14:26:57.953Z"}
{"level":"info","message":"Login correcto: Miniboo","timestamp":"2026-04-22T14:26:57.986Z"}
{"level":"info","message":"Incoming request: POST /api/logs","timestamp":"2026-04-22T14:26:58.048Z"}
{"details":"{\"_id\":\"69c406ff2da8eb819efff38c\",\"nom\":\"Joel\",\"cognom1\":\"Perez\",\"cognom2\":\"Gomez del Pulgar\",\"email\":\"adaw24jperez@inslaferreria.cat\",\"username\":\"Miniboo\",\"imatge\":\"https://res.cloudinary.com/dcknfjzss/image/upload/v1776691271/bvcxjwv4hsfcqxvwr6v4.jpg\",\"rol\":\"admin\",\"createdAt\":\"2026-03-25T16:02:07.374Z\",\"updatedAt\":\"2026-04-20T13:21:11.352Z\",\"__v\":0,\"token\":\"eyJhbGciOiJIUzI1NiIsInR5cCI6IkpXVCJ9.eyJpZCI6IjY5YzQwNmZmMmRhOGViODE5ZWZmZjM4YyIsInJvbCI6ImFkbWluIiwiaWF0IjoxNzc2ODY4MDE3LCJleHAiOjE3NzY4Njg5MTd9.l15XQdabdr8OjVvwurfQLYW_fyHJAWnVvupS9Piu_g8\"}","level":"info","message":"[FRONTEND] Lobby localStorage data","timestamp":"2026-04-22T14:26:58.048Z"}
{"level":"info","message":"Incoming request: POST /api/logs","timestamp":"2026-04-22T14:26:58.049Z"}
{"details":{"__v":0,"_id":"69c406ff2da8eb819efff38c","cognom1":"Perez","cognom2":"Gomez del Pulgar","createdAt":"2026-03-25T16:02:07.374Z","email":"adaw24jperez@inslaferreria.cat","imatge":"https://res.cloudinary.com/dcknfjzss/image/upload/v1776691271/bvcxjwv4hsfcqxvwr6v4.jpg","nom":"Joel","rol":"admin","token":"eyJhbGciOiJIUzI1NiIsInR5cCI6IkpXVCJ9.eyJpZCI6IjY5YzQwNmZmMmRhOGViODE5ZWZmZjM4YyIsInJvbCI6ImFkbWluIiwiaWF0IjoxNzc2ODY4MDE3LCJleHAiOjE3NzY4Njg5MTd9.l15XQdabdr8OjVvwurfQLYW_fyHJAWnVvupS9Piu_g8","updatedAt":"2026-04-20T13:21:11.352Z","username":"Miniboo"},"level":"info","message":"[FRONTEND] Parsed Lobby data","timestamp":"2026-04-22T14:26:58.049Z"}
{"level":"info","message":"Incoming request: POST /api/logs","timestamp":"2026-04-22T14:26:58.051Z"}
{"details":"admin","level":"info","message":"[FRONTEND] Current role in Lobby","timestamp":"2026-04-22T14:26:58.051Z"}
{"level":"info","message":"Incoming request: GET /api/dashboard","timestamp":"2026-04-22T14:26:58.060Z"}
{"level":"info","message":"Incoming request: GET /api/user","timestamp":"2026-04-22T14:26:59.209Z"}
{"level":"info","message":"Incoming request: POST /api/logs","timestamp":"2026-04-22T14:27:46.637Z"}
{"details":"{\"_id\":\"69c406ff2da8eb819efff38c\",\"nom\":\"Joel\",\"cognom1\":\"Perez\",\"cognom2\":\"Gomez del Pulgar\",\"email\":\"adaw24jperez@inslaferreria.cat\",\"username\":\"Miniboo\",\"imatge\":\"https://res.cloudinary.com/dcknfjzss/image/upload/v1776691271/bvcxjwv4hsfcqxvwr6v4.jpg\",\"rol\":\"admin\",\"createdAt\":\"2026-03-25T16:02:07.374Z\",\"updatedAt\":\"2026-04-20T13:21:11.352Z\",\"__v\":0,\"token\":\"eyJhbGciOiJIUzI1NiIsInR5cCI6IkpXVCJ9.eyJpZCI6IjY5YzQwNmZmMmRhOGViODE5ZWZmZjM4YyIsInJvbCI6ImFkbWluIiwiaWF0IjoxNzc2ODY4MDE3LCJleHAiOjE3NzY4Njg5MTd9.l15XQdabdr8OjVvwurfQLYW_fyHJAWnVvupS9Piu_g8\"}","level":"info","message":"[FRONTEND] Lobby localStorage data","timestamp":"2026-04-22T14:27:46.637Z"}
{"level":"info","message":"Incoming request: POST /api/logs","timestamp":"2026-04-22T14:27:46.641Z"}
{"details":{"__v":0,"_id":"69c406ff2da8eb819efff38c","cognom1":"Perez","cognom2":"Gomez del Pulgar","createdAt":"2026-03-25T16:02:07.374Z","email":"adaw24jperez@inslaferreria.cat","imatge":"https://res.cloudinary.com/dcknfjzss/image/upload/v1776691271/bvcxjwv4hsfcqxvwr6v4.jpg","nom":"Joel","rol":"admin","token":"eyJhbGciOiJIUzI1NiIsInR5cCI6IkpXVCJ9.eyJpZCI6IjY5YzQwNmZmMmRhOGViODE5ZWZmZjM4YyIsInJvbCI6ImFkbWluIiwiaWF0IjoxNzc2ODY4MDE3LCJleHAiOjE3NzY4Njg5MTd9.l15XQdabdr8OjVvwurfQLYW_fyHJAWnVvupS9Piu_g8","updatedAt":"2026-04-20T13:21:11.352Z","username":"Miniboo"},"level":"info","message":"[FRONTEND] Parsed Lobby data","timestamp":"2026-04-22T14:27:46.641Z"}
{"level":"info","message":"Incoming request: POST /api/logs","timestamp":"2026-04-22T14:27:46.644Z"}
{"details":"admin","level":"info","message":"[FRONTEND] Current role in Lobby","timestamp":"2026-04-22T14:27:46.645Z"}
{"level":"info","message":"Incoming request: GET /api/dashboard","timestamp":"2026-04-22T14:27:46.647Z"}
{"level":"info","message":"Incoming request: GET /api/dashboard","timestamp":"2026-04-22T17:13:01.443Z"}
{"level":"info","message":"Incoming request: POST /api/logs","timestamp":"2026-04-22T17:13:01.582Z"}
{"details":{"error":{"error":"Token no válido"},"headers":{"lazyUpdate":null,"normalizedNames":{}},"message":"Http failure response for http://localhost:5100/api/dashboard: 401 Unauthorized","name":"HttpErrorResponse","ok":false,"status":401,"statusText":"Unauthorized","url":"http://localhost:5100/api/dashboard"},"level":"error","message":"[FRONTEND] Error loading dashboard data","timestamp":"2026-04-22T17:13:01.583Z"}
{"level":"info","message":"Incoming request: POST /api/login","timestamp":"2026-04-22T17:13:06.231Z"}
{"level":"info","message":"Login correcto: Miniboo","timestamp":"2026-04-22T17:13:06.391Z"}
{"level":"info","message":"Incoming request: POST /api/logs","timestamp":"2026-04-22T17:13:06.462Z"}
{"details":"{\"_id\":\"69c406ff2da8eb819efff38c\",\"nom\":\"Joel\",\"cognom1\":\"Perez\",\"cognom2\":\"Gomez del Pulgar\",\"email\":\"adaw24jperez@inslaferreria.cat\",\"username\":\"Miniboo\",\"imatge\":\"https://res.cloudinary.com/dcknfjzss/image/upload/v1776691271/bvcxjwv4hsfcqxvwr6v4.jpg\",\"rol\":\"admin\",\"createdAt\":\"2026-03-25T16:02:07.374Z\",\"updatedAt\":\"2026-04-20T13:21:11.352Z\",\"__v\":0,\"token\":\"eyJhbGciOiJIUzI1NiIsInR5cCI6IkpXVCJ9.eyJpZCI6IjY5YzQwNmZmMmRhOGViODE5ZWZmZjM4YyIsInJvbCI6ImFkbWluIiwiaWF0IjoxNzc2ODc3OTg2LCJleHAiOjE3NzY4Nzg4ODZ9.ljv8qg3FvjV0bmcDSBIOrNNU3Bgc3tPUoJM1Y333oaM\"}","level":"info","message":"[FRONTEND] Lobby localStorage data","timestamp":"2026-04-22T17:13:06.463Z"}
{"level":"info","message":"Incoming request: POST /api/logs","timestamp":"2026-04-22T17:13:06.468Z"}
{"details":{"__v":0,"_id":"69c406ff2da8eb819efff38c","cognom1":"Perez","cognom2":"Gomez del Pulgar","createdAt":"2026-03-25T16:02:07.374Z","email":"adaw24jperez@inslaferreria.cat","imatge":"https://res.cloudinary.com/dcknfjzss/image/upload/v1776691271/bvcxjwv4hsfcqxvwr6v4.jpg","nom":"Joel","rol":"admin","token":"eyJhbGciOiJIUzI1NiIsInR5cCI6IkpXVCJ9.eyJpZCI6IjY5YzQwNmZmMmRhOGViODE5ZWZmZjM4YyIsInJvbCI6ImFkbWluIiwiaWF0IjoxNzc2ODc3OTg2LCJleHAiOjE3NzY4Nzg4ODZ9.ljv8qg3FvjV0bmcDSBIOrNNU3Bgc3tPUoJM1Y333oaM","updatedAt":"2026-04-20T13:21:11.352Z","username":"Miniboo"},"level":"info","message":"[FRONTEND] Parsed Lobby data","timestamp":"2026-04-22T17:13:06.469Z"}
{"level":"info","message":"Incoming request: POST /api/logs","timestamp":"2026-04-22T17:13:06.471Z"}
{"details":"admin","level":"info","message":"[FRONTEND] Current role in Lobby","timestamp":"2026-04-22T17:13:06.472Z"}
{"level":"info","message":"Incoming request: GET /api/dashboard","timestamp":"2026-04-22T17:13:06.480Z"}
{"level":"info","message":"Incoming request: POST /api/login","timestamp":"2026-04-22T17:13:20.471Z"}
{"level":"info","message":"Login correcto: Racso","timestamp":"2026-04-22T17:13:20.507Z"}
{"level":"info","message":"Incoming request: POST /api/logs","timestamp":"2026-04-22T17:13:20.629Z"}
{"details":"{\"_id\":\"69c408ab50ae17753f8a0b00\",\"nom\":\"Nil\",\"cognom1\":\"Martinez\",\"cognom2\":\"Gavilan\",\"email\":\"adaw24nmartinez@inslaferreria.cat\",\"username\":\"Racso\",\"imatge\":\"https://res.cloudinary.com/dcknfjzss/image/upload/v1776691363/yfixdrgpogzvelz9rz0v.png\",\"rol\":\"usuari\",\"createdAt\":\"2026-03-25T16:09:15.255Z\",\"updatedAt\":\"2026-04-20T14:19:30.591Z\",\"__v\":0,\"token\":\"eyJhbGciOiJIUzI1NiIsInR5cCI6IkpXVCJ9.eyJpZCI6IjY5YzQwOGFiNTBhZTE3NzUzZjhhMGIwMCIsInJvbCI6InVzdWFyaSIsImlhdCI6MTc3Njg3ODAwMCwiZXhwIjoxNzc2ODc4OTAwfQ.-k6Jt7ETsfgZuLftWqZpx-W8mtLlyKAWY_Ch_Xzt_d0\"}","level":"info","message":"[FRONTEND] Lobby localStorage data","timestamp":"2026-04-22T17:13:20.630Z"}
{"level":"info","message":"Incoming request: POST /api/logs","timestamp":"2026-04-22T17:13:20.655Z"}
{"details":{"__v":0,"_id":"69c408ab50ae17753f8a0b00","cognom1":"Martinez","cognom2":"Gavilan","createdAt":"2026-03-25T16:09:15.255Z","email":"adaw24nmartinez@inslaferreria.cat","imatge":"https://res.cloudinary.com/dcknfjzss/image/upload/v1776691363/yfixdrgpogzvelz9rz0v.png","nom":"Nil","rol":"usuari","token":"eyJhbGciOiJIUzI1NiIsInR5cCI6IkpXVCJ9.eyJpZCI6IjY5YzQwOGFiNTBhZTE3NzUzZjhhMGIwMCIsInJvbCI6InVzdWFyaSIsImlhdCI6MTc3Njg3ODAwMCwiZXhwIjoxNzc2ODc4OTAwfQ.-k6Jt7ETsfgZuLftWqZpx-W8mtLlyKAWY_Ch_Xzt_d0","updatedAt":"2026-04-20T14:19:30.591Z","username":"Racso"},"level":"info","message":"[FRONTEND] Parsed Lobby data","timestamp":"2026-04-22T17:13:20.655Z"}
{"level":"info","message":"Incoming request: POST /api/logs","timestamp":"2026-04-22T17:13:20.665Z"}
{"details":"usuari","level":"info","message":"[FRONTEND] Current role in Lobby","timestamp":"2026-04-22T17:13:20.666Z"}
{"level":"info","message":"Incoming request: GET /api/permis","timestamp":"2026-04-22T17:13:20.671Z"}
{"level":"info","message":"Incoming request: POST /api/login","timestamp":"2026-04-22T17:13:36.673Z"}
{"level":"info","message":"Login correcto: Miniboo","timestamp":"2026-04-22T17:13:36.708Z"}
{"level":"info","message":"Incoming request: POST /api/logs","timestamp":"2026-04-22T17:13:36.768Z"}
{"details":"{\"_id\":\"69c406ff2da8eb819efff38c\",\"nom\":\"Joel\",\"cognom1\":\"Perez\",\"cognom2\":\"Gomez del Pulgar\",\"email\":\"adaw24jperez@inslaferreria.cat\",\"username\":\"Miniboo\",\"imatge\":\"https://res.cloudinary.com/dcknfjzss/image/upload/v1776691271/bvcxjwv4hsfcqxvwr6v4.jpg\",\"rol\":\"admin\",\"createdAt\":\"2026-03-25T16:02:07.374Z\",\"updatedAt\":\"2026-04-20T13:21:11.352Z\",\"__v\":0,\"token\":\"eyJhbGciOiJIUzI1NiIsInR5cCI6IkpXVCJ9.eyJpZCI6IjY5YzQwNmZmMmRhOGViODE5ZWZmZjM4YyIsInJvbCI6ImFkbWluIiwiaWF0IjoxNzc2ODc4MDE2LCJleHAiOjE3NzY4Nzg5MTZ9.eon41_hfUnlHWPuDpyrvHuHt-uDiV27rsfAy3aUyx50\"}","level":"info","message":"[FRONTEND] Lobby localStorage data","timestamp":"2026-04-22T17:13:36.769Z"}
{"level":"info","message":"Incoming request: POST /api/logs","timestamp":"2026-04-22T17:13:36.774Z"}
{"details":{"__v":0,"_id":"69c406ff2da8eb819efff38c","cognom1":"Perez","cognom2":"Gomez del Pulgar","createdAt":"2026-03-25T16:02:07.374Z","email":"adaw24jperez@inslaferreria.cat","imatge":"https://res.cloudinary.com/dcknfjzss/image/upload/v1776691271/bvcxjwv4hsfcqxvwr6v4.jpg","nom":"Joel","rol":"admin","token":"eyJhbGciOiJIUzI1NiIsInR5cCI6IkpXVCJ9.eyJpZCI6IjY5YzQwNmZmMmRhOGViODE5ZWZmZjM4YyIsInJvbCI6ImFkbWluIiwiaWF0IjoxNzc2ODc4MDE2LCJleHAiOjE3NzY4Nzg5MTZ9.eon41_hfUnlHWPuDpyrvHuHt-uDiV27rsfAy3aUyx50","updatedAt":"2026-04-20T13:21:11.352Z","username":"Miniboo"},"level":"info","message":"[FRONTEND] Parsed Lobby data","timestamp":"2026-04-22T17:13:36.774Z"}
{"level":"info","message":"Incoming request: POST /api/logs","timestamp":"2026-04-22T17:13:36.777Z"}
{"details":"admin","level":"info","message":"[FRONTEND] Current role in Lobby","timestamp":"2026-04-22T17:13:36.777Z"}
{"level":"info","message":"Incoming request: GET /api/dashboard","timestamp":"2026-04-22T17:13:36.778Z"}
{"level":"info","message":"Incoming request: GET /api/user","timestamp":"2026-04-22T17:13:37.459Z"}
{"level":"info","message":"Servidor corriendose en el puerto 5100","timestamp":"2026-04-27T13:06:01.639Z"}
{"level":"info","message":"Servidor corriendose en el puerto 5100","timestamp":"2026-04-27T13:06:03.137Z"}
{"level":"info","message":"Incoming request: POST /api/login","timestamp":"2026-04-27T13:06:18.073Z"}
{"level":"info","message":"Login correcto: Miniboo","timestamp":"2026-04-27T13:06:18.172Z"}
{"level":"info","message":"Incoming request: POST /api/logs","timestamp":"2026-04-27T13:06:18.247Z"}
{"details":"{\"_id\":\"69c406ff2da8eb819efff38c\",\"nom\":\"Joel\",\"cognom1\":\"Perez\",\"cognom2\":\"Gomez del Pulgar\",\"email\":\"adaw24jperez@inslaferreria.cat\",\"username\":\"Miniboo\",\"imatge\":\"https://res.cloudinary.com/dcknfjzss/image/upload/v1776691271/bvcxjwv4hsfcqxvwr6v4.jpg\",\"rol\":\"admin\",\"createdAt\":\"2026-03-25T16:02:07.374Z\",\"updatedAt\":\"2026-04-20T13:21:11.352Z\",\"__v\":0,\"token\":\"eyJhbGciOiJIUzI1NiIsInR5cCI6IkpXVCJ9.eyJpZCI6IjY5YzQwNmZmMmRhOGViODE5ZWZmZjM4YyIsInJvbCI6ImFkbWluIiwiaWF0IjoxNzc3Mjk1MTc4LCJleHAiOjE3NzcyOTYwNzh9.nWxfxFyFuLgvUqNXAWJJT3A_Mla9TwxD1_GLdGko704\"}","level":"info","message":"[FRONTEND] Lobby localStorage data","timestamp":"2026-04-27T13:06:18.249Z"}
{"level":"info","message":"Incoming request: POST /api/logs","timestamp":"2026-04-27T13:06:18.253Z"}
{"details":{"__v":0,"_id":"69c406ff2da8eb819efff38c","cognom1":"Perez","cognom2":"Gomez del Pulgar","createdAt":"2026-03-25T16:02:07.374Z","email":"adaw24jperez@inslaferreria.cat","imatge":"https://res.cloudinary.com/dcknfjzss/image/upload/v1776691271/bvcxjwv4hsfcqxvwr6v4.jpg","nom":"Joel","rol":"admin","token":"eyJhbGciOiJIUzI1NiIsInR5cCI6IkpXVCJ9.eyJpZCI6IjY5YzQwNmZmMmRhOGViODE5ZWZmZjM4YyIsInJvbCI6ImFkbWluIiwiaWF0IjoxNzc3Mjk1MTc4LCJleHAiOjE3NzcyOTYwNzh9.nWxfxFyFuLgvUqNXAWJJT3A_Mla9TwxD1_GLdGko704","updatedAt":"2026-04-20T13:21:11.352Z","username":"Miniboo"},"level":"info","message":"[FRONTEND] Parsed Lobby data","timestamp":"2026-04-27T13:06:18.254Z"}
{"level":"info","message":"Incoming request: POST /api/logs","timestamp":"2026-04-27T13:06:18.260Z"}
{"details":"admin","level":"info","message":"[FRONTEND] Current role in Lobby","timestamp":"2026-04-27T13:06:18.260Z"}
{"level":"info","message":"Incoming request: GET /api/dashboard","timestamp":"2026-04-27T13:06:18.268Z"}
{"level":"info","message":"Servidor corriendose en el puerto 5100","timestamp":"2026-04-27T13:06:19.356Z"}
{"level":"info","message":"Incoming request: GET /api/dashboard","timestamp":"2026-04-27T13:06:19.368Z"}
{"level":"info","message":"Servidor corriendose en el puerto 5100","timestamp":"2026-04-27T13:07:20.109Z"}
{"level":"info","message":"Servidor corriendose en el puerto 5100","timestamp":"2026-04-27T13:10:52.982Z"}
{"level":"info","message":"Servidor corriendose en el puerto 5100","timestamp":"2026-04-27T13:11:12.228Z"}
{"level":"info","message":"Servidor corriendose en el puerto 5100","timestamp":"2026-04-27T13:16:10.182Z"}
{"level":"info","message":"Incoming request: POST /api/login","timestamp":"2026-04-27T13:17:10.127Z"}
{"level":"info","message":"Login correcto: Miniboo","timestamp":"2026-04-27T13:17:10.203Z"}
{"level":"info","message":"Incoming request: GET /api/me","timestamp":"2026-04-27T13:17:10.225Z"}
{"level":"info","message":"Incoming request: GET /api/dashboard","timestamp":"2026-04-27T13:17:10.312Z"}
{"level":"info","message":"Incoming request: GET /api/me","timestamp":"2026-04-27T13:17:10.318Z"}
{"level":"info","message":"Incoming request: POST /api/logs","timestamp":"2026-04-27T13:17:10.378Z"}
{"details":{"__v":0,"_id":"69c406ff2da8eb819efff38c","cognom1":"Perez","cognom2":"Gomez del Pulgar","createdAt":"2026-03-25T16:02:07.374Z","email":"adaw24jperez@inslaferreria.cat","imatge":"https://res.cloudinary.com/dcknfjzss/image/upload/v1776691271/bvcxjwv4hsfcqxvwr6v4.jpg","nom":"Joel","rol":"admin","updatedAt":"2026-04-20T13:21:11.352Z","username":"Miniboo"},"level":"info","message":"[FRONTEND] User data from server","timestamp":"2026-04-27T13:17:10.380Z"}
{"level":"info","message":"Incoming request: GET /api/me","timestamp":"2026-04-27T13:26:58.647Z"}
{"level":"info","message":"Incoming request: GET /api/me","timestamp":"2026-04-27T13:26:58.825Z"}
{"level":"info","message":"Incoming request: GET /api/dashboard","timestamp":"2026-04-27T13:26:58.870Z"}
{"level":"info","message":"Incoming request: POST /api/logs","timestamp":"2026-04-27T13:26:58.925Z"}
{"details":{"__v":0,"_id":"69c406ff2da8eb819efff38c","cognom1":"Perez","cognom2":"Gomez del Pulgar","createdAt":"2026-03-25T16:02:07.374Z","email":"adaw24jperez@inslaferreria.cat","imatge":"https://res.cloudinary.com/dcknfjzss/image/upload/v1776691271/bvcxjwv4hsfcqxvwr6v4.jpg","nom":"Joel","rol":"admin","updatedAt":"2026-04-20T13:21:11.352Z","username":"Miniboo"},"level":"info","message":"[FRONTEND] User data from server","timestamp":"2026-04-27T13:26:58.926Z"}
{"level":"info","message":"Servidor corriendose en el puerto 5100","timestamp":"2026-04-27T13:28:43.996Z"}
<<<<<<< HEAD
{"level":"info","message":"Servidor corriendose en el puerto 5100","timestamp":"2026-04-27T14:05:05.923Z"}
{"level":"info","message":"Incoming request: GET /api/me","timestamp":"2026-04-27T14:05:36.540Z"}
{"level":"info","message":"Incoming request: POST /api/login","timestamp":"2026-04-27T14:05:41.729Z"}
{"level":"info","message":"Login correcto: Miniboo","timestamp":"2026-04-27T14:05:41.798Z"}
{"level":"info","message":"Incoming request: GET /api/me","timestamp":"2026-04-27T14:05:41.814Z"}
{"level":"info","message":"Incoming request: GET /api/me","timestamp":"2026-04-27T14:05:41.927Z"}
{"level":"info","message":"Incoming request: GET /api/dashboard","timestamp":"2026-04-27T14:05:41.933Z"}
{"level":"info","message":"Incoming request: POST /api/logs","timestamp":"2026-04-27T14:05:41.995Z"}
{"details":{"__v":0,"_id":"69c406ff2da8eb819efff38c","cognom1":"Perez","cognom2":"Gomez del Pulgar","createdAt":"2026-03-25T16:02:07.374Z","email":"adaw24jperez@inslaferreria.cat","imatge":"https://res.cloudinary.com/dcknfjzss/image/upload/v1776691271/bvcxjwv4hsfcqxvwr6v4.jpg","nom":"Joel","rol":"admin","updatedAt":"2026-04-20T13:21:11.352Z","username":"Miniboo"},"level":"info","message":"[FRONTEND] User data from server","timestamp":"2026-04-27T14:05:41.998Z"}
{"level":"info","message":"Incoming request: GET /api/me","timestamp":"2026-04-27T14:05:45.630Z"}
{"level":"info","message":"Incoming request: GET /api/user","timestamp":"2026-04-27T14:05:45.696Z"}
{"level":"info","message":"Incoming request: GET /api/me","timestamp":"2026-04-27T14:05:46.242Z"}
{"level":"info","message":"Incoming request: GET /api/dashboard","timestamp":"2026-04-27T14:05:46.325Z"}
{"level":"info","message":"Servidor corriendose en el puerto 5100","timestamp":"2026-04-27T14:06:40.710Z"}
{"level":"info","message":"Servidor corriendose en el puerto 5100","timestamp":"2026-04-27T14:07:03.301Z"}
{"level":"info","message":"Servidor corriendose en el puerto 5100","timestamp":"2026-04-27T14:07:04.207Z"}
{"level":"info","message":"Servidor corriendose en el puerto 5100","timestamp":"2026-04-27T14:07:53.703Z"}
{"level":"info","message":"Servidor corriendose en el puerto 5100","timestamp":"2026-04-27T14:07:55.411Z"}
{"level":"info","message":"Servidor corriendose en el puerto 5100","timestamp":"2026-04-27T14:09:15.602Z"}
{"level":"info","message":"Servidor corriendose en el puerto 5100","timestamp":"2026-04-27T14:09:16.882Z"}
{"level":"info","message":"Servidor corriendose en el puerto 5100","timestamp":"2026-04-27T14:09:19.864Z"}
{"level":"info","message":"Servidor corriendose en el puerto 5100","timestamp":"2026-04-27T14:09:25.380Z"}
{"level":"info","message":"Servidor corriendose en el puerto 5100","timestamp":"2026-04-27T14:09:28.125Z"}
{"level":"info","message":"Servidor corriendose en el puerto 5100","timestamp":"2026-04-27T14:10:52.559Z"}
{"level":"info","message":"Servidor corriendose en el puerto 5100","timestamp":"2026-04-27T14:10:58.330Z"}
{"level":"info","message":"Servidor corriendose en el puerto 5100","timestamp":"2026-04-27T14:13:04.322Z"}
{"level":"info","message":"Servidor corriendose en el puerto 5100","timestamp":"2026-04-27T14:19:48.927Z"}
{"level":"info","message":"Servidor corriendose en el puerto 5100","timestamp":"2026-04-27T14:25:04.278Z"}
{"level":"info","message":"Servidor corriendose en el puerto 5100","timestamp":"2026-04-27T14:25:05.394Z"}
{"level":"info","message":"Servidor corriendose en el puerto 5100","timestamp":"2026-04-27T14:25:33.851Z"}
{"level":"info","message":"Servidor corriendose en el puerto 5100","timestamp":"2026-04-27T14:25:35.548Z"}
{"level":"info","message":"Servidor corriendose en el puerto 5100","timestamp":"2026-04-27T14:25:38.110Z"}
{"level":"info","message":"Servidor corriendose en el puerto 5100","timestamp":"2026-04-27T14:25:43.480Z"}
{"level":"info","message":"Servidor corriendose en el puerto 5100","timestamp":"2026-04-27T14:25:45.193Z"}
{"level":"info","message":"Servidor corriendose en el puerto 5100","timestamp":"2026-04-27T14:25:48.345Z"}
{"level":"info","message":"Servidor corriendose en el puerto 5100","timestamp":"2026-04-27T14:25:50.878Z"}
{"level":"info","message":"Servidor corriendose en el puerto 5100","timestamp":"2026-04-27T14:26:08.533Z"}
{"level":"info","message":"Servidor corriendose en el puerto 5100","timestamp":"2026-04-27T14:26:50.101Z"}
{"level":"info","message":"Incoming request: GET /api/me","timestamp":"2026-04-27T14:31:32.545Z"}
{"level":"info","message":"Servidor corriendose en el puerto 5100","timestamp":"2026-04-27T14:32:19.880Z"}
{"level":"info","message":"Servidor corriendose en el puerto 5100","timestamp":"2026-04-29T14:31:42.131Z"}
{"level":"info","message":"Servidor corriendose en el puerto 5100","timestamp":"2026-04-29T14:31:43.241Z"}
{"level":"info","message":"Incoming request: POST /login","timestamp":"2026-04-29T14:31:48.064Z"}
{"level":"info","message":"Servidor corriendose en el puerto 5100","timestamp":"2026-04-29T14:31:49.267Z"}
{"level":"info","message":"Incoming request: GET /login","timestamp":"2026-04-29T14:31:56.671Z"}
{"level":"info","message":"Incoming request: PUT /login","timestamp":"2026-04-29T14:32:00.360Z"}
{"level":"info","message":"Incoming request: HEAD /login","timestamp":"2026-04-29T14:32:03.922Z"}
{"level":"info","message":"Incoming request: POST /login","timestamp":"2026-04-29T14:32:11.839Z"}
{"level":"info","message":"Incoming request: POST /login","timestamp":"2026-04-29T14:32:20.264Z"}
{"level":"info","message":"Incoming request: POST /api/login","timestamp":"2026-04-29T14:33:16.539Z"}
{"level":"info","message":"Incoming request: POST /api/login","timestamp":"2026-04-29T14:33:41.388Z"}
{"level":"warn","message":"Login fallido: contraseña incorrecta para Miniboo","timestamp":"2026-04-29T14:33:41.455Z"}
{"level":"info","message":"Incoming request: POST /api/login","timestamp":"2026-04-29T14:33:46.012Z"}
{"level":"warn","message":"Login fallido: contraseña incorrecta para Miniboo","timestamp":"2026-04-29T14:33:46.048Z"}
{"level":"info","message":"Incoming request: POST /api/login","timestamp":"2026-04-29T14:34:01.525Z"}
{"level":"warn","message":"Login fallido: contraseña incorrecta para Miniboo","timestamp":"2026-04-29T14:34:01.565Z"}
{"level":"info","message":"Incoming request: POST /api/logs","timestamp":"2026-04-29T14:34:02.625Z"}
{"details":{"error":{"msg":"Usuari o contrasenya incorrectes","ok":false},"headers":{"lazyUpdate":null,"normalizedNames":{}},"message":"Http failure response for http://localhost:5100/api/login: 401 Unauthorized","name":"HttpErrorResponse","ok":false,"status":401,"statusText":"Unauthorized","url":"http://localhost:5100/api/login"},"level":"error","message":"[FRONTEND] Login error","timestamp":"2026-04-29T14:34:02.638Z"}
{"level":"info","message":"Incoming request: POST /api/login","timestamp":"2026-04-29T14:34:06.907Z"}
{"level":"warn","message":"Login fallido: contraseña incorrecta para Miniboo","timestamp":"2026-04-29T14:34:06.938Z"}
{"level":"info","message":"Incoming request: POST /api/logs","timestamp":"2026-04-29T14:34:07.859Z"}
{"details":{"error":{"msg":"Usuari o contrasenya incorrectes","ok":false},"headers":{"lazyUpdate":null,"normalizedNames":{}},"message":"Http failure response for http://localhost:5100/api/login: 401 Unauthorized","name":"HttpErrorResponse","ok":false,"status":401,"statusText":"Unauthorized","url":"http://localhost:5100/api/login"},"level":"error","message":"[FRONTEND] Login error","timestamp":"2026-04-29T14:34:07.861Z"}
{"level":"info","message":"Incoming request: POST /api/login","timestamp":"2026-04-29T14:34:11.357Z"}
{"level":"warn","message":"Login fallido: contraseña incorrecta para Miniboo","timestamp":"2026-04-29T14:34:11.397Z"}
{"level":"info","message":"Incoming request: POST /api/logs","timestamp":"2026-04-29T14:34:12.145Z"}
{"details":{"error":{"msg":"Usuari o contrasenya incorrectes","ok":false},"headers":{"lazyUpdate":null,"normalizedNames":{}},"message":"Http failure response for http://localhost:5100/api/login: 401 Unauthorized","name":"HttpErrorResponse","ok":false,"status":401,"statusText":"Unauthorized","url":"http://localhost:5100/api/login"},"level":"error","message":"[FRONTEND] Login error","timestamp":"2026-04-29T14:34:12.146Z"}
{"level":"info","message":"Servidor corriendose en el puerto 5100","timestamp":"2026-04-29T14:35:29.827Z"}
{"level":"info","message":"Servidor corriendose en el puerto 5100","timestamp":"2026-04-29T14:35:56.332Z"}
{"level":"info","message":"Incoming request: POST /api/login","timestamp":"2026-04-29T14:35:59.047Z"}
{"level":"warn","message":"Login fallido: contraseña incorrecta para Miniboo","timestamp":"2026-04-29T14:35:59.098Z"}
{"level":"info","message":"Servidor corriendose en el puerto 5100","timestamp":"2026-04-29T14:36:06.511Z"}
{"level":"info","message":"Incoming request: POST /api/login","timestamp":"2026-04-29T14:36:08.740Z"}
{"level":"warn","message":"Login fallido: contraseña incorrecta para Miniboo","timestamp":"2026-04-29T14:36:08.814Z"}
{"level":"info","message":"Servidor corriendose en el puerto 5100","timestamp":"2026-04-29T14:36:14.691Z"}
{"level":"info","message":"Incoming request: POST /api/login","timestamp":"2026-04-29T14:36:17.581Z"}
{"level":"warn","message":"Login fallido: contraseña incorrecta para Miniboo","timestamp":"2026-04-29T14:36:17.639Z"}
{"level":"info","message":"Servidor corriendose en el puerto 5100","timestamp":"2026-04-29T14:36:28.093Z"}
{"level":"info","message":"Incoming request: POST /api/login","timestamp":"2026-04-29T14:36:28.631Z"}
{"level":"warn","message":"Login fallido: contraseña incorrecta para Miniboo","timestamp":"2026-04-29T14:36:28.939Z"}
{"level":"info","message":"Incoming request: POST /api/register","timestamp":"2026-04-29T14:38:49.986Z"}
{"level":"info","message":"Nuevo usuario registrado públicamente: Miniboo","timestamp":"2026-04-29T14:38:50.240Z"}
{"level":"info","message":"Incoming request: POST /api/login","timestamp":"2026-04-29T14:38:56.950Z"}
{"level":"info","message":"Login correcto: Miniboo","timestamp":"2026-04-29T14:38:57.127Z"}
{"level":"info","message":"Servidor corriendose en el puerto 5100","timestamp":"2026-04-29T14:42:23.523Z"}
{"level":"info","message":"Servidor corriendose en el puerto 5100","timestamp":"2026-04-29T14:42:45.724Z"}
{"level":"info","message":"Servidor corriendose en el puerto 5100","timestamp":"2026-04-29T14:43:24.227Z"}
{"level":"info","message":"Servidor corriendose en el puerto 5100","timestamp":"2026-04-29T14:43:45.154Z"}
{"level":"info","message":"Servidor corriendose en el puerto 5100","timestamp":"2026-04-29T14:43:57.570Z"}
{"level":"info","message":"Servidor corriendose en el puerto 5100","timestamp":"2026-04-29T14:44:12.659Z"}
{"level":"info","message":"Servidor corriendose en el puerto 5100","timestamp":"2026-04-29T14:45:35.343Z"}
{"level":"info","message":"Servidor corriendose en el puerto 5100","timestamp":"2026-04-29T14:46:55.405Z"}
{"level":"info","message":"Servidor corriendose en el puerto 5100","timestamp":"2026-04-29T14:47:40.310Z"}
{"level":"info","message":"Servidor corriendose en el puerto 5100","timestamp":"2026-04-29T14:48:42.264Z"}
{"level":"info","message":"Servidor corriendose en el puerto 5100","timestamp":"2026-04-29T14:49:02.593Z"}
{"level":"info","message":"Servidor corriendose en el puerto 5100","timestamp":"2026-04-29T14:51:11.317Z"}
{"level":"info","message":"Servidor corriendose en el puerto 5100","timestamp":"2026-04-29T14:51:12.603Z"}
{"level":"info","message":"Servidor corriendose en el puerto 5100","timestamp":"2026-04-29T14:52:43.651Z"}
{"level":"info","message":"Incoming request: POST /api/login","timestamp":"2026-04-29T14:56:30.893Z"}
{"level":"info","message":"Login correcto: Miniboo","timestamp":"2026-04-29T14:56:31.212Z"}
{"level":"info","message":"Incoming request: POST /api/login","timestamp":"2026-04-29T15:10:20.098Z"}
{"level":"info","message":"Login correcto: Miniboo","timestamp":"2026-04-29T15:10:20.336Z"}
{"level":"info","message":"Incoming request: GET /api/me","timestamp":"2026-04-29T15:10:20.362Z"}
{"level":"info","message":"Incoming request: GET /api/me","timestamp":"2026-04-29T15:10:20.463Z"}
{"level":"info","message":"Incoming request: GET /api/me","timestamp":"2026-04-29T15:10:20.501Z"}
{"level":"info","message":"Incoming request: POST /api/logs","timestamp":"2026-04-29T15:10:20.536Z"}
{"details":{"__v":0,"_id":"69f217fa54bb8f0edf9bbbbe","cognom1":"Perez","cognom2":"Gomez del Pulgar","createdAt":"2026-04-29T14:38:50.179Z","email":"adaw24jperez@inslaferreria.cat","imatge":"https://www.w3schools.com/howto/img_avatar.png","nom":"Joel","refreshToken":"eyJhbGciOiJIUzI1NiIsInR5cCI6IkpXVCJ9.eyJpZCI6IjY5ZjIxN2ZhNTRiYjhmMGVkZjliYmJiZSIsInJvbCI6InVzdWFyaSIsImlhdCI6MTc3NzQ3NTQyMCwiZXhwIjoxNzc4MDgwMjIwfQ.F6jhNTKfkugIH0mcmyHMFahVbKuksq1U50BgWSZVXn0","rol":"usuari","updatedAt":"2026-04-29T15:10:20.292Z","username":"Miniboo"},"level":"info","message":"[FRONTEND] User data from server","timestamp":"2026-04-29T15:10:20.538Z"}
{"level":"info","message":"Incoming request: GET /api/permis","timestamp":"2026-04-29T15:10:20.548Z"}
=======
>>>>>>> d2ea78a07ce5653357b096f64c94c9a9df7eb440
{"level":"info","message":"Servidor corriendose en el puerto 5100","timestamp":"2026-05-04T13:23:16.828Z"}
{"level":"info","message":"Servidor corriendose en el puerto 5100","timestamp":"2026-05-04T13:23:17.948Z"}
{"level":"info","message":"Servidor corriendose en el puerto 5100","timestamp":"2026-05-04T13:25:23.066Z"}
{"level":"info","message":"Incoming request: GET /api/me","timestamp":"2026-05-04T13:25:58.101Z"}
{"level":"info","message":"Incoming request: GET /api/me","timestamp":"2026-05-04T13:25:58.214Z"}
{"level":"info","message":"Incoming request: GET /api/me","timestamp":"2026-05-04T13:25:58.252Z"}
{"level":"info","message":"Incoming request: POST /api/logs","timestamp":"2026-05-04T13:25:58.311Z"}
{"details":{"__v":0,"_id":"69f217fa54bb8f0edf9bbbbe","cognom1":"Perez","cognom2":"Gomez del Pulgar","createdAt":"2026-04-29T14:38:50.179Z","email":"adaw24jperez@inslaferreria.cat","imatge":"https://www.w3schools.com/howto/img_avatar.png","nom":"Joel","refreshToken":"eyJhbGciOiJIUzI1NiIsInR5cCI6IkpXVCJ9.eyJpZCI6IjY5ZjIxN2ZhNTRiYjhmMGVkZjliYmJiZSIsInJvbCI6InVzdWFyaSIsImlhdCI6MTc3NzQ3NTQyMCwiZXhwIjoxNzc4MDgwMjIwfQ.F6jhNTKfkugIH0mcmyHMFahVbKuksq1U50BgWSZVXn0","rol":"usuari","updatedAt":"2026-04-29T15:10:20.292Z","username":"Miniboo"},"level":"info","message":"[FRONTEND] User data from server","timestamp":"2026-05-04T13:25:58.314Z"}
{"level":"info","message":"Incoming request: GET /api/permis","timestamp":"2026-05-04T13:25:58.329Z"}
{"level":"info","message":"Servidor corriendose en el puerto 5100","timestamp":"2026-05-04T13:26:00.032Z"}
{"level":"info","message":"Incoming request: POST /api/logout","timestamp":"2026-05-04T13:26:00.147Z"}
{"level":"info","message":"Incoming request: GET /api/me","timestamp":"2026-05-04T13:26:01.889Z"}
{"level":"info","message":"Incoming request: POST /api/refresh-token","timestamp":"2026-05-04T13:26:01.939Z"}
{"level":"info","message":"Incoming request: POST /api/logs","timestamp":"2026-05-04T13:26:01.991Z"}
{"details":{"error":{"error":"Refresh token requerido"},"headers":{"lazyUpdate":null,"normalizedNames":{}},"message":"Http failure response for http://localhost:5100/api/refresh-token: 401 Unauthorized","name":"HttpErrorResponse","ok":false,"status":401,"statusText":"Unauthorized","url":"http://localhost:5100/api/refresh-token"},"level":"warn","message":"[FRONTEND] User not logged in or session expired","timestamp":"2026-05-04T13:26:01.993Z"}
{"level":"info","message":"Incoming request: GET /api/me","timestamp":"2026-05-04T13:26:07.247Z"}
{"level":"info","message":"Incoming request: POST /api/refresh-token","timestamp":"2026-05-04T13:26:07.325Z"}
{"level":"info","message":"Incoming request: POST /api/logs","timestamp":"2026-05-04T13:26:07.390Z"}
{"details":{"error":{"error":"Refresh token requerido"},"headers":{"lazyUpdate":null,"normalizedNames":{}},"message":"Http failure response for http://localhost:5100/api/refresh-token: 401 Unauthorized","name":"HttpErrorResponse","ok":false,"status":401,"statusText":"Unauthorized","url":"http://localhost:5100/api/refresh-token"},"level":"warn","message":"[FRONTEND] User not logged in or session expired","timestamp":"2026-05-04T13:26:07.392Z"}
{"level":"info","message":"Incoming request: POST /api/login","timestamp":"2026-05-04T13:26:27.729Z"}
{"level":"info","message":"Login correcto: Miniboo","timestamp":"2026-05-04T13:26:28.063Z"}
{"level":"info","message":"Incoming request: GET /api/me","timestamp":"2026-05-04T13:26:28.080Z"}
{"level":"info","message":"Incoming request: GET /api/me","timestamp":"2026-05-04T13:26:28.182Z"}
{"level":"info","message":"Incoming request: GET /api/me","timestamp":"2026-05-04T13:26:28.220Z"}
{"level":"info","message":"Incoming request: POST /api/logs","timestamp":"2026-05-04T13:26:28.230Z"}
{"details":{"__v":0,"_id":"69f217fa54bb8f0edf9bbbbe","cognom1":"Perez","cognom2":"Gomez del Pulgar","createdAt":"2026-04-29T14:38:50.179Z","email":"adaw24jperez@inslaferreria.cat","imatge":"https://www.w3schools.com/howto/img_avatar.png","nom":"Joel","refreshToken":"eyJhbGciOiJIUzI1NiIsInR5cCI6IkpXVCJ9.eyJpZCI6IjY5ZjIxN2ZhNTRiYjhmMGVkZjliYmJiZSIsInJvbCI6InVzdWFyaSIsImlhdCI6MTc3NzkwMTE4OCwiZXhwIjoxNzc4NTA1OTg4fQ.E7OMvhT3bFUEwlUcwBnMRgaI1dJa5EUq2BM8ojM7hMs","rol":"usuari","updatedAt":"2026-05-04T13:26:28.015Z","username":"Miniboo"},"level":"info","message":"[FRONTEND] User data from server","timestamp":"2026-05-04T13:26:28.231Z"}
{"level":"info","message":"Incoming request: GET /api/permis","timestamp":"2026-05-04T13:26:28.263Z"}
{"level":"info","message":"Incoming request: GET /api/me","timestamp":"2026-05-04T13:26:34.682Z"}
{"level":"info","message":"Incoming request: POST /api/refresh-token","timestamp":"2026-05-04T13:26:34.692Z"}
{"level":"info","message":"Incoming request: POST /api/login","timestamp":"2026-05-04T13:28:52.285Z"}
{"level":"info","message":"Login correcto: Miniboo","timestamp":"2026-05-04T13:28:52.572Z"}
{"level":"info","message":"Incoming request: GET /api/me","timestamp":"2026-05-04T13:28:52.586Z"}
{"level":"info","message":"Incoming request: GET /api/me","timestamp":"2026-05-04T13:28:52.693Z"}
{"level":"info","message":"Incoming request: GET /api/me","timestamp":"2026-05-04T13:28:52.733Z"}
{"level":"info","message":"Incoming request: POST /api/logs","timestamp":"2026-05-04T13:28:52.755Z"}
{"details":{"__v":0,"_id":"69f217fa54bb8f0edf9bbbbe","cognom1":"Perez","cognom2":"Gomez del Pulgar","createdAt":"2026-04-29T14:38:50.179Z","email":"adaw24jperez@inslaferreria.cat","imatge":"https://www.w3schools.com/howto/img_avatar.png","nom":"Joel","refreshToken":"eyJhbGciOiJIUzI1NiIsInR5cCI6IkpXVCJ9.eyJpZCI6IjY5ZjIxN2ZhNTRiYjhmMGVkZjliYmJiZSIsInJvbCI6InVzdWFyaSIsImlhdCI6MTc3NzkwMTMzMiwiZXhwIjoxNzc4NTA2MTMyfQ.CyZiwdylLN3Aij6sjYVerAJGCejsy2VqNUXTJQd271c","rol":"usuari","updatedAt":"2026-05-04T13:28:52.533Z","username":"Miniboo"},"level":"info","message":"[FRONTEND] User data from server","timestamp":"2026-05-04T13:28:52.756Z"}
{"level":"info","message":"Incoming request: GET /api/permis","timestamp":"2026-05-04T13:28:52.776Z"}
{"level":"info","message":"Servidor corriendose en el puerto 5100","timestamp":"2026-05-04T13:29:59.902Z"}
{"level":"info","message":"Servidor corriendose en el puerto 5100","timestamp":"2026-05-04T13:30:06.375Z"}
{"level":"info","message":"Incoming request: GET /api/me","timestamp":"2026-05-04T13:30:34.526Z"}
{"level":"info","message":"Incoming request: POST /api/refresh-token","timestamp":"2026-05-04T13:30:34.581Z"}
{"level":"info","message":"Incoming request: POST /api/login","timestamp":"2026-05-04T13:31:43.128Z"}
{"level":"info","message":"Login correcto: Miniboo","timestamp":"2026-05-04T13:31:43.365Z"}
{"level":"info","message":"Incoming request: GET /api/me","timestamp":"2026-05-04T13:31:43.382Z"}
{"level":"info","message":"Incoming request: GET /api/me","timestamp":"2026-05-04T13:31:43.489Z"}
{"level":"info","message":"Incoming request: GET /api/me","timestamp":"2026-05-04T13:31:43.522Z"}
{"level":"info","message":"Incoming request: POST /api/logs","timestamp":"2026-05-04T13:31:43.547Z"}
{"details":{"__v":0,"_id":"69f217fa54bb8f0edf9bbbbe","cognom1":"Perez","cognom2":"Gomez del Pulgar","createdAt":"2026-04-29T14:38:50.179Z","email":"adaw24jperez@inslaferreria.cat","imatge":"https://www.w3schools.com/howto/img_avatar.png","nom":"Joel","refreshToken":"eyJhbGciOiJIUzI1NiIsInR5cCI6IkpXVCJ9.eyJpZCI6IjY5ZjIxN2ZhNTRiYjhmMGVkZjliYmJiZSIsInJvbCI6InVzdWFyaSIsImlhdCI6MTc3NzkwMTUwMywiZXhwIjoxNzc4NTA2MzAzfQ.y0kwhHEuQK1jQ4aYArmYt7x9rNfA3RZnKlAwOWOrLmE","rol":"usuari","updatedAt":"2026-05-04T13:31:43.324Z","username":"Miniboo"},"level":"info","message":"[FRONTEND] User data from server","timestamp":"2026-05-04T13:31:43.548Z"}
{"level":"info","message":"Incoming request: GET /api/permis","timestamp":"2026-05-04T13:31:43.566Z"}
{"level":"info","message":"Incoming request: GET /api/me","timestamp":"2026-05-04T13:31:45.173Z"}
{"level":"info","message":"Incoming request: POST /api/renewToken","timestamp":"2026-05-04T13:31:45.200Z"}
{"level":"info","message":"Incoming request: POST /api/login","timestamp":"2026-05-04T13:32:34.633Z"}
{"level":"info","message":"Login correcto: Miniboo","timestamp":"2026-05-04T13:32:34.884Z"}
{"level":"info","message":"Incoming request: GET /api/me","timestamp":"2026-05-04T13:32:34.909Z"}
{"level":"info","message":"Incoming request: GET /api/me","timestamp":"2026-05-04T13:32:35.005Z"}
{"level":"info","message":"Incoming request: GET /api/me","timestamp":"2026-05-04T13:32:35.039Z"}
{"level":"info","message":"Incoming request: POST /api/logs","timestamp":"2026-05-04T13:32:35.062Z"}
{"details":{"__v":0,"_id":"69f217fa54bb8f0edf9bbbbe","cognom1":"Perez","cognom2":"Gomez del Pulgar","createdAt":"2026-04-29T14:38:50.179Z","email":"adaw24jperez@inslaferreria.cat","imatge":"https://www.w3schools.com/howto/img_avatar.png","nom":"Joel","refreshToken":"eyJhbGciOiJIUzI1NiIsInR5cCI6IkpXVCJ9.eyJpZCI6IjY5ZjIxN2ZhNTRiYjhmMGVkZjliYmJiZSIsInJvbCI6InVzdWFyaSIsImlhdCI6MTc3NzkwMTU1NCwiZXhwIjoxNzc4NTA2MzU0fQ.PxwRgYkALKCHnnYk7QS6k4esdbnx5r0urqgfnx1M9-U","rol":"usuari","updatedAt":"2026-05-04T13:32:34.844Z","username":"Miniboo"},"level":"info","message":"[FRONTEND] User data from server","timestamp":"2026-05-04T13:32:35.062Z"}
{"level":"info","message":"Incoming request: GET /api/permis","timestamp":"2026-05-04T13:32:35.085Z"}
{"level":"info","message":"Incoming request: GET /api/me","timestamp":"2026-05-04T13:32:39.187Z"}
{"level":"info","message":"Incoming request: POST /api/renewToken","timestamp":"2026-05-04T13:32:39.213Z"}
{"level":"info","message":"Servidor corriendose en el puerto 5100","timestamp":"2026-05-04T13:33:10.930Z"}
{"level":"info","message":"Incoming request: POST /api/login","timestamp":"2026-05-04T13:33:15.350Z"}
{"level":"info","message":"Login correcto: Miniboo","timestamp":"2026-05-04T13:33:15.656Z"}
{"level":"info","message":"Incoming request: GET /api/me","timestamp":"2026-05-04T13:33:15.689Z"}
{"level":"info","message":"Incoming request: GET /api/me","timestamp":"2026-05-04T13:33:15.818Z"}
{"level":"info","message":"Incoming request: GET /api/me","timestamp":"2026-05-04T13:33:15.852Z"}
{"level":"info","message":"Incoming request: POST /api/logs","timestamp":"2026-05-04T13:33:15.870Z"}
{"details":{"__v":0,"_id":"69f217fa54bb8f0edf9bbbbe","cognom1":"Perez","cognom2":"Gomez del Pulgar","createdAt":"2026-04-29T14:38:50.179Z","email":"adaw24jperez@inslaferreria.cat","imatge":"https://www.w3schools.com/howto/img_avatar.png","nom":"Joel","refreshToken":"eyJhbGciOiJIUzI1NiIsInR5cCI6IkpXVCJ9.eyJpZCI6IjY5ZjIxN2ZhNTRiYjhmMGVkZjliYmJiZSIsInJvbCI6InVzdWFyaSIsImlhdCI6MTc3NzkwMTU5NSwiZXhwIjoxNzc4NTA2Mzk1fQ.s_uVpIoBooxxKujv-r4AFsVRryIgPKxm81iYj7dc2FQ","rol":"usuari","updatedAt":"2026-05-04T13:33:15.610Z","username":"Miniboo"},"level":"info","message":"[FRONTEND] User data from server","timestamp":"2026-05-04T13:33:15.879Z"}
{"level":"info","message":"Incoming request: GET /api/permis","timestamp":"2026-05-04T13:33:15.934Z"}
{"level":"info","message":"Incoming request: GET /api/me","timestamp":"2026-05-04T13:33:26.780Z"}
{"level":"info","message":"Incoming request: POST /api/renewToken","timestamp":"2026-05-04T13:33:26.833Z"}
{"level":"info","message":"Incoming request: GET /api/me","timestamp":"2026-05-04T13:33:26.892Z"}
{"level":"info","message":"Incoming request: GET /api/me","timestamp":"2026-05-04T13:33:26.984Z"}
{"level":"info","message":"Incoming request: GET /api/me","timestamp":"2026-05-04T13:33:33.295Z"}
{"level":"info","message":"Incoming request: GET /api/me","timestamp":"2026-05-04T13:33:33.418Z"}
{"level":"info","message":"Incoming request: GET /api/me","timestamp":"2026-05-04T13:33:33.459Z"}
{"level":"info","message":"Incoming request: POST /api/logs","timestamp":"2026-05-04T13:33:33.492Z"}
{"details":{"__v":0,"_id":"69f217fa54bb8f0edf9bbbbe","cognom1":"Perez","cognom2":"Gomez del Pulgar","createdAt":"2026-04-29T14:38:50.179Z","email":"adaw24jperez@inslaferreria.cat","imatge":"https://www.w3schools.com/howto/img_avatar.png","nom":"Joel","refreshToken":"eyJhbGciOiJIUzI1NiIsInR5cCI6IkpXVCJ9.eyJpZCI6IjY5ZjIxN2ZhNTRiYjhmMGVkZjliYmJiZSIsInJvbCI6InVzdWFyaSIsImlhdCI6MTc3NzkwMTU5NSwiZXhwIjoxNzc4NTA2Mzk1fQ.s_uVpIoBooxxKujv-r4AFsVRryIgPKxm81iYj7dc2FQ","rol":"usuari","updatedAt":"2026-05-04T13:33:15.610Z","username":"Miniboo"},"level":"info","message":"[FRONTEND] User data from server","timestamp":"2026-05-04T13:33:33.493Z"}
{"level":"info","message":"Incoming request: GET /api/me","timestamp":"2026-05-04T13:33:34.673Z"}
{"level":"info","message":"Incoming request: GET /api/me","timestamp":"2026-05-04T13:33:34.737Z"}
{"level":"info","message":"Incoming request: GET /api/permis","timestamp":"2026-05-04T13:33:34.784Z"}
{"level":"info","message":"Incoming request: GET /api/me","timestamp":"2026-05-04T13:33:35.939Z"}
{"level":"info","message":"Incoming request: GET /api/me","timestamp":"2026-05-04T13:33:36.023Z"}
{"level":"info","message":"Incoming request: POST /api/permis","timestamp":"2026-05-04T13:34:19.549Z"}
{"level":"info","message":"Permiso created for user 69f217fa54bb8f0edf9bbbbe","timestamp":"2026-05-04T13:34:19.608Z"}
{"level":"info","message":"Incoming request: GET /api/me","timestamp":"2026-05-04T13:34:21.430Z"}
{"level":"info","message":"Incoming request: GET /api/me","timestamp":"2026-05-04T13:34:21.547Z"}
{"level":"info","message":"Incoming request: GET /api/permis","timestamp":"2026-05-04T13:34:21.597Z"}
{"level":"info","message":"Incoming request: GET /api/me","timestamp":"2026-05-04T13:34:24.381Z"}
{"level":"info","message":"Incoming request: GET /api/me","timestamp":"2026-05-04T13:34:24.522Z"}
{"level":"info","message":"Incoming request: GET /api/me","timestamp":"2026-05-04T13:34:24.554Z"}
{"level":"info","message":"Incoming request: POST /api/logs","timestamp":"2026-05-04T13:34:24.592Z"}
{"details":{"__v":0,"_id":"69f217fa54bb8f0edf9bbbbe","cognom1":"Perez","cognom2":"Gomez del Pulgar","createdAt":"2026-04-29T14:38:50.179Z","email":"adaw24jperez@inslaferreria.cat","imatge":"https://www.w3schools.com/howto/img_avatar.png","nom":"Joel","refreshToken":"eyJhbGciOiJIUzI1NiIsInR5cCI6IkpXVCJ9.eyJpZCI6IjY5ZjIxN2ZhNTRiYjhmMGVkZjliYmJiZSIsInJvbCI6InVzdWFyaSIsImlhdCI6MTc3NzkwMTU5NSwiZXhwIjoxNzc4NTA2Mzk1fQ.s_uVpIoBooxxKujv-r4AFsVRryIgPKxm81iYj7dc2FQ","rol":"usuari","updatedAt":"2026-05-04T13:33:15.610Z","username":"Miniboo"},"level":"info","message":"[FRONTEND] User data from server","timestamp":"2026-05-04T13:34:24.593Z"}
{"level":"info","message":"Incoming request: GET /api/permis","timestamp":"2026-05-04T13:34:24.616Z"}
{"level":"info","message":"Incoming request: POST /api/logout","timestamp":"2026-05-04T13:34:26.714Z"}
{"level":"info","message":"Incoming request: POST /api/login","timestamp":"2026-05-04T13:34:32.599Z"}
{"level":"info","message":"Login correcto: Miniboo","timestamp":"2026-05-04T13:34:32.875Z"}
{"level":"info","message":"Incoming request: GET /api/me","timestamp":"2026-05-04T13:34:32.888Z"}
{"level":"info","message":"Incoming request: GET /api/me","timestamp":"2026-05-04T13:34:32.966Z"}
{"level":"info","message":"Incoming request: GET /api/me","timestamp":"2026-05-04T13:34:32.997Z"}
{"level":"info","message":"Incoming request: POST /api/logs","timestamp":"2026-05-04T13:34:33.032Z"}
{"details":{"__v":0,"_id":"69f217fa54bb8f0edf9bbbbe","cognom1":"Perez","cognom2":"Gomez del Pulgar","createdAt":"2026-04-29T14:38:50.179Z","email":"adaw24jperez@inslaferreria.cat","imatge":"https://www.w3schools.com/howto/img_avatar.png","nom":"Joel","refreshToken":"eyJhbGciOiJIUzI1NiIsInR5cCI6IkpXVCJ9.eyJpZCI6IjY5ZjIxN2ZhNTRiYjhmMGVkZjliYmJiZSIsInJvbCI6InVzdWFyaSIsImlhdCI6MTc3NzkwMTY3MiwiZXhwIjoxNzc4NTA2NDcyfQ.VEVHK03SkcKWdSUdxyxHVCbf66EzQNYQRzctHeOLVsg","rol":"usuari","updatedAt":"2026-05-04T13:34:32.838Z","username":"Miniboo"},"level":"info","message":"[FRONTEND] User data from server","timestamp":"2026-05-04T13:34:33.033Z"}
{"level":"info","message":"Incoming request: GET /api/permis","timestamp":"2026-05-04T13:34:33.034Z"}
{"level":"info","message":"Incoming request: GET /api/me","timestamp":"2026-05-04T13:34:39.541Z"}
{"level":"info","message":"Incoming request: POST /api/renewToken","timestamp":"2026-05-04T13:34:39.573Z"}
{"level":"info","message":"Incoming request: GET /api/me","timestamp":"2026-05-04T13:34:39.617Z"}
{"level":"info","message":"Incoming request: GET /api/me","timestamp":"2026-05-04T13:34:39.708Z"}
{"level":"info","message":"Incoming request: GET /api/me","timestamp":"2026-05-04T13:34:53.229Z"}
{"level":"info","message":"Incoming request: GET /api/me","timestamp":"2026-05-04T13:34:53.384Z"}
{"level":"info","message":"Incoming request: GET /api/me","timestamp":"2026-05-04T13:34:53.449Z"}
{"level":"info","message":"Incoming request: POST /api/logs","timestamp":"2026-05-04T13:34:53.530Z"}
{"details":{"__v":0,"_id":"69f217fa54bb8f0edf9bbbbe","cognom1":"Perez","cognom2":"Gomez del Pulgar","createdAt":"2026-04-29T14:38:50.179Z","email":"adaw24jperez@inslaferreria.cat","imatge":"https://www.w3schools.com/howto/img_avatar.png","nom":"Joel","refreshToken":"eyJhbGciOiJIUzI1NiIsInR5cCI6IkpXVCJ9.eyJpZCI6IjY5ZjIxN2ZhNTRiYjhmMGVkZjliYmJiZSIsInJvbCI6InVzdWFyaSIsImlhdCI6MTc3NzkwMTY3MiwiZXhwIjoxNzc4NTA2NDcyfQ.VEVHK03SkcKWdSUdxyxHVCbf66EzQNYQRzctHeOLVsg","rol":"usuari","updatedAt":"2026-05-04T13:34:32.838Z","username":"Miniboo"},"level":"info","message":"[FRONTEND] User data from server","timestamp":"2026-05-04T13:34:53.531Z"}
{"level":"info","message":"Incoming request: GET /api/me","timestamp":"2026-05-04T13:34:57.206Z"}
{"level":"info","message":"Incoming request: GET /api/me","timestamp":"2026-05-04T13:34:57.342Z"}
{"level":"info","message":"Incoming request: GET /api/me","timestamp":"2026-05-04T13:34:57.475Z"}
{"level":"info","message":"Incoming request: POST /api/logs","timestamp":"2026-05-04T13:34:57.539Z"}
{"details":{"__v":0,"_id":"69f217fa54bb8f0edf9bbbbe","cognom1":"Perez","cognom2":"Gomez del Pulgar","createdAt":"2026-04-29T14:38:50.179Z","email":"adaw24jperez@inslaferreria.cat","imatge":"https://www.w3schools.com/howto/img_avatar.png","nom":"Joel","refreshToken":"eyJhbGciOiJIUzI1NiIsInR5cCI6IkpXVCJ9.eyJpZCI6IjY5ZjIxN2ZhNTRiYjhmMGVkZjliYmJiZSIsInJvbCI6InVzdWFyaSIsImlhdCI6MTc3NzkwMTY3MiwiZXhwIjoxNzc4NTA2NDcyfQ.VEVHK03SkcKWdSUdxyxHVCbf66EzQNYQRzctHeOLVsg","rol":"usuari","updatedAt":"2026-05-04T13:34:32.838Z","username":"Miniboo"},"level":"info","message":"[FRONTEND] User data from server","timestamp":"2026-05-04T13:34:57.543Z"}
{"level":"info","message":"Incoming request: POST /api/logout","timestamp":"2026-05-04T13:34:59.067Z"}
{"level":"info","message":"Incoming request: POST /api/login","timestamp":"2026-05-04T13:35:04.597Z"}
{"level":"info","message":"Login correcto: Miniboo","timestamp":"2026-05-04T13:35:04.834Z"}
{"level":"info","message":"Incoming request: GET /api/me","timestamp":"2026-05-04T13:35:04.858Z"}
{"level":"info","message":"Incoming request: GET /api/me","timestamp":"2026-05-04T13:35:04.945Z"}
{"level":"info","message":"Incoming request: GET /api/me","timestamp":"2026-05-04T13:35:04.981Z"}
{"level":"info","message":"Incoming request: POST /api/logs","timestamp":"2026-05-04T13:35:05.009Z"}
{"details":{"__v":0,"_id":"69f217fa54bb8f0edf9bbbbe","cognom1":"Perez","cognom2":"Gomez del Pulgar","createdAt":"2026-04-29T14:38:50.179Z","email":"adaw24jperez@inslaferreria.cat","imatge":"https://www.w3schools.com/howto/img_avatar.png","nom":"Joel","refreshToken":"eyJhbGciOiJIUzI1NiIsInR5cCI6IkpXVCJ9.eyJpZCI6IjY5ZjIxN2ZhNTRiYjhmMGVkZjliYmJiZSIsInJvbCI6InVzdWFyaSIsImlhdCI6MTc3NzkwMTcwNCwiZXhwIjoxNzc4NTA2NTA0fQ.R0eGV6gohYT7WzeOf0fCZ3WjkLQjp4p1FgaxiuTkebU","rol":"usuari","updatedAt":"2026-05-04T13:35:04.799Z","username":"Miniboo"},"level":"info","message":"[FRONTEND] User data from server","timestamp":"2026-05-04T13:35:05.010Z"}
{"level":"info","message":"Incoming request: GET /api/permis","timestamp":"2026-05-04T13:35:05.025Z"}
{"level":"info","message":"Incoming request: GET /api/me","timestamp":"2026-05-04T13:35:06.075Z"}
{"level":"info","message":"Incoming request: POST /api/renewToken","timestamp":"2026-05-04T13:35:06.104Z"}
{"level":"info","message":"Incoming request: GET /api/me","timestamp":"2026-05-04T13:35:06.155Z"}
{"level":"info","message":"Incoming request: GET /api/me","timestamp":"2026-05-04T13:35:06.222Z"}
{"level":"info","message":"Servidor corriendose en el puerto 5100","timestamp":"2026-05-04T13:35:19.610Z"}
{"level":"info","message":"Incoming request: GET /api/me","timestamp":"2026-05-04T13:35:19.789Z"}
{"level":"info","message":"Incoming request: GET /api/me","timestamp":"2026-05-04T13:35:20.487Z"}
{"level":"info","message":"Incoming request: GET /api/me","timestamp":"2026-05-04T13:35:20.524Z"}
{"level":"info","message":"Incoming request: POST /api/logs","timestamp":"2026-05-04T13:35:20.578Z"}
{"details":{"__v":0,"_id":"69f217fa54bb8f0edf9bbbbe","cognom1":"Perez","cognom2":"Gomez del Pulgar","createdAt":"2026-04-29T14:38:50.179Z","email":"adaw24jperez@inslaferreria.cat","imatge":"https://www.w3schools.com/howto/img_avatar.png","nom":"Joel","refreshToken":"eyJhbGciOiJIUzI1NiIsInR5cCI6IkpXVCJ9.eyJpZCI6IjY5ZjIxN2ZhNTRiYjhmMGVkZjliYmJiZSIsInJvbCI6InVzdWFyaSIsImlhdCI6MTc3NzkwMTcwNCwiZXhwIjoxNzc4NTA2NTA0fQ.R0eGV6gohYT7WzeOf0fCZ3WjkLQjp4p1FgaxiuTkebU","rol":"usuari","updatedAt":"2026-05-04T13:35:04.799Z","username":"Miniboo"},"level":"info","message":"[FRONTEND] User data from server","timestamp":"2026-05-04T13:35:20.580Z"}
{"level":"info","message":"Incoming request: POST /api/logout","timestamp":"2026-05-04T13:35:22.067Z"}
{"level":"info","message":"Incoming request: POST /api/login","timestamp":"2026-05-04T13:35:28.125Z"}
{"level":"info","message":"Login correcto: Miniboo","timestamp":"2026-05-04T13:35:28.418Z"}
{"level":"info","message":"Incoming request: GET /api/me","timestamp":"2026-05-04T13:35:28.441Z"}
{"level":"info","message":"Incoming request: GET /api/me","timestamp":"2026-05-04T13:35:28.534Z"}
{"level":"info","message":"Incoming request: GET /api/me","timestamp":"2026-05-04T13:35:28.572Z"}
{"level":"info","message":"Incoming request: POST /api/logs","timestamp":"2026-05-04T13:35:28.599Z"}
{"details":{"__v":0,"_id":"69f217fa54bb8f0edf9bbbbe","cognom1":"Perez","cognom2":"Gomez del Pulgar","createdAt":"2026-04-29T14:38:50.179Z","email":"adaw24jperez@inslaferreria.cat","imatge":"https://www.w3schools.com/howto/img_avatar.png","nom":"Joel","refreshToken":"eyJhbGciOiJIUzI1NiIsInR5cCI6IkpXVCJ9.eyJpZCI6IjY5ZjIxN2ZhNTRiYjhmMGVkZjliYmJiZSIsInJvbCI6InVzdWFyaSIsImlhdCI6MTc3NzkwMTcyOCwiZXhwIjoxNzc4NTA2NTI4fQ.7bZjZram1LhpzP6jwNrl1HYXxHs0geDpbEIYpZr8l6E","rol":"usuari","updatedAt":"2026-05-04T13:35:28.371Z","username":"Miniboo"},"level":"info","message":"[FRONTEND] User data from server","timestamp":"2026-05-04T13:35:28.599Z"}
{"level":"info","message":"Incoming request: GET /api/permis","timestamp":"2026-05-04T13:35:28.616Z"}
{"level":"info","message":"Incoming request: GET /api/me","timestamp":"2026-05-04T13:35:29.598Z"}
{"level":"info","message":"Incoming request: POST /api/renewToken","timestamp":"2026-05-04T13:35:29.617Z"}
{"level":"info","message":"Incoming request: GET /api/me","timestamp":"2026-05-04T13:35:29.662Z"}
{"level":"info","message":"Incoming request: GET /api/me","timestamp":"2026-05-04T13:35:29.732Z"}
{"level":"info","message":"Servidor corriendose en el puerto 5100","timestamp":"2026-05-04T13:35:44.053Z"}
{"level":"info","message":"Servidor corriendose en el puerto 5100","timestamp":"2026-05-04T13:35:47.678Z"}
{"level":"info","message":"Incoming request: POST /api/logout","timestamp":"2026-05-04T13:39:19.293Z"}
{"level":"info","message":"Servidor corriendose en el puerto 5100","timestamp":"2026-05-04T13:39:32.616Z"}
{"level":"info","message":"Incoming request: POST /api/login","timestamp":"2026-05-04T13:39:33.587Z"}
{"level":"info","message":"Login correcto: Miniboo","timestamp":"2026-05-04T13:39:33.758Z"}
{"level":"info","message":"Incoming request: GET /api/me","timestamp":"2026-05-04T13:39:33.771Z"}
{"level":"info","message":"Incoming request: GET /api/me","timestamp":"2026-05-04T13:39:33.841Z"}
{"level":"info","message":"Incoming request: GET /api/me","timestamp":"2026-05-04T13:39:33.882Z"}
{"level":"info","message":"Incoming request: POST /api/logs","timestamp":"2026-05-04T13:39:33.909Z"}
{"details":{"__v":0,"_id":"69f217fa54bb8f0edf9bbbbe","cognom1":"Perez","cognom2":"Gomez del Pulgar","createdAt":"2026-04-29T14:38:50.179Z","email":"adaw24jperez@inslaferreria.cat","imatge":"https://www.w3schools.com/howto/img_avatar.png","nom":"Joel","refreshToken":"eyJhbGciOiJIUzI1NiIsInR5cCI6IkpXVCJ9.eyJpZCI6IjY5ZjIxN2ZhNTRiYjhmMGVkZjliYmJiZSIsInJvbCI6InVzdWFyaSIsImlhdCI6MTc3NzkwMTk3MywiZXhwIjoxNzc4NTA2NzczfQ.nfhodJyahwY_IwBvDjl9giVOFk7aBpSCmMmTvdZo1Tk","rol":"usuari","updatedAt":"2026-05-04T13:39:33.721Z","username":"Miniboo"},"level":"info","message":"[FRONTEND] User data from server","timestamp":"2026-05-04T13:39:33.910Z"}
{"level":"info","message":"Incoming request: GET /api/permis","timestamp":"2026-05-04T13:39:33.933Z"}
{"level":"info","message":"Incoming request: GET /api/me","timestamp":"2026-05-04T13:39:35.474Z"}
{"level":"info","message":"Incoming request: POST /api/renewToken","timestamp":"2026-05-04T13:39:35.498Z"}
{"level":"info","message":"Incoming request: GET /api/me","timestamp":"2026-05-04T13:39:35.551Z"}
{"level":"info","message":"Incoming request: GET /api/me","timestamp":"2026-05-04T13:39:35.621Z"}
{"level":"info","message":"Servidor corriendose en el puerto 5100","timestamp":"2026-05-04T13:39:52.004Z"}
{"level":"info","message":"Servidor corriendose en el puerto 5100","timestamp":"2026-05-04T13:40:05.212Z"}
{"level":"info","message":"Servidor corriendose en el puerto 5100","timestamp":"2026-05-04T13:40:08.757Z"}
{"level":"info","message":"Servidor corriendose en el puerto 5100","timestamp":"2026-05-04T13:42:06.047Z"}
{"level":"info","message":"Incoming request: POST /api/refresh-token","timestamp":"2026-05-04T13:44:32.403Z"}
{"level":"info","message":"Incoming request: POST /api/renewToken","timestamp":"2026-05-04T13:44:37.922Z"}
{"level":"info","message":"Servidor corriendose en el puerto 5100","timestamp":"2026-05-04T14:22:10.576Z"}
{"level":"info","message":"Servidor corriendose en el puerto 5100","timestamp":"2026-05-04T14:40:57.735Z"}
{"level":"info","message":"Servidor corriendose en el puerto 5100","timestamp":"2026-05-04T14:40:58.897Z"}
{"level":"info","message":"Servidor corriendose en el puerto 5100","timestamp":"2026-05-06T14:22:33.851Z"}
{"level":"info","message":"Servidor corriendose en el puerto 5100","timestamp":"2026-05-06T14:22:34.738Z"}
{"level":"info","message":"Incoming request: GET /api/me","timestamp":"2026-05-06T14:22:51.752Z"}
{"level":"info","message":"Incoming request: GET /api/me","timestamp":"2026-05-06T14:22:56.046Z"}
{"level":"info","message":"Incoming request: POST /api/renewToken","timestamp":"2026-05-06T14:22:56.174Z"}
{"level":"info","message":"Incoming request: GET /api/me","timestamp":"2026-05-06T14:22:56.248Z"}
{"level":"info","message":"Incoming request: POST /api/logs","timestamp":"2026-05-06T14:22:56.296Z"}
{"details":{"__v":0,"_id":"69f217fa54bb8f0edf9bbbbe","cognom1":"Perez","cognom2":"Gomez del Pulgar","createdAt":"2026-04-29T14:38:50.179Z","email":"adaw24jperez@inslaferreria.cat","imatge":"https://www.w3schools.com/howto/img_avatar.png","nom":"Joel","refreshToken":"eyJhbGciOiJIUzI1NiIsInR5cCI6IkpXVCJ9.eyJpZCI6IjY5ZjIxN2ZhNTRiYjhmMGVkZjliYmJiZSIsInJvbCI6InVzdWFyaSIsImlhdCI6MTc3NzkwMTk3MywiZXhwIjoxNzc4NTA2NzczfQ.nfhodJyahwY_IwBvDjl9giVOFk7aBpSCmMmTvdZo1Tk","rol":"usuari","updatedAt":"2026-05-04T13:39:33.721Z","username":"Miniboo"},"level":"info","message":"[FRONTEND] User data from server","timestamp":"2026-05-06T14:22:56.298Z"}
{"level":"info","message":"Servidor corriendose en el puerto 5100","timestamp":"2026-05-06T14:22:57.070Z"}
{"level":"info","message":"Incoming request: POST /api/logout","timestamp":"2026-05-06T14:23:19.062Z"}
{"level":"info","message":"Incoming request: POST /api/login","timestamp":"2026-05-06T14:23:23.774Z"}
{"level":"info","message":"Login correcto: Miniboo","timestamp":"2026-05-06T14:23:24.087Z"}
{"level":"info","message":"Incoming request: GET /api/me","timestamp":"2026-05-06T14:23:24.105Z"}
{"level":"info","message":"Incoming request: GET /api/me","timestamp":"2026-05-06T14:23:24.196Z"}
{"level":"info","message":"Incoming request: GET /api/me","timestamp":"2026-05-06T14:23:24.233Z"}
{"level":"info","message":"Incoming request: POST /api/logs","timestamp":"2026-05-06T14:23:24.254Z"}
{"details":{"__v":0,"_id":"69f217fa54bb8f0edf9bbbbe","cognom1":"Perez","cognom2":"Gomez del Pulgar","createdAt":"2026-04-29T14:38:50.179Z","email":"adaw24jperez@inslaferreria.cat","imatge":"https://www.w3schools.com/howto/img_avatar.png","nom":"Joel","refreshToken":"eyJhbGciOiJIUzI1NiIsInR5cCI6IkpXVCJ9.eyJpZCI6IjY5ZjIxN2ZhNTRiYjhmMGVkZjliYmJiZSIsInJvbCI6InVzdWFyaSIsImlhdCI6MTc3ODA3NzQwNCwiZXhwIjoxNzc4NjgyMjA0fQ.G4gzM85ZajO8WKRDusjDqUlf-9GKitmcROyZR537dJw","rol":"usuari","updatedAt":"2026-05-06T14:23:24.041Z","username":"Miniboo"},"level":"info","message":"[FRONTEND] User data from server","timestamp":"2026-05-06T14:23:24.256Z"}
{"level":"info","message":"Incoming request: GET /api/permis","timestamp":"2026-05-06T14:23:24.279Z"}
{"level":"info","message":"Incoming request: POST /api/user","timestamp":"2026-05-06T14:25:56.775Z"}
{"level":"info","message":"Incoming request: POST /api/user","timestamp":"2026-05-06T14:26:47.832Z"}
{"level":"info","message":"Incoming request: POST /api/logout","timestamp":"2026-05-06T14:26:56.644Z"}
{"level":"info","message":"Incoming request: POST /api/login","timestamp":"2026-05-06T14:27:15.329Z"}
{"level":"info","message":"Login correcto: Miniboo","timestamp":"2026-05-06T14:27:15.551Z"}
{"level":"info","message":"Incoming request: GET /api/me","timestamp":"2026-05-06T14:27:15.563Z"}
{"level":"info","message":"Incoming request: GET /api/me","timestamp":"2026-05-06T14:27:15.617Z"}
{"level":"info","message":"Incoming request: GET /api/me","timestamp":"2026-05-06T14:27:15.652Z"}
{"level":"info","message":"Incoming request: POST /api/logs","timestamp":"2026-05-06T14:27:15.705Z"}
{"details":{"__v":0,"_id":"69f217fa54bb8f0edf9bbbbe","cognom1":"Perez","cognom2":"Gomez del Pulgar","createdAt":"2026-04-29T14:38:50.179Z","email":"adaw24jperez@inslaferreria.cat","imatge":"https://www.w3schools.com/howto/img_avatar.png","nom":"Joel","refreshToken":"eyJhbGciOiJIUzI1NiIsInR5cCI6IkpXVCJ9.eyJpZCI6IjY5ZjIxN2ZhNTRiYjhmMGVkZjliYmJiZSIsInJvbCI6InVzdWFyaSIsImlhdCI6MTc3ODA3NzYzNSwiZXhwIjoxNzc4NjgyNDM1fQ.yOJe2s1aD29lTCV7Bt8d1MnLpj-eq7EUaZOsp5BwifQ","rol":"usuari","updatedAt":"2026-05-06T14:27:15.516Z","username":"Miniboo"},"level":"info","message":"[FRONTEND] User data from server","timestamp":"2026-05-06T14:27:15.705Z"}
{"level":"info","message":"Incoming request: GET /api/permis","timestamp":"2026-05-06T14:27:15.707Z"}
{"level":"info","message":"Incoming request: POST /api/logout","timestamp":"2026-05-06T14:28:18.622Z"}
{"level":"info","message":"Incoming request: POST /api/login","timestamp":"2026-05-06T14:28:24.369Z"}
{"level":"info","message":"Login correcto: Miniboo","timestamp":"2026-05-06T14:28:24.588Z"}
{"level":"info","message":"Incoming request: GET /api/me","timestamp":"2026-05-06T14:28:24.597Z"}
{"level":"info","message":"Incoming request: GET /api/me","timestamp":"2026-05-06T14:28:24.677Z"}
{"level":"info","message":"Incoming request: GET /api/me","timestamp":"2026-05-06T14:28:24.715Z"}
{"level":"info","message":"Incoming request: POST /api/logs","timestamp":"2026-05-06T14:28:24.754Z"}
{"details":{"__v":0,"_id":"69f217fa54bb8f0edf9bbbbe","cognom1":"Perez","cognom2":"Gomez del Pulgar","createdAt":"2026-04-29T14:38:50.179Z","email":"adaw24jperez@inslaferreria.cat","imatge":"https://www.w3schools.com/howto/img_avatar.png","nom":"Joel","refreshToken":"eyJhbGciOiJIUzI1NiIsInR5cCI6IkpXVCJ9.eyJpZCI6IjY5ZjIxN2ZhNTRiYjhmMGVkZjliYmJiZSIsInJvbCI6InVzdWFyaW8iLCJpYXQiOjE3NzgwNzc3MDQsImV4cCI6MTc3ODY4MjUwNH0.TD7EJY7V7yjCbd3ElS4QWtTGK_OSAk0NHVu8pazBOeo","rol":"usuario","updatedAt":"2026-05-06T14:28:24.552Z","username":"Miniboo"},"level":"info","message":"[FRONTEND] User data from server","timestamp":"2026-05-06T14:28:24.755Z"}
{"level":"info","message":"Incoming request: GET /api/permis","timestamp":"2026-05-06T14:28:24.772Z"}
{"level":"info","message":"Servidor corriendose en el puerto 5100","timestamp":"2026-05-06T14:28:46.335Z"}
{"level":"info","message":"Servidor corriendose en el puerto 5100","timestamp":"2026-05-06T14:28:49.529Z"}
{"level":"info","message":"Servidor corriendose en el puerto 5100","timestamp":"2026-05-06T14:28:52.018Z"}
{"level":"info","message":"Incoming request: POST /api/logout","timestamp":"2026-05-06T14:28:53.143Z"}
{"level":"info","message":"Incoming request: POST /api/login","timestamp":"2026-05-06T14:28:55.142Z"}
{"level":"warn","message":"Login fallido: usuario no encontrado ","timestamp":"2026-05-06T14:28:55.194Z"}
{"level":"info","message":"Incoming request: POST /api/logs","timestamp":"2026-05-06T14:28:55.875Z"}
{"details":{"error":{"msg":"Usuari o contrasenya incorrectes","ok":false},"headers":{"lazyUpdate":null,"normalizedNames":{}},"message":"Http failure response for http://localhost:5100/api/login: 401 Unauthorized","name":"HttpErrorResponse","ok":false,"status":401,"statusText":"Unauthorized","url":"http://localhost:5100/api/login"},"level":"error","message":"[FRONTEND] Login error","timestamp":"2026-05-06T14:28:55.878Z"}
{"level":"info","message":"Incoming request: POST /api/login","timestamp":"2026-05-06T14:28:59.846Z"}
{"level":"info","message":"Login correcto: Miniboo","timestamp":"2026-05-06T14:29:00.152Z"}
{"level":"info","message":"Incoming request: GET /api/me","timestamp":"2026-05-06T14:29:00.167Z"}
{"level":"info","message":"Incoming request: GET /api/me","timestamp":"2026-05-06T14:29:00.272Z"}
{"level":"info","message":"Incoming request: GET /api/me","timestamp":"2026-05-06T14:29:00.314Z"}
{"level":"info","message":"Incoming request: POST /api/logs","timestamp":"2026-05-06T14:29:00.340Z"}
{"details":{"__v":0,"_id":"69f217fa54bb8f0edf9bbbbe","cognom1":"Perez","cognom2":"Gomez del Pulgar","createdAt":"2026-04-29T14:38:50.179Z","email":"adaw24jperez@inslaferreria.cat","imatge":"https://www.w3schools.com/howto/img_avatar.png","nom":"Joel","refreshToken":"eyJhbGciOiJIUzI1NiIsInR5cCI6IkpXVCJ9.eyJpZCI6IjY5ZjIxN2ZhNTRiYjhmMGVkZjliYmJiZSIsInJvbCI6InVzdWFyaW8iLCJpYXQiOjE3NzgwNzc3NDAsImV4cCI6MTc3ODY4MjU0MH0.wTj7uxWIThNcoqzG9Dgl5pp6yuLTG3_9JztlMhvBYBs","rol":"usuario","updatedAt":"2026-05-06T14:29:00.110Z","username":"Miniboo"},"level":"info","message":"[FRONTEND] User data from server","timestamp":"2026-05-06T14:29:00.341Z"}
{"level":"info","message":"Incoming request: GET /api/permis","timestamp":"2026-05-06T14:29:00.381Z"}
{"level":"info","message":"Incoming request: POST /api/logout","timestamp":"2026-05-06T14:29:26.887Z"}
{"level":"info","message":"Servidor corriendose en el puerto 5100","timestamp":"2026-05-06T14:29:43.051Z"}
{"level":"info","message":"Incoming request: POST /api/login","timestamp":"2026-05-06T14:29:43.325Z"}
{"level":"info","message":"Login correcto: Miniboo","timestamp":"2026-05-06T14:29:43.841Z"}
{"level":"info","message":"Incoming request: GET /api/me","timestamp":"2026-05-06T14:29:43.854Z"}
{"level":"info","message":"Incoming request: GET /api/me","timestamp":"2026-05-06T14:29:43.935Z"}
{"level":"info","message":"Incoming request: GET /api/me","timestamp":"2026-05-06T14:29:43.976Z"}
{"level":"info","message":"Incoming request: POST /api/logs","timestamp":"2026-05-06T14:29:43.991Z"}
{"details":{"__v":0,"_id":"69f217fa54bb8f0edf9bbbbe","cognom1":"Perez","cognom2":"Gomez del Pulgar","createdAt":"2026-04-29T14:38:50.179Z","email":"adaw24jperez@inslaferreria.cat","imatge":"https://www.w3schools.com/howto/img_avatar.png","nom":"Joel","refreshToken":"eyJhbGciOiJIUzI1NiIsInR5cCI6IkpXVCJ9.eyJpZCI6IjY5ZjIxN2ZhNTRiYjhmMGVkZjliYmJiZSIsInJvbCI6InVzdWFyaW8iLCJpYXQiOjE3NzgwNzc3ODMsImV4cCI6MTc3ODY4MjU4M30.MYXQcrt2ODRNmKJv3tz1N52TcKpGWWWKFdaAtqOSiEw","rol":"usuario","updatedAt":"2026-05-06T14:29:43.799Z","username":"Miniboo"},"level":"info","message":"[FRONTEND] User data from server","timestamp":"2026-05-06T14:29:43.993Z"}
{"level":"info","message":"Incoming request: GET /api/permis","timestamp":"2026-05-06T14:29:44.016Z"}
{"level":"info","message":"Servidor corriendose en el puerto 5100","timestamp":"2026-05-06T14:29:53.994Z"}
{"level":"info","message":"Servidor corriendose en el puerto 5100","timestamp":"2026-05-06T14:30:15.139Z"}
{"level":"info","message":"Incoming request: POST /api/logout","timestamp":"2026-05-06T14:30:16.140Z"}
{"level":"info","message":"Incoming request: POST /api/login","timestamp":"2026-05-06T14:30:22.037Z"}
{"level":"info","message":"Login correcto: Miniboo","timestamp":"2026-05-06T14:30:22.380Z"}
{"level":"info","message":"Incoming request: GET /api/me","timestamp":"2026-05-06T14:30:22.401Z"}
{"level":"info","message":"Incoming request: GET /api/me","timestamp":"2026-05-06T14:30:22.484Z"}
{"level":"info","message":"Incoming request: GET /api/me","timestamp":"2026-05-06T14:30:22.520Z"}
{"level":"info","message":"Incoming request: POST /api/logs","timestamp":"2026-05-06T14:30:22.574Z"}
{"details":{"__v":0,"_id":"69f217fa54bb8f0edf9bbbbe","cognom1":"Perez","cognom2":"Gomez del Pulgar","createdAt":"2026-04-29T14:38:50.179Z","email":"adaw24jperez@inslaferreria.cat","imatge":"https://www.w3schools.com/howto/img_avatar.png","nom":"Joel","refreshToken":"eyJhbGciOiJIUzI1NiIsInR5cCI6IkpXVCJ9.eyJpZCI6IjY5ZjIxN2ZhNTRiYjhmMGVkZjliYmJiZSIsInJvbCI6InVzdWFyaW8iLCJpYXQiOjE3NzgwNzc4MjIsImV4cCI6MTc3ODY4MjYyMn0.G4Dn55ZTjPv3IhPNZi8PXiqJMru-nI42SgVNzRj0KiQ","rol":"usuario","updatedAt":"2026-05-06T14:30:22.316Z","username":"Miniboo"},"level":"info","message":"[FRONTEND] User data from server","timestamp":"2026-05-06T14:30:22.575Z"}
{"level":"info","message":"Incoming request: GET /api/permis","timestamp":"2026-05-06T14:30:22.577Z"}
{"level":"info","message":"Servidor corriendose en el puerto 5100","timestamp":"2026-05-06T14:30:37.644Z"}
{"level":"info","message":"Incoming request: POST /api/logout","timestamp":"2026-05-06T14:30:37.841Z"}
{"level":"info","message":"Incoming request: POST /api/login","timestamp":"2026-05-06T14:30:42.683Z"}
{"level":"info","message":"Login correcto: Miniboo","timestamp":"2026-05-06T14:30:42.970Z"}
{"level":"info","message":"Incoming request: GET /api/me","timestamp":"2026-05-06T14:30:42.986Z"}
{"level":"info","message":"Incoming request: GET /api/me","timestamp":"2026-05-06T14:30:43.071Z"}
{"level":"info","message":"Incoming request: GET /api/me","timestamp":"2026-05-06T14:30:43.117Z"}
{"level":"info","message":"Incoming request: POST /api/logs","timestamp":"2026-05-06T14:30:43.152Z"}
{"details":{"__v":0,"_id":"69f217fa54bb8f0edf9bbbbe","cognom1":"Perez","cognom2":"Gomez del Pulgar","createdAt":"2026-04-29T14:38:50.179Z","email":"adaw24jperez@inslaferreria.cat","imatge":"https://www.w3schools.com/howto/img_avatar.png","nom":"Joel","refreshToken":"eyJhbGciOiJIUzI1NiIsInR5cCI6IkpXVCJ9.eyJpZCI6IjY5ZjIxN2ZhNTRiYjhmMGVkZjliYmJiZSIsInJvbCI6InVzdWFyaW8iLCJpYXQiOjE3NzgwNzc4NDIsImV4cCI6MTc3ODY4MjY0Mn0.JhgN1vIBS6mscRDYGP8FNU0on4Rv_GpRgBaMZZ5Q15I","rol":"usuario","updatedAt":"2026-05-06T14:30:42.923Z","username":"Miniboo"},"level":"info","message":"[FRONTEND] User data from server","timestamp":"2026-05-06T14:30:43.153Z"}
{"level":"info","message":"Incoming request: GET /api/permis","timestamp":"2026-05-06T14:30:43.164Z"}
{"level":"info","message":"Servidor corriendose en el puerto 5100","timestamp":"2026-05-06T14:30:55.569Z"}
{"level":"info","message":"Incoming request: POST /api/logout","timestamp":"2026-05-06T14:30:57.750Z"}
{"level":"info","message":"Incoming request: POST /api/login","timestamp":"2026-05-06T14:31:10.441Z"}
{"level":"info","message":"Login correcto: Miniboo","timestamp":"2026-05-06T14:31:10.718Z"}
{"level":"info","message":"Incoming request: GET /api/me","timestamp":"2026-05-06T14:31:10.735Z"}
{"level":"info","message":"Incoming request: GET /api/me","timestamp":"2026-05-06T14:31:10.836Z"}
{"level":"info","message":"Incoming request: GET /api/me","timestamp":"2026-05-06T14:31:10.880Z"}
{"level":"info","message":"Incoming request: POST /api/logs","timestamp":"2026-05-06T14:31:10.903Z"}
{"details":{"__v":0,"_id":"69f217fa54bb8f0edf9bbbbe","cognom1":"Perez","cognom2":"Gomez del Pulgar","createdAt":"2026-04-29T14:38:50.179Z","email":"adaw24jperez@inslaferreria.cat","imatge":"https://www.w3schools.com/howto/img_avatar.png","nom":"Joel","refreshToken":"eyJhbGciOiJIUzI1NiIsInR5cCI6IkpXVCJ9.eyJpZCI6IjY5ZjIxN2ZhNTRiYjhmMGVkZjliYmJiZSIsInJvbCI6InVzdWFyaW8iLCJpYXQiOjE3NzgwNzc4NzAsImV4cCI6MTc3ODY4MjY3MH0.cewsy8I-eymlDp-PmyOGh92mClp9bKCFc8ND5AuQ9BU","rol":"usuario","updatedAt":"2026-05-06T14:31:10.668Z","username":"Miniboo"},"level":"info","message":"[FRONTEND] User data from server","timestamp":"2026-05-06T14:31:10.904Z"}
{"level":"info","message":"Incoming request: GET /api/permis","timestamp":"2026-05-06T14:31:10.930Z"}
{"level":"info","message":"Servidor corriendose en el puerto 5100","timestamp":"2026-05-06T14:31:21.145Z"}
{"level":"info","message":"Servidor corriendose en el puerto 5100","timestamp":"2026-05-06T14:31:23.480Z"}
{"level":"info","message":"Servidor corriendose en el puerto 5100","timestamp":"2026-05-06T14:31:24.709Z"}
{"level":"info","message":"Servidor corriendose en el puerto 5100","timestamp":"2026-05-06T14:31:26.989Z"}
{"level":"info","message":"Incoming request: POST /api/logout","timestamp":"2026-05-06T14:31:27.529Z"}
{"level":"info","message":"Incoming request: POST /api/login","timestamp":"2026-05-06T14:31:32.032Z"}
{"level":"info","message":"Login correcto: Miniboo","timestamp":"2026-05-06T14:31:32.336Z"}
{"level":"info","message":"Incoming request: GET /api/me","timestamp":"2026-05-06T14:31:32.351Z"}
{"level":"info","message":"Incoming request: GET /api/me","timestamp":"2026-05-06T14:31:32.438Z"}
{"level":"info","message":"Incoming request: GET /api/me","timestamp":"2026-05-06T14:31:32.477Z"}
{"level":"info","message":"Incoming request: POST /api/logs","timestamp":"2026-05-06T14:31:32.512Z"}
{"details":{"__v":0,"_id":"69f217fa54bb8f0edf9bbbbe","cognom1":"Perez","cognom2":"Gomez del Pulgar","createdAt":"2026-04-29T14:38:50.179Z","email":"adaw24jperez@inslaferreria.cat","imatge":"https://www.w3schools.com/howto/img_avatar.png","nom":"Joel","refreshToken":"eyJhbGciOiJIUzI1NiIsInR5cCI6IkpXVCJ9.eyJpZCI6IjY5ZjIxN2ZhNTRiYjhmMGVkZjliYmJiZSIsInJvbCI6InVzdWFyaW8iLCJpYXQiOjE3NzgwNzc4OTIsImV4cCI6MTc3ODY4MjY5Mn0.i8X5zKwYZpm0Bp61HKhnpw6-8TrSu37fTO9sej_cigc","rol":"usuario","updatedAt":"2026-05-06T14:31:32.288Z","username":"Miniboo"},"level":"info","message":"[FRONTEND] User data from server","timestamp":"2026-05-06T14:31:32.514Z"}
{"level":"info","message":"Incoming request: GET /api/permis","timestamp":"2026-05-06T14:31:32.527Z"}
{"level":"info","message":"Incoming request: POST /api/user","timestamp":"2026-05-06T14:31:48.740Z"}
{"level":"error","message":"Error creando usuario: usuarios validation failed: rol: `basico` is not a valid enum value for path `rol`.","timestamp":"2026-05-06T14:31:48.895Z"}
{"level":"info","message":"Incoming request: POST /api/user","timestamp":"2026-05-06T14:32:04.231Z"}
{"level":"info","message":"Usuario creado: joel","timestamp":"2026-05-06T14:32:04.397Z"}
{"level":"info","message":"Incoming request: GET /api/me","timestamp":"2026-05-06T14:37:59.298Z"}
{"level":"info","message":"Incoming request: POST /api/renewToken","timestamp":"2026-05-06T14:37:59.345Z"}
{"level":"info","message":"Incoming request: GET /api/me","timestamp":"2026-05-06T14:37:59.387Z"}
{"level":"info","message":"Incoming request: GET /api/me","timestamp":"2026-05-06T14:37:59.438Z"}
{"level":"info","message":"Incoming request: GET /api/me","timestamp":"2026-05-06T14:37:59.473Z"}
{"level":"info","message":"Incoming request: POST /api/logs","timestamp":"2026-05-06T14:37:59.501Z"}
{"details":{"__v":0,"_id":"69f217fa54bb8f0edf9bbbbe","cognom1":"Perez","cognom2":"Gomez del Pulgar","createdAt":"2026-04-29T14:38:50.179Z","email":"adaw24jperez@inslaferreria.cat","imatge":"https://www.w3schools.com/howto/img_avatar.png","nom":"Joel","refreshToken":"eyJhbGciOiJIUzI1NiIsInR5cCI6IkpXVCJ9.eyJpZCI6IjY5ZjIxN2ZhNTRiYjhmMGVkZjliYmJiZSIsInJvbCI6InVzdWFyaW8iLCJpYXQiOjE3NzgwNzc4OTIsImV4cCI6MTc3ODY4MjY5Mn0.i8X5zKwYZpm0Bp61HKhnpw6-8TrSu37fTO9sej_cigc","rol":"admin","updatedAt":"2026-05-06T14:31:32.288Z","username":"Miniboo"},"level":"info","message":"[FRONTEND] User data from server","timestamp":"2026-05-06T14:37:59.502Z"}
{"level":"info","message":"Incoming request: GET /api/permis","timestamp":"2026-05-06T14:37:59.519Z"}
{"level":"info","message":"Incoming request: POST /api/user","timestamp":"2026-05-06T14:46:26.674Z"}
{"level":"error","message":"Error creando usuario: E11000 duplicate key error collection: test.usuarios index: email_1 dup key: { email: \"asmx22jperez@inslaferreria.cat\" }","timestamp":"2026-05-06T14:46:26.823Z"}
{"level":"info","message":"Incoming request: POST /api/user","timestamp":"2026-05-06T14:46:39.988Z"}
{"level":"info","message":"Incoming request: POST /api/user","timestamp":"2026-05-06T14:46:56.869Z"}
{"level":"info","message":"Incoming request: POST /api/logout","timestamp":"2026-05-06T14:47:20.759Z"}
{"level":"info","message":"Incoming request: POST /api/login","timestamp":"2026-05-06T14:47:30.696Z"}
{"level":"info","message":"Login correcto: Miniboo","timestamp":"2026-05-06T14:47:30.919Z"}
{"level":"info","message":"Incoming request: GET /api/me","timestamp":"2026-05-06T14:47:30.931Z"}
{"level":"info","message":"Incoming request: GET /api/me","timestamp":"2026-05-06T14:47:31.014Z"}
{"level":"info","message":"Incoming request: GET /api/me","timestamp":"2026-05-06T14:47:31.049Z"}
{"level":"info","message":"Incoming request: POST /api/logs","timestamp":"2026-05-06T14:47:31.063Z"}
{"details":{"__v":0,"_id":"69f217fa54bb8f0edf9bbbbe","cognom1":"Perez","cognom2":"Gomez del Pulgar","createdAt":"2026-04-29T14:38:50.179Z","email":"adaw24jperez@inslaferreria.cat","imatge":"https://www.w3schools.com/howto/img_avatar.png","nom":"Joel","refreshToken":"eyJhbGciOiJIUzI1NiIsInR5cCI6IkpXVCJ9.eyJpZCI6IjY5ZjIxN2ZhNTRiYjhmMGVkZjliYmJiZSIsInJvbCI6InVzdWFyaSIsImlhdCI6MTc3ODA3ODg1MCwiZXhwIjoxNzc4NjgzNjUwfQ.142rfC76hrA05MI2oxO3Hjzaqy6MbACy1xri0Woa2Ic","rol":"usuari","updatedAt":"2026-05-06T14:47:30.881Z","username":"Miniboo"},"level":"info","message":"[FRONTEND] User data from server","timestamp":"2026-05-06T14:47:31.064Z"}
{"level":"info","message":"Incoming request: GET /api/permis","timestamp":"2026-05-06T14:47:31.086Z"}
{"level":"info","message":"Incoming request: POST /api/user","timestamp":"2026-05-06T14:47:45.484Z"}
{"level":"info","message":"Incoming request: POST /api/logout","timestamp":"2026-05-06T14:47:57.183Z"}
{"level":"info","message":"Incoming request: POST /api/login","timestamp":"2026-05-06T14:48:01.769Z"}
{"level":"info","message":"Login correcto: Miniboo","timestamp":"2026-05-06T14:48:01.951Z"}
{"level":"info","message":"Incoming request: GET /api/me","timestamp":"2026-05-06T14:48:01.961Z"}
{"level":"info","message":"Incoming request: GET /api/me","timestamp":"2026-05-06T14:48:02.033Z"}
{"level":"info","message":"Incoming request: GET /api/dashboard","timestamp":"2026-05-06T14:48:02.036Z"}
{"level":"info","message":"Incoming request: POST /api/logs","timestamp":"2026-05-06T14:48:02.115Z"}
{"details":{"__v":0,"_id":"69f217fa54bb8f0edf9bbbbe","cognom1":"Perez","cognom2":"Gomez del Pulgar","createdAt":"2026-04-29T14:38:50.179Z","email":"adaw24jperez@inslaferreria.cat","imatge":"https://www.w3schools.com/howto/img_avatar.png","nom":"Joel","refreshToken":"eyJhbGciOiJIUzI1NiIsInR5cCI6IkpXVCJ9.eyJpZCI6IjY5ZjIxN2ZhNTRiYjhmMGVkZjliYmJiZSIsInJvbCI6ImFkbWluIiwiaWF0IjoxNzc4MDc4ODgxLCJleHAiOjE3Nzg2ODM2ODF9.EjJJdHeqX_mhfzcbI1YJvIrKZEr0pG7ueoTQUnvQLPc","rol":"admin","updatedAt":"2026-05-06T14:48:01.917Z","username":"Miniboo"},"level":"info","message":"[FRONTEND] User data from server","timestamp":"2026-05-06T14:48:02.115Z"}
{"level":"info","message":"Incoming request: POST /api/user","timestamp":"2026-05-06T14:48:30.276Z"}
{"level":"error","message":"Error creando usuario: E11000 duplicate key error collection: test.usuarios index: username_1 dup key: { username: \"joel\" }","timestamp":"2026-05-06T14:48:30.487Z"}
{"level":"info","message":"Incoming request: POST /api/user","timestamp":"2026-05-06T14:48:37.874Z"}
{"level":"info","message":"Usuario creado: joel2","timestamp":"2026-05-06T14:48:38.040Z"}
{"level":"info","message":"Servidor corriendose en el puerto 5100","timestamp":"2026-05-06T14:50:04.605Z"}
{"level":"info","message":"Servidor corriendose en el puerto 5100","timestamp":"2026-05-06T14:50:09.967Z"}
{"level":"info","message":"Servidor corriendose en el puerto 5100","timestamp":"2026-05-06T14:50:16.221Z"}
{"level":"info","message":"Servidor corriendose en el puerto 5100","timestamp":"2026-05-06T14:50:22.633Z"}
{"level":"info","message":"Servidor corriendose en el puerto 5100","timestamp":"2026-05-06T14:50:27.052Z"}
{"level":"info","message":"Servidor corriendose en el puerto 5100","timestamp":"2026-05-06T14:51:15.209Z"}
{"level":"info","message":"Servidor corriendose en el puerto 5100","timestamp":"2026-05-06T14:51:19.275Z"}
{"level":"info","message":"Incoming request: POST /api/logout","timestamp":"2026-05-06T14:52:53.798Z"}
{"level":"info","message":"Incoming request: POST /api/login","timestamp":"2026-05-06T14:52:57.999Z"}
{"level":"info","message":"Login correcto: joel","timestamp":"2026-05-06T14:52:58.316Z"}
{"level":"info","message":"Incoming request: GET /api/me","timestamp":"2026-05-06T14:52:58.334Z"}
{"level":"info","message":"Incoming request: POST /api/login","timestamp":"2026-05-06T14:53:00.856Z"}
{"level":"info","message":"Login correcto: joel","timestamp":"2026-05-06T14:53:01.057Z"}
{"level":"info","message":"Incoming request: GET /api/me","timestamp":"2026-05-06T14:53:01.078Z"}
{"level":"info","message":"Incoming request: POST /api/login","timestamp":"2026-05-06T14:53:06.691Z"}
{"level":"info","message":"Login correcto: joel","timestamp":"2026-05-06T14:53:06.910Z"}
{"level":"info","message":"Incoming request: GET /api/me","timestamp":"2026-05-06T14:53:06.930Z"}
{"level":"info","message":"Incoming request: POST /api/login","timestamp":"2026-05-06T14:53:09.772Z"}
{"level":"warn","message":"Login fallido: usuario no encontrado Joel","timestamp":"2026-05-06T14:53:09.807Z"}
{"level":"info","message":"Incoming request: POST /api/logs","timestamp":"2026-05-06T14:53:12.614Z"}
{"details":{"error":{"msg":"Usuari o contrasenya incorrectes","ok":false},"headers":{"lazyUpdate":null,"normalizedNames":{}},"message":"Http failure response for http://localhost:5100/api/login: 401 Unauthorized","name":"HttpErrorResponse","ok":false,"status":401,"statusText":"Unauthorized","url":"http://localhost:5100/api/login"},"level":"error","message":"[FRONTEND] Login error","timestamp":"2026-05-06T14:53:12.617Z"}
{"level":"info","message":"Incoming request: POST /api/login","timestamp":"2026-05-06T14:53:17.090Z"}
{"level":"info","message":"Login correcto: joel","timestamp":"2026-05-06T14:53:17.334Z"}
{"level":"info","message":"Incoming request: GET /api/me","timestamp":"2026-05-06T14:53:17.380Z"}
{"level":"info","message":"Incoming request: POST /api/login","timestamp":"2026-05-06T14:53:31.554Z"}
{"level":"info","message":"Login correcto: joel","timestamp":"2026-05-06T14:53:31.785Z"}
{"level":"info","message":"Incoming request: GET /api/me","timestamp":"2026-05-06T14:53:31.798Z"}
{"level":"info","message":"Incoming request: POST /api/login","timestamp":"2026-05-06T14:53:32.273Z"}
{"level":"info","message":"Incoming request: POST /api/login","timestamp":"2026-05-06T14:53:32.428Z"}
{"level":"info","message":"Login correcto: joel","timestamp":"2026-05-06T14:53:32.604Z"}
{"level":"info","message":"Incoming request: POST /api/login","timestamp":"2026-05-06T14:53:32.607Z"}
{"level":"info","message":"Incoming request: GET /api/me","timestamp":"2026-05-06T14:53:32.616Z"}
{"level":"info","message":"Login correcto: joel","timestamp":"2026-05-06T14:53:32.805Z"}
{"level":"info","message":"Incoming request: POST /api/login","timestamp":"2026-05-06T14:53:32.808Z"}
{"level":"info","message":"Incoming request: GET /api/me","timestamp":"2026-05-06T14:53:32.823Z"}
{"level":"info","message":"Login correcto: joel","timestamp":"2026-05-06T14:53:33.020Z"}
{"level":"info","message":"Incoming request: GET /api/me","timestamp":"2026-05-06T14:53:33.038Z"}
{"level":"info","message":"Login correcto: joel","timestamp":"2026-05-06T14:53:33.062Z"}
{"level":"info","message":"Incoming request: GET /api/me","timestamp":"2026-05-06T14:53:33.100Z"}
{"level":"info","message":"Incoming request: POST /api/login","timestamp":"2026-05-06T14:53:44.824Z"}
{"level":"info","message":"Login correcto: joel","timestamp":"2026-05-06T14:53:45.061Z"}
{"level":"info","message":"Incoming request: GET /api/me","timestamp":"2026-05-06T14:53:45.087Z"}
{"level":"info","message":"Incoming request: POST /api/login","timestamp":"2026-05-06T14:54:16.307Z"}
{"level":"info","message":"Login correcto: joel","timestamp":"2026-05-06T14:54:16.525Z"}
{"level":"info","message":"Incoming request: GET /api/me","timestamp":"2026-05-06T14:54:16.548Z"}
{"level":"info","message":"Incoming request: POST /api/login","timestamp":"2026-05-06T14:54:22.236Z"}
{"level":"info","message":"Login correcto: joel","timestamp":"2026-05-06T14:54:22.460Z"}
{"level":"info","message":"Incoming request: GET /api/me","timestamp":"2026-05-06T14:54:22.476Z"}
{"level":"info","message":"Incoming request: POST /api/login","timestamp":"2026-05-06T14:54:23.087Z"}
{"level":"info","message":"Login correcto: joel","timestamp":"2026-05-06T14:54:23.311Z"}
{"level":"info","message":"Incoming request: GET /api/me","timestamp":"2026-05-06T14:54:23.333Z"}
{"level":"info","message":"Incoming request: POST /api/login","timestamp":"2026-05-06T14:54:47.685Z"}
{"level":"info","message":"Login correcto: joel","timestamp":"2026-05-06T14:54:47.912Z"}
{"level":"info","message":"Incoming request: GET /api/me","timestamp":"2026-05-06T14:54:47.933Z"}
{"level":"info","message":"Incoming request: POST /api/login","timestamp":"2026-05-06T14:55:04.299Z"}
{"level":"info","message":"Login correcto: joel","timestamp":"2026-05-06T14:55:04.552Z"}
{"level":"info","message":"Incoming request: GET /api/me","timestamp":"2026-05-06T14:55:04.602Z"}
{"level":"info","message":"Incoming request: POST /api/login","timestamp":"2026-05-06T14:55:12.787Z"}
{"level":"info","message":"Login correcto: joel","timestamp":"2026-05-06T14:55:13.045Z"}
{"level":"info","message":"Incoming request: GET /api/me","timestamp":"2026-05-06T14:55:18.214Z"}
{"level":"info","message":"Incoming request: POST /api/renewToken","timestamp":"2026-05-06T14:55:18.277Z"}
{"level":"info","message":"Incoming request: GET /api/me","timestamp":"2026-05-06T14:55:18.337Z"}
{"level":"info","message":"Incoming request: GET /api/me","timestamp":"2026-05-06T14:55:21.461Z"}
{"level":"info","message":"Incoming request: POST /api/login","timestamp":"2026-05-06T14:56:02.846Z"}
{"level":"info","message":"Login correcto: joel","timestamp":"2026-05-06T14:56:03.091Z"}
{"level":"info","message":"Incoming request: GET /api/me","timestamp":"2026-05-06T14:56:03.106Z"}
<<<<<<< HEAD
{"level":"info","message":"Servidor corriendose en el puerto 5100","timestamp":"2026-05-06T17:20:34.589Z"}
{"level":"info","message":"Servidor corriendose en el puerto 5100","timestamp":"2026-05-06T17:20:35.664Z"}
{"level":"info","message":"Incoming request: POST /api/login","timestamp":"2026-05-06T17:21:06.018Z"}
{"level":"info","message":"Servidor corriendose en el puerto 5100","timestamp":"2026-05-06T17:21:07.413Z"}
{"level":"info","message":"Incoming request: POST /api/logs","timestamp":"2026-05-06T17:21:07.487Z"}
{"details":{"error":{"isTrusted":true},"headers":{"headers":{},"lazyUpdate":null,"normalizedNames":{}},"message":"Http failure response for http://localhost:5100/api/login: 0 Unknown Error","name":"HttpErrorResponse","ok":false,"status":0,"statusText":"Unknown Error","url":"http://localhost:5100/api/login"},"level":"error","message":"[FRONTEND] Login error","timestamp":"2026-05-06T17:21:07.488Z"}
{"level":"info","message":"Incoming request: POST /api/login","timestamp":"2026-05-06T17:21:19.281Z"}
{"level":"info","message":"Login correcto: joel","timestamp":"2026-05-06T17:21:19.711Z"}
{"level":"info","message":"Incoming request: GET /api/me","timestamp":"2026-05-06T17:21:19.726Z"}
{"level":"info","message":"Incoming request: POST /api/login","timestamp":"2026-05-06T17:21:26.194Z"}
{"level":"info","message":"Incoming request: POST /api/login","timestamp":"2026-05-06T17:21:26.431Z"}
{"level":"info","message":"Incoming request: POST /api/login","timestamp":"2026-05-06T17:21:26.611Z"}
{"level":"info","message":"Login correcto: joel","timestamp":"2026-05-06T17:21:26.830Z"}
{"level":"info","message":"Incoming request: POST /api/login","timestamp":"2026-05-06T17:21:26.838Z"}
{"level":"info","message":"Incoming request: GET /api/me","timestamp":"2026-05-06T17:21:26.957Z"}
{"level":"info","message":"Login correcto: joel","timestamp":"2026-05-06T17:21:27.065Z"}
{"level":"info","message":"Incoming request: POST /api/login","timestamp":"2026-05-06T17:21:27.069Z"}
{"level":"info","message":"Incoming request: POST /api/login","timestamp":"2026-05-06T17:21:27.073Z"}
{"level":"info","message":"Incoming request: GET /api/me","timestamp":"2026-05-06T17:21:27.211Z"}
{"level":"info","message":"Login correcto: joel","timestamp":"2026-05-06T17:21:27.708Z"}
{"level":"info","message":"Incoming request: GET /api/me","timestamp":"2026-05-06T17:21:27.795Z"}
{"level":"info","message":"Login correcto: joel","timestamp":"2026-05-06T17:21:27.799Z"}
{"level":"info","message":"Incoming request: GET /api/me","timestamp":"2026-05-06T17:21:27.827Z"}
{"level":"info","message":"Login correcto: joel","timestamp":"2026-05-06T17:21:27.842Z"}
{"level":"info","message":"Login correcto: joel","timestamp":"2026-05-06T17:21:27.857Z"}
{"level":"info","message":"Incoming request: GET /api/me","timestamp":"2026-05-06T17:21:27.866Z"}
{"level":"info","message":"Incoming request: GET /api/me","timestamp":"2026-05-06T17:21:27.875Z"}
{"level":"info","message":"Incoming request: POST /api/login","timestamp":"2026-05-06T17:21:30.899Z"}
{"level":"info","message":"Login correcto: Miniboo","timestamp":"2026-05-06T17:21:31.178Z"}
{"level":"info","message":"Incoming request: GET /api/me","timestamp":"2026-05-06T17:21:31.196Z"}
{"level":"info","message":"Incoming request: POST /api/login","timestamp":"2026-05-06T17:21:35.215Z"}
{"level":"info","message":"Login correcto: Miniboo","timestamp":"2026-05-06T17:21:35.581Z"}
{"level":"info","message":"Incoming request: GET /api/me","timestamp":"2026-05-06T17:21:35.607Z"}
{"level":"info","message":"Servidor corriendose en el puerto 5100","timestamp":"2026-05-06T17:22:02.354Z"}
{"level":"info","message":"Incoming request: GET /api/me","timestamp":"2026-05-06T17:22:02.443Z"}
{"level":"info","message":"Servidor corriendose en el puerto 5100","timestamp":"2026-05-06T17:22:05.412Z"}
{"level":"info","message":"Servidor corriendose en el puerto 5100","timestamp":"2026-05-06T17:22:07.020Z"}
{"level":"info","message":"Incoming request: POST /api/login","timestamp":"2026-05-06T17:22:15.185Z"}
{"level":"info","message":"Login correcto: Miniboo","timestamp":"2026-05-06T17:22:15.542Z"}
{"level":"info","message":"Incoming request: GET /api/me","timestamp":"2026-05-06T17:22:15.572Z"}
{"level":"info","message":"Incoming request: POST /api/login","timestamp":"2026-05-06T17:22:22.936Z"}
{"level":"info","message":"Login correcto: joel","timestamp":"2026-05-06T17:22:23.181Z"}
{"level":"info","message":"Incoming request: GET /api/me","timestamp":"2026-05-06T17:22:23.218Z"}
{"level":"info","message":"Incoming request: POST /api/login","timestamp":"2026-05-06T17:23:14.339Z"}
{"level":"info","message":"Login correcto: Miniboo","timestamp":"2026-05-06T17:23:14.674Z"}
{"level":"info","message":"Incoming request: GET /api/me","timestamp":"2026-05-06T17:23:14.714Z"}
{"level":"info","message":"Incoming request: POST /api/login","timestamp":"2026-05-06T17:23:37.817Z"}
{"level":"info","message":"Login correcto: Miniboo","timestamp":"2026-05-06T17:23:38.122Z"}
{"level":"info","message":"Incoming request: GET /api/me","timestamp":"2026-05-06T17:23:38.148Z"}
{"level":"info","message":"Incoming request: POST /api/login","timestamp":"2026-05-06T17:24:18.048Z"}
{"level":"info","message":"Login correcto: Miniboo","timestamp":"2026-05-06T17:24:18.338Z"}
{"level":"info","message":"Incoming request: GET /api/me","timestamp":"2026-05-06T17:24:34.946Z"}
{"level":"info","message":"Servidor corriendose en el puerto 5100","timestamp":"2026-05-11T13:31:54.203Z"}
{"level":"info","message":"Servidor corriendose en el puerto 5100","timestamp":"2026-05-11T13:31:55.292Z"}
{"level":"info","message":"Servidor corriendose en el puerto 5100","timestamp":"2026-05-11T13:36:53.501Z"}
{"level":"info","message":"Servidor corriendose en el puerto 5100","timestamp":"2026-05-11T13:39:56.309Z"}
{"level":"info","message":"Incoming request: POST /api/login","timestamp":"2026-05-11T13:44:49.568Z"}
{"level":"info","message":"Servidor corriendose en el puerto 5100","timestamp":"2026-05-11T13:44:50.684Z"}
{"level":"info","message":"Incoming request: POST /api/logs","timestamp":"2026-05-11T13:44:50.936Z"}
{"details":{"error":{"isTrusted":true},"headers":{"headers":{},"lazyUpdate":null,"normalizedNames":{}},"message":"Http failure response for http://localhost:5100/api/login: 0 Unknown Error","name":"HttpErrorResponse","ok":false,"status":0,"statusText":"Unknown Error","url":"http://localhost:5100/api/login"},"level":"error","message":"[FRONTEND] Login error","timestamp":"2026-05-11T13:44:50.938Z"}
{"level":"info","message":"Servidor corriendose en el puerto 5100","timestamp":"2026-05-11T13:50:11.047Z"}
{"level":"info","message":"Incoming request: POST /api/login","timestamp":"2026-05-11T13:50:22.669Z"}
{"level":"info","message":"Login correcto: Miniboo","timestamp":"2026-05-11T13:50:22.988Z"}
{"level":"info","message":"Incoming request: GET /api/me","timestamp":"2026-05-11T13:50:23.008Z"}
{"level":"info","message":"Incoming request: POST /api/login","timestamp":"2026-05-11T13:51:04.950Z"}
{"level":"info","message":"Login correcto: Miniboo","timestamp":"2026-05-11T13:51:05.206Z"}
{"level":"info","message":"Incoming request: GET /api/me","timestamp":"2026-05-11T13:51:06.980Z"}
{"level":"info","message":"Incoming request: POST /api/login","timestamp":"2026-05-11T13:53:13.364Z"}
{"level":"info","message":"Login correcto: Miniboo","timestamp":"2026-05-11T13:53:13.573Z"}
{"level":"info","message":"Servidor corriendose en el puerto 5100","timestamp":"2026-05-11T13:56:08.364Z"}
{"level":"info","message":"Servidor corriendose en el puerto 5100","timestamp":"2026-05-11T13:56:13.029Z"}
{"level":"info","message":"Servidor corriendose en el puerto 5100","timestamp":"2026-05-11T13:56:14.395Z"}
{"level":"info","message":"Incoming request: GET /api/me","timestamp":"2026-05-11T13:56:14.559Z"}
{"level":"info","message":"Incoming request: POST /api/login","timestamp":"2026-05-11T13:56:21.713Z"}
{"level":"info","message":"Login correcto: Miniboo","timestamp":"2026-05-11T13:56:22.044Z"}
{"level":"info","message":"Incoming request: GET /api/me","timestamp":"2026-05-11T13:56:22.074Z"}
{"level":"info","message":"Servidor corriendose en el puerto 5100","timestamp":"2026-05-11T13:56:40.596Z"}
{"level":"info","message":"Incoming request: GET /api/me","timestamp":"2026-05-11T13:56:40.616Z"}
{"level":"info","message":"Incoming request: POST /api/login","timestamp":"2026-05-11T13:56:46.011Z"}
{"level":"info","message":"Login correcto: Miniboo","timestamp":"2026-05-11T13:56:46.339Z"}
{"level":"info","message":"Incoming request: GET /api/me","timestamp":"2026-05-11T13:56:46.366Z"}
{"level":"info","message":"Servidor corriendose en el puerto 5100","timestamp":"2026-05-11T13:57:47.275Z"}
{"level":"info","message":"Incoming request: GET /api/me","timestamp":"2026-05-11T13:57:47.481Z"}
{"level":"info","message":"Servidor corriendose en el puerto 5100","timestamp":"2026-05-11T13:58:28.933Z"}
{"level":"info","message":"Servidor corriendose en el puerto 5100","timestamp":"2026-05-11T13:58:32.436Z"}
{"level":"info","message":"Servidor corriendose en el puerto 5100","timestamp":"2026-05-11T13:58:34.245Z"}
{"level":"info","message":"Servidor corriendose en el puerto 5100","timestamp":"2026-05-11T13:58:35.225Z"}
{"level":"info","message":"Incoming request: POST /api/login","timestamp":"2026-05-11T13:58:41.200Z"}
{"level":"info","message":"Login correcto: Miniboo","timestamp":"2026-05-11T13:58:41.433Z"}
{"level":"info","message":"Incoming request: GET /api/me","timestamp":"2026-05-11T13:59:01.092Z"}
{"level":"info","message":"Incoming request: POST /api/login","timestamp":"2026-05-11T13:59:05.083Z"}
{"level":"info","message":"Login correcto: Miniboo","timestamp":"2026-05-11T13:59:05.317Z"}
{"level":"info","message":"Incoming request: GET /api/me","timestamp":"2026-05-11T13:59:07.848Z"}
{"level":"info","message":"Incoming request: POST /api/login","timestamp":"2026-05-11T13:59:25.069Z"}
{"level":"info","message":"Login correcto: Miniboo","timestamp":"2026-05-11T13:59:25.317Z"}
{"level":"info","message":"Incoming request: GET /api/me","timestamp":"2026-05-11T13:59:27.872Z"}
{"level":"info","message":"Incoming request: POST /api/login","timestamp":"2026-05-11T13:59:44.023Z"}
{"level":"info","message":"Login correcto: Miniboo","timestamp":"2026-05-11T13:59:44.245Z"}
{"level":"info","message":"Incoming request: GET /api/me","timestamp":"2026-05-11T13:59:46.719Z"}
{"level":"info","message":"Servidor corriendose en el puerto 5100","timestamp":"2026-05-11T14:00:46.977Z"}
{"level":"info","message":"Incoming request: POST /api/login","timestamp":"2026-05-11T14:00:51.412Z"}
{"level":"info","message":"Login correcto: Miniboo","timestamp":"2026-05-11T14:00:51.739Z"}
{"level":"info","message":"Incoming request: GET /api/me","timestamp":"2026-05-11T14:00:51.766Z"}
{"level":"info","message":"Servidor corriendose en el puerto 5100","timestamp":"2026-05-11T14:04:47.274Z"}
{"level":"info","message":"Incoming request: GET /api/me","timestamp":"2026-05-11T14:04:47.436Z"}
{"level":"info","message":"Servidor corriendose en el puerto 5100","timestamp":"2026-05-11T14:04:49.376Z"}
{"level":"info","message":"Incoming request: POST /api/login","timestamp":"2026-05-11T14:08:22.658Z"}
{"level":"info","message":"Login correcto: Miniboo","timestamp":"2026-05-11T14:08:22.927Z"}
{"level":"info","message":"Incoming request: GET /api/me","timestamp":"2026-05-11T14:08:26.184Z"}
{"level":"info","message":"Servidor corriendose en el puerto 5100","timestamp":"2026-05-11T14:09:01.244Z"}
{"level":"info","message":"Incoming request: POST /api/login","timestamp":"2026-05-11T14:09:06.759Z"}
{"level":"info","message":"Login correcto: Miniboo","timestamp":"2026-05-11T14:09:07.016Z"}
{"level":"info","message":"Incoming request: GET /api/me","timestamp":"2026-05-11T14:09:07.035Z"}
{"level":"info","message":"Incoming request: GET /api/me","timestamp":"2026-05-11T14:09:07.105Z"}
{"level":"info","message":"Incoming request: GET /api/dashboard","timestamp":"2026-05-11T14:09:07.111Z"}
{"level":"info","message":"Incoming request: POST /api/logs","timestamp":"2026-05-11T14:09:07.178Z"}
{"details":{"__v":0,"_id":"69f217fa54bb8f0edf9bbbbe","cognom1":"Perez","cognom2":"Gomez del Pulgar","createdAt":"2026-04-29T14:38:50.179Z","email":"adaw24jperez@inslaferreria.cat","imatge":"https://www.w3schools.com/howto/img_avatar.png","nom":"Joel","refreshToken":"eyJhbGciOiJIUzI1NiIsInR5cCI6IkpXVCJ9.eyJpZCI6IjY5ZjIxN2ZhNTRiYjhmMGVkZjliYmJiZSIsInJvbCI6ImFkbWluIiwiaWF0IjoxNzc4NTA4NTQ2LCJleHAiOjE3NzkxMTMzNDZ9.Z8X3Lrq4KIrJUcjHtRL8gXXU0I11nkibvGUvfqZ_DAo","rol":"admin","updatedAt":"2026-05-11T14:09:06.972Z","username":"Miniboo"},"level":"info","message":"[FRONTEND] User data from server","timestamp":"2026-05-11T14:09:07.179Z"}
{"level":"info","message":"Incoming request: POST /api/logout","timestamp":"2026-05-11T14:09:14.730Z"}
{"level":"info","message":"Incoming request: POST /api/login","timestamp":"2026-05-11T14:09:19.933Z"}
{"level":"info","message":"Login correcto: joel","timestamp":"2026-05-11T14:09:20.218Z"}
{"level":"info","message":"Incoming request: GET /api/me","timestamp":"2026-05-11T14:09:20.257Z"}
{"level":"info","message":"Incoming request: GET /api/me","timestamp":"2026-05-11T14:09:20.380Z"}
{"level":"info","message":"Incoming request: GET /api/me","timestamp":"2026-05-11T14:09:20.419Z"}
{"level":"info","message":"Incoming request: POST /api/logs","timestamp":"2026-05-11T14:09:20.454Z"}
{"details":{"__v":0,"_id":"69fb50e433e6323e7080c7f0","cognom1":"Perez","cognom2":"Gomez del Pulgar","createdAt":"2026-05-06T14:32:04.360Z","email":"asmx22jperez@inslaferreria.cat","imatge":"https://www.w3schools.com/howto/img_avatar.png","nom":"Joel","refreshToken":"eyJhbGciOiJIUzI1NiIsInR5cCI6IkpXVCJ9.eyJpZCI6IjY5ZmI1MGU0MzNlNjMyM2U3MDgwYzdmMCIsInJvbCI6InVzdWFyaSIsImlhdCI6MTc3ODUwODU2MCwiZXhwIjoxNzc5MTEzMzYwfQ.lB8JFgBWhPmGtAAt7xl_KPvPkamJTdNDuaO9172CWE4","rol":"usuari","updatedAt":"2026-05-11T14:09:20.178Z","username":"joel"},"level":"info","message":"[FRONTEND] User data from server","timestamp":"2026-05-11T14:09:20.455Z"}
{"level":"info","message":"Incoming request: GET /api/permis","timestamp":"2026-05-11T14:09:20.472Z"}
{"level":"info","message":"Incoming request: POST /api/logout","timestamp":"2026-05-11T14:09:21.765Z"}
{"level":"info","message":"Servidor corriendose en el puerto 5100","timestamp":"2026-05-11T14:11:06.352Z"}
{"level":"info","message":"Incoming request: POST /api/logs","timestamp":"2026-05-11T14:11:06.439Z"}
{"details":{"error":{"isTrusted":true},"headers":{"headers":{},"lazyUpdate":null,"normalizedNames":{}},"message":"Http failure response for http://localhost:5100/api/dashboard: 0 Unknown Error","name":"HttpErrorResponse","ok":false,"status":0,"statusText":"Unknown Error","url":"http://localhost:5100/api/dashboard"},"level":"error","message":"[FRONTEND] Error loading dashboard data","timestamp":"2026-05-11T14:11:06.441Z"}
{"level":"info","message":"Incoming request: POST /api/login","timestamp":"2026-05-11T14:16:13.308Z"}
{"level":"info","message":"Login correcto: Miniboo","timestamp":"2026-05-11T14:16:13.566Z"}
{"level":"info","message":"Incoming request: GET /api/me","timestamp":"2026-05-11T14:16:13.580Z"}
{"level":"info","message":"Incoming request: GET /api/me","timestamp":"2026-05-11T14:16:13.645Z"}
{"level":"info","message":"Incoming request: GET /api/dashboard","timestamp":"2026-05-11T14:16:13.648Z"}
{"level":"info","message":"Incoming request: POST /api/logs","timestamp":"2026-05-11T14:16:13.729Z"}
{"details":{"__v":0,"_id":"69f217fa54bb8f0edf9bbbbe","cognom1":"Perez","cognom2":"Gomez del Pulgar","createdAt":"2026-04-29T14:38:50.179Z","email":"adaw24jperez@inslaferreria.cat","imatge":"https://www.w3schools.com/howto/img_avatar.png","nom":"Joel","refreshToken":"eyJhbGciOiJIUzI1NiIsInR5cCI6IkpXVCJ9.eyJpZCI6IjY5ZjIxN2ZhNTRiYjhmMGVkZjliYmJiZSIsInJvbCI6ImFkbWluIiwiaWF0IjoxNzc4NTA4OTczLCJleHAiOjE3NzkxMTM3NzN9.bFlfTMVkHu1TmyQrOrYYgzxo7lybokCH1pO87Kz246o","rol":"admin","updatedAt":"2026-05-11T14:16:13.515Z","username":"Miniboo"},"level":"info","message":"[FRONTEND] User data from server","timestamp":"2026-05-11T14:16:13.730Z"}
{"level":"info","message":"Incoming request: GET /api/me","timestamp":"2026-05-11T14:16:14.661Z"}
{"level":"info","message":"Incoming request: GET /api/user","timestamp":"2026-05-11T14:16:14.732Z"}
{"level":"info","message":"Incoming request: GET /api/me","timestamp":"2026-05-11T14:19:53.409Z"}
{"level":"info","message":"Incoming request: GET /api/me","timestamp":"2026-05-11T14:19:53.563Z"}
{"level":"info","message":"Incoming request: GET /api/user","timestamp":"2026-05-11T14:19:53.572Z"}
{"level":"info","message":"Incoming request: POST /api/logs","timestamp":"2026-05-11T14:19:53.699Z"}
{"details":{"__v":0,"_id":"69f217fa54bb8f0edf9bbbbe","cognom1":"Perez","cognom2":"Gomez del Pulgar","createdAt":"2026-04-29T14:38:50.179Z","email":"adaw24jperez@inslaferreria.cat","imatge":"https://www.w3schools.com/howto/img_avatar.png","nom":"Joel","refreshToken":"eyJhbGciOiJIUzI1NiIsInR5cCI6IkpXVCJ9.eyJpZCI6IjY5ZjIxN2ZhNTRiYjhmMGVkZjliYmJiZSIsInJvbCI6ImFkbWluIiwiaWF0IjoxNzc4NTA4OTczLCJleHAiOjE3NzkxMTM3NzN9.bFlfTMVkHu1TmyQrOrYYgzxo7lybokCH1pO87Kz246o","rol":"admin","updatedAt":"2026-05-11T14:16:13.515Z","username":"Miniboo"},"level":"info","message":"[FRONTEND] User data from server","timestamp":"2026-05-11T14:19:53.700Z"}
{"level":"info","message":"Incoming request: GET /api/me","timestamp":"2026-05-11T14:19:58.580Z"}
{"level":"info","message":"Incoming request: GET /api/permis","timestamp":"2026-05-11T14:19:58.645Z"}
{"level":"info","message":"Incoming request: GET /api/me","timestamp":"2026-05-11T14:20:02.269Z"}
{"level":"info","message":"Incoming request: GET /api/user","timestamp":"2026-05-11T14:20:18.661Z"}
{"level":"info","message":"Incoming request: GET /api/user","timestamp":"2026-05-11T14:20:22.349Z"}
{"level":"info","message":"Incoming request: GET /api/me","timestamp":"2026-05-11T14:25:16.919Z"}
{"level":"info","message":"Incoming request: POST /api/renewToken","timestamp":"2026-05-11T14:25:16.974Z"}
{"level":"info","message":"Incoming request: POST /api/login","timestamp":"2026-05-11T14:28:11.552Z"}
{"level":"info","message":"Login correcto: joel","timestamp":"2026-05-11T14:28:11.802Z"}
{"level":"info","message":"Incoming request: GET /api/me","timestamp":"2026-05-11T14:28:11.828Z"}
{"level":"info","message":"Incoming request: GET /api/permis","timestamp":"2026-05-11T14:28:11.907Z"}
{"level":"info","message":"Incoming request: GET /api/me","timestamp":"2026-05-11T14:29:25.274Z"}
{"level":"info","message":"Incoming request: GET /api/permis","timestamp":"2026-05-11T14:29:25.358Z"}
{"level":"info","message":"Incoming request: GET /api/me","timestamp":"2026-05-11T14:29:33.272Z"}
{"level":"info","message":"Incoming request: GET /api/permis","timestamp":"2026-05-11T14:29:33.359Z"}
{"level":"info","message":"Incoming request: GET /api/me","timestamp":"2026-05-11T14:30:38.138Z"}
{"level":"info","message":"Incoming request: GET /api/permis","timestamp":"2026-05-11T14:30:38.230Z"}
{"level":"info","message":"Incoming request: GET /api/me","timestamp":"2026-05-11T14:30:39.128Z"}
{"level":"info","message":"Incoming request: GET /api/permis","timestamp":"2026-05-11T14:30:39.213Z"}
{"level":"info","message":"Incoming request: GET /api/me","timestamp":"2026-05-11T14:30:40.154Z"}
{"level":"info","message":"Incoming request: GET /api/permis","timestamp":"2026-05-11T14:30:40.273Z"}
{"level":"info","message":"Incoming request: GET /api/me","timestamp":"2026-05-11T14:30:48.162Z"}
{"level":"info","message":"Incoming request: GET /api/permis","timestamp":"2026-05-11T14:30:48.250Z"}
{"level":"info","message":"Incoming request: GET /api/me","timestamp":"2026-05-11T14:30:57.231Z"}
{"level":"info","message":"Incoming request: GET /api/permis","timestamp":"2026-05-11T14:30:57.308Z"}
{"level":"info","message":"Incoming request: GET /api/me","timestamp":"2026-05-11T14:32:06.263Z"}
{"level":"info","message":"Incoming request: POST /api/login","timestamp":"2026-05-11T14:32:11.448Z"}
{"level":"info","message":"Login correcto: Miniboo","timestamp":"2026-05-11T14:32:11.692Z"}
{"level":"info","message":"Incoming request: GET /api/me","timestamp":"2026-05-11T14:32:11.713Z"}
{"level":"info","message":"Incoming request: GET /api/dashboard","timestamp":"2026-05-11T14:32:11.796Z"}
{"level":"info","message":"Incoming request: GET /api/me","timestamp":"2026-05-11T14:32:12.783Z"}
{"level":"info","message":"Incoming request: GET /api/user","timestamp":"2026-05-11T14:32:12.857Z"}
{"level":"info","message":"Incoming request: GET /api/me","timestamp":"2026-05-11T14:32:13.288Z"}
{"level":"info","message":"Incoming request: GET /api/permis","timestamp":"2026-05-11T14:32:13.353Z"}
{"level":"info","message":"Incoming request: POST /api/logout","timestamp":"2026-05-11T14:32:17.136Z"}
{"level":"info","message":"Incoming request: POST /api/login","timestamp":"2026-05-11T14:32:23.090Z"}
{"level":"info","message":"Login correcto: joel","timestamp":"2026-05-11T14:32:23.374Z"}
{"level":"info","message":"Incoming request: GET /api/me","timestamp":"2026-05-11T14:32:23.393Z"}
{"level":"info","message":"Incoming request: GET /api/permis","timestamp":"2026-05-11T14:32:23.488Z"}
{"level":"info","message":"Incoming request: GET /api/me","timestamp":"2026-05-11T14:32:24.507Z"}
{"level":"info","message":"Incoming request: GET /api/me","timestamp":"2026-05-11T14:32:24.606Z"}
{"level":"info","message":"Incoming request: GET /api/me","timestamp":"2026-05-11T14:32:27.241Z"}
{"level":"info","message":"Incoming request: GET /api/me","timestamp":"2026-05-11T14:32:27.308Z"}
{"level":"info","message":"Incoming request: GET /api/permis","timestamp":"2026-05-11T14:32:27.402Z"}
{"level":"info","message":"Incoming request: GET /api/me","timestamp":"2026-05-11T14:32:47.101Z"}
{"level":"info","message":"Incoming request: GET /api/me","timestamp":"2026-05-11T14:32:47.187Z"}
{"level":"info","message":"Incoming request: GET /api/me","timestamp":"2026-05-11T14:32:48.953Z"}
{"level":"info","message":"Incoming request: GET /api/permis","timestamp":"2026-05-11T14:32:49.036Z"}
{"level":"info","message":"Incoming request: GET /api/me","timestamp":"2026-05-11T14:33:01.173Z"}
{"level":"info","message":"Incoming request: GET /api/me","timestamp":"2026-05-11T14:33:01.255Z"}
{"level":"info","message":"Incoming request: POST /api/permis","timestamp":"2026-05-11T14:33:22.986Z"}
{"level":"info","message":"Permiso created for user 69fb50e433e6323e7080c7f0","timestamp":"2026-05-11T14:33:23.053Z"}
{"level":"info","message":"Incoming request: GET /api/me","timestamp":"2026-05-11T14:33:24.347Z"}
{"level":"info","message":"Incoming request: GET /api/permis","timestamp":"2026-05-11T14:33:24.418Z"}
{"level":"info","message":"Incoming request: GET /api/me","timestamp":"2026-05-11T14:33:26.806Z"}
{"level":"info","message":"Incoming request: GET /api/permis","timestamp":"2026-05-11T14:33:26.892Z"}
{"level":"info","message":"Incoming request: POST /api/logs","timestamp":"2026-05-11T14:33:26.973Z"}
{"details":{"error":{"isTrusted":true},"headers":{"headers":{},"lazyUpdate":null,"normalizedNames":{}},"message":"Http failure response for http://localhost:5100/api/permis: 0 Unknown Error","name":"HttpErrorResponse","ok":false,"status":0,"statusText":"Unknown Error","url":"http://localhost:5100/api/permis"},"level":"error","message":"[FRONTEND] Error loading permissions","timestamp":"2026-05-11T14:33:26.974Z"}
{"level":"info","message":"Incoming request: POST /api/logout","timestamp":"2026-05-11T14:33:28.757Z"}
{"level":"info","message":"Incoming request: POST /api/login","timestamp":"2026-05-11T14:33:33.647Z"}
{"level":"info","message":"Login correcto: Miniboo","timestamp":"2026-05-11T14:33:33.858Z"}
{"level":"info","message":"Incoming request: GET /api/me","timestamp":"2026-05-11T14:33:33.884Z"}
{"level":"info","message":"Incoming request: GET /api/dashboard","timestamp":"2026-05-11T14:33:33.959Z"}
{"level":"info","message":"Incoming request: GET /api/me","timestamp":"2026-05-11T14:33:34.808Z"}
{"level":"info","message":"Incoming request: GET /api/user","timestamp":"2026-05-11T14:33:34.885Z"}
{"level":"info","message":"Incoming request: GET /api/permis","timestamp":"2026-05-11T14:33:34.889Z"}
{"level":"info","message":"Incoming request: GET /api/me","timestamp":"2026-05-11T14:34:12.863Z"}
{"level":"info","message":"Incoming request: POST /api/login","timestamp":"2026-05-11T14:34:18.621Z"}
{"level":"info","message":"Login correcto: Miniboo","timestamp":"2026-05-11T14:34:18.898Z"}
{"level":"info","message":"Incoming request: GET /api/me","timestamp":"2026-05-11T14:34:18.914Z"}
{"level":"info","message":"Incoming request: GET /api/dashboard","timestamp":"2026-05-11T14:34:18.985Z"}
{"level":"info","message":"Incoming request: GET /api/me","timestamp":"2026-05-11T14:34:20.357Z"}
{"level":"info","message":"Incoming request: GET /api/user","timestamp":"2026-05-11T14:34:20.475Z"}
{"level":"info","message":"Incoming request: GET /api/permis","timestamp":"2026-05-11T14:34:20.478Z"}
{"level":"info","message":"Incoming request: GET /api/me","timestamp":"2026-05-11T14:34:23.981Z"}
{"level":"info","message":"Incoming request: GET /api/user","timestamp":"2026-05-11T14:34:24.033Z"}
{"level":"info","message":"Incoming request: GET /api/permis","timestamp":"2026-05-11T14:34:24.038Z"}
{"level":"info","message":"Incoming request: GET /api/me","timestamp":"2026-05-11T14:34:24.931Z"}
{"level":"info","message":"Incoming request: GET /api/user","timestamp":"2026-05-11T14:34:24.991Z"}
{"level":"info","message":"Incoming request: GET /api/permis","timestamp":"2026-05-11T14:34:24.993Z"}
{"level":"info","message":"Incoming request: GET /api/me","timestamp":"2026-05-11T14:34:25.944Z"}
{"level":"info","message":"Incoming request: GET /api/user","timestamp":"2026-05-11T14:34:26.009Z"}
{"level":"info","message":"Incoming request: GET /api/permis","timestamp":"2026-05-11T14:34:26.011Z"}
{"level":"info","message":"Servidor corriendose en el puerto 5100","timestamp":"2026-05-11T14:34:43.328Z"}
{"level":"info","message":"Incoming request: GET /api/user","timestamp":"2026-05-11T14:34:43.354Z"}
{"level":"info","message":"Servidor corriendose en el puerto 5100","timestamp":"2026-05-11T14:34:44.344Z"}
{"level":"info","message":"Incoming request: POST /api/logs","timestamp":"2026-05-11T14:34:44.520Z"}
{"details":{"error":{"isTrusted":true},"headers":{"headers":{},"lazyUpdate":null,"normalizedNames":{}},"message":"Http failure response for http://localhost:5100/api/user: 0 Unknown Error","name":"HttpErrorResponse","ok":false,"status":0,"statusText":"Unknown Error","url":"http://localhost:5100/api/user"},"level":"error","message":"[FRONTEND] Error loading users","timestamp":"2026-05-11T14:34:44.522Z"}
{"level":"info","message":"Servidor corriendose en el puerto 5100","timestamp":"2026-05-11T14:34:58.214Z"}
{"level":"info","message":"Servidor corriendose en el puerto 5100","timestamp":"2026-05-11T14:35:09.736Z"}
{"level":"info","message":"Servidor corriendose en el puerto 5100","timestamp":"2026-05-11T14:35:11.486Z"}
{"level":"info","message":"Servidor corriendose en el puerto 5100","timestamp":"2026-05-11T14:35:35.151Z"}
{"level":"info","message":"Servidor corriendose en el puerto 5100","timestamp":"2026-05-11T14:35:37.847Z"}
{"level":"info","message":"Servidor corriendose en el puerto 5100","timestamp":"2026-05-11T14:35:39.050Z"}
{"level":"info","message":"Servidor corriendose en el puerto 5100","timestamp":"2026-05-11T14:35:48.917Z"}
{"level":"info","message":"Servidor corriendose en el puerto 5100","timestamp":"2026-05-11T14:35:50.248Z"}
{"level":"info","message":"Servidor corriendose en el puerto 5100","timestamp":"2026-05-11T14:36:58.885Z"}
{"level":"info","message":"Servidor corriendose en el puerto 5100","timestamp":"2026-05-11T14:40:07.525Z"}
{"level":"info","message":"Incoming request: POST /api/login","timestamp":"2026-05-11T14:44:39.470Z"}
{"level":"info","message":"Login correcto: Miniboo","timestamp":"2026-05-11T14:44:39.766Z"}
{"level":"info","message":"Incoming request: GET /api/me","timestamp":"2026-05-11T14:44:39.796Z"}
{"level":"info","message":"Incoming request: GET /api/dashboard","timestamp":"2026-05-11T14:44:39.883Z"}
{"level":"info","message":"Incoming request: GET /api/me","timestamp":"2026-05-11T14:44:41.218Z"}
{"level":"info","message":"Incoming request: GET /api/user","timestamp":"2026-05-11T14:44:41.310Z"}
{"level":"info","message":"Incoming request: GET /api/me","timestamp":"2026-05-11T14:44:41.799Z"}
{"level":"info","message":"Incoming request: GET /api/permis","timestamp":"2026-05-11T14:44:41.873Z"}
{"level":"info","message":"Incoming request: GET /api/me","timestamp":"2026-05-11T14:44:43.005Z"}
{"level":"info","message":"Incoming request: POST /api/logout","timestamp":"2026-05-11T14:44:44.109Z"}
{"level":"info","message":"Incoming request: POST /api/login","timestamp":"2026-05-11T14:44:48.177Z"}
{"level":"info","message":"Login correcto: joel","timestamp":"2026-05-11T14:44:48.445Z"}
{"level":"info","message":"Incoming request: GET /api/me","timestamp":"2026-05-11T14:44:48.463Z"}
{"level":"info","message":"Incoming request: GET /api/user","timestamp":"2026-05-11T14:45:01.882Z"}
{"level":"info","message":"Incoming request: GET /api/dashboard","timestamp":"2026-05-11T14:45:03.095Z"}
{"level":"info","message":"Incoming request: GET /api/me","timestamp":"2026-05-11T14:45:07.530Z"}
{"level":"info","message":"Incoming request: POST /api/login","timestamp":"2026-05-11T14:45:11.975Z"}
{"level":"info","message":"Login correcto: joel","timestamp":"2026-05-11T14:45:12.230Z"}
{"level":"info","message":"Incoming request: GET /api/me","timestamp":"2026-05-11T14:45:12.249Z"}
{"level":"info","message":"Incoming request: GET /api/permis","timestamp":"2026-05-11T14:45:12.343Z"}
{"level":"info","message":"Incoming request: GET /api/me","timestamp":"2026-05-11T14:46:12.101Z"}
{"level":"info","message":"Incoming request: GET /api/me","timestamp":"2026-05-11T14:46:12.189Z"}
{"level":"info","message":"Incoming request: POST /api/permis","timestamp":"2026-05-11T14:46:17.872Z"}
{"level":"info","message":"Permiso created for user 69fb50e433e6323e7080c7f0","timestamp":"2026-05-11T14:46:17.972Z"}
{"level":"info","message":"Incoming request: GET /api/me","timestamp":"2026-05-11T14:46:19.180Z"}
{"level":"info","message":"Incoming request: GET /api/permis","timestamp":"2026-05-11T14:46:19.247Z"}
{"level":"info","message":"Incoming request: GET /api/me","timestamp":"2026-05-11T14:46:21.142Z"}
{"level":"info","message":"Incoming request: GET /api/permis","timestamp":"2026-05-11T14:46:21.219Z"}
{"level":"info","message":"Incoming request: GET /api/permis/undefined","timestamp":"2026-05-11T14:48:08.320Z"}
{"level":"info","message":"Incoming request: GET /api/user","timestamp":"2026-05-11T14:48:08.456Z"}
{"level":"info","message":"Incoming request: POST /api/logs","timestamp":"2026-05-11T14:48:08.458Z"}
{"details":{"error":"<!DOCTYPE html>\n<html lang=\"en\">\n<head>\n<meta charset=\"utf-8\">\n<title>Error</title>\n</head>\n<body>\n<pre>ReferenceError: id is not defined<br> &nbsp; &nbsp;at getAllByUserId (file:///C:/2%20DAW/Projectos/Gestor_de_permisos_laborals/backend/crud/permisos.js:69:62)<br> &nbsp; &nbsp;at process.processTicksAndRejections (node:internal/process/task_queues:105:5)</pre>\n</body>\n</html>\n","headers":{"lazyUpdate":null,"normalizedNames":{}},"message":"Http failure response for http://localhost:5100/api/permis/undefined: 500 Internal Server Error","name":"HttpErrorResponse","ok":false,"status":500,"statusText":"Internal Server Error","url":"http://localhost:5100/api/permis/undefined"},"level":"error","message":"[FRONTEND] Error loading permissions","timestamp":"2026-05-11T14:48:08.459Z"}
{"level":"info","message":"Incoming request: GET /api/permis","timestamp":"2026-05-11T14:48:08.464Z"}
{"level":"info","message":"Incoming request: GET /api/permis/undefined","timestamp":"2026-05-11T14:48:14.847Z"}
{"level":"info","message":"Incoming request: POST /api/logs","timestamp":"2026-05-11T14:48:14.884Z"}
{"details":{"error":"<!DOCTYPE html>\n<html lang=\"en\">\n<head>\n<meta charset=\"utf-8\">\n<title>Error</title>\n</head>\n<body>\n<pre>ReferenceError: id is not defined<br> &nbsp; &nbsp;at getAllByUserId (file:///C:/2%20DAW/Projectos/Gestor_de_permisos_laborals/backend/crud/permisos.js:69:62)<br> &nbsp; &nbsp;at process.processTicksAndRejections (node:internal/process/task_queues:105:5)</pre>\n</body>\n</html>\n","headers":{"lazyUpdate":null,"normalizedNames":{}},"message":"Http failure response for http://localhost:5100/api/permis/undefined: 500 Internal Server Error","name":"HttpErrorResponse","ok":false,"status":500,"statusText":"Internal Server Error","url":"http://localhost:5100/api/permis/undefined"},"level":"error","message":"[FRONTEND] Error loading permissions","timestamp":"2026-05-11T14:48:14.885Z"}
{"level":"info","message":"Incoming request: GET /api/permis/undefined","timestamp":"2026-05-11T14:48:17.084Z"}
{"level":"info","message":"Incoming request: POST /api/logs","timestamp":"2026-05-11T14:48:17.104Z"}
{"details":{"error":"<!DOCTYPE html>\n<html lang=\"en\">\n<head>\n<meta charset=\"utf-8\">\n<title>Error</title>\n</head>\n<body>\n<pre>ReferenceError: id is not defined<br> &nbsp; &nbsp;at getAllByUserId (file:///C:/2%20DAW/Projectos/Gestor_de_permisos_laborals/backend/crud/permisos.js:69:62)<br> &nbsp; &nbsp;at process.processTicksAndRejections (node:internal/process/task_queues:105:5)</pre>\n</body>\n</html>\n","headers":{"lazyUpdate":null,"normalizedNames":{}},"message":"Http failure response for http://localhost:5100/api/permis/undefined: 500 Internal Server Error","name":"HttpErrorResponse","ok":false,"status":500,"statusText":"Internal Server Error","url":"http://localhost:5100/api/permis/undefined"},"level":"error","message":"[FRONTEND] Error loading permissions","timestamp":"2026-05-11T14:48:17.105Z"}
{"level":"info","message":"Incoming request: GET /api/permis/undefined","timestamp":"2026-05-11T14:48:17.867Z"}
{"level":"info","message":"Incoming request: POST /api/logs","timestamp":"2026-05-11T14:48:17.885Z"}
{"details":{"error":"<!DOCTYPE html>\n<html lang=\"en\">\n<head>\n<meta charset=\"utf-8\">\n<title>Error</title>\n</head>\n<body>\n<pre>ReferenceError: id is not defined<br> &nbsp; &nbsp;at getAllByUserId (file:///C:/2%20DAW/Projectos/Gestor_de_permisos_laborals/backend/crud/permisos.js:69:62)<br> &nbsp; &nbsp;at process.processTicksAndRejections (node:internal/process/task_queues:105:5)</pre>\n</body>\n</html>\n","headers":{"lazyUpdate":null,"normalizedNames":{}},"message":"Http failure response for http://localhost:5100/api/permis/undefined: 500 Internal Server Error","name":"HttpErrorResponse","ok":false,"status":500,"statusText":"Internal Server Error","url":"http://localhost:5100/api/permis/undefined"},"level":"error","message":"[FRONTEND] Error loading permissions","timestamp":"2026-05-11T14:48:17.886Z"}
{"level":"info","message":"Incoming request: GET /api/user","timestamp":"2026-05-11T14:48:41.060Z"}
{"level":"info","message":"Incoming request: GET /api/permis","timestamp":"2026-05-11T14:48:41.069Z"}
{"level":"info","message":"Incoming request: GET /api/permis/undefined","timestamp":"2026-05-11T14:48:41.204Z"}
{"level":"info","message":"Incoming request: POST /api/logs","timestamp":"2026-05-11T14:48:41.300Z"}
{"details":{"error":"<!DOCTYPE html>\n<html lang=\"en\">\n<head>\n<meta charset=\"utf-8\">\n<title>Error</title>\n</head>\n<body>\n<pre>ReferenceError: id is not defined<br> &nbsp; &nbsp;at getAllByUserId (file:///C:/2%20DAW/Projectos/Gestor_de_permisos_laborals/backend/crud/permisos.js:69:62)<br> &nbsp; &nbsp;at process.processTicksAndRejections (node:internal/process/task_queues:105:5)</pre>\n</body>\n</html>\n","headers":{"lazyUpdate":null,"normalizedNames":{}},"message":"Http failure response for http://localhost:5100/api/permis/undefined: 500 Internal Server Error","name":"HttpErrorResponse","ok":false,"status":500,"statusText":"Internal Server Error","url":"http://localhost:5100/api/permis/undefined"},"level":"error","message":"[FRONTEND] Error loading permissions","timestamp":"2026-05-11T14:48:41.301Z"}
{"level":"info","message":"Incoming request: GET /api/user","timestamp":"2026-05-11T14:49:01.332Z"}
{"level":"info","message":"Incoming request: GET /api/permis","timestamp":"2026-05-11T14:49:01.337Z"}
{"level":"info","message":"Incoming request: GET /api/permis:undefined","timestamp":"2026-05-11T14:49:01.476Z"}
{"level":"info","message":"Incoming request: POST /api/logs","timestamp":"2026-05-11T14:49:01.611Z"}
{"details":{"error":"<!DOCTYPE html>\n<html lang=\"en\">\n<head>\n<meta charset=\"utf-8\">\n<title>Error</title>\n</head>\n<body>\n<pre>Cannot GET /api/permis:undefined</pre>\n</body>\n</html>\n","headers":{"lazyUpdate":null,"normalizedNames":{}},"message":"Http failure response for http://localhost:5100/api/permis:undefined: 404 Not Found","name":"HttpErrorResponse","ok":false,"status":404,"statusText":"Not Found","url":"http://localhost:5100/api/permis:undefined"},"level":"error","message":"[FRONTEND] Error loading permissions","timestamp":"2026-05-11T14:49:01.612Z"}
{"level":"info","message":"Incoming request: GET /api/permis:undefined","timestamp":"2026-05-11T14:49:04.782Z"}
{"level":"info","message":"Incoming request: POST /api/logs","timestamp":"2026-05-11T14:49:04.847Z"}
{"details":{"error":"<!DOCTYPE html>\n<html lang=\"en\">\n<head>\n<meta charset=\"utf-8\">\n<title>Error</title>\n</head>\n<body>\n<pre>Cannot GET /api/permis:undefined</pre>\n</body>\n</html>\n","headers":{"lazyUpdate":null,"normalizedNames":{}},"message":"Http failure response for http://localhost:5100/api/permis:undefined: 404 Not Found","name":"HttpErrorResponse","ok":false,"status":404,"statusText":"Not Found","url":"http://localhost:5100/api/permis:undefined"},"level":"error","message":"[FRONTEND] Error loading permissions","timestamp":"2026-05-11T14:49:04.861Z"}
{"level":"info","message":"Incoming request: GET /api/permis:undefined","timestamp":"2026-05-11T14:49:18.132Z"}
{"level":"info","message":"Incoming request: POST /api/logs","timestamp":"2026-05-11T14:49:18.173Z"}
{"details":{"error":"<!DOCTYPE html>\n<html lang=\"en\">\n<head>\n<meta charset=\"utf-8\">\n<title>Error</title>\n</head>\n<body>\n<pre>Cannot GET /api/permis:undefined</pre>\n</body>\n</html>\n","headers":{"lazyUpdate":null,"normalizedNames":{}},"message":"Http failure response for http://localhost:5100/api/permis:undefined: 404 Not Found","name":"HttpErrorResponse","ok":false,"status":404,"statusText":"Not Found","url":"http://localhost:5100/api/permis:undefined"},"level":"error","message":"[FRONTEND] Error loading permissions","timestamp":"2026-05-11T14:49:18.174Z"}
{"level":"info","message":"Incoming request: GET /api/user","timestamp":"2026-05-11T14:49:18.872Z"}
{"level":"info","message":"Incoming request: GET /api/permis","timestamp":"2026-05-11T14:49:18.874Z"}
{"level":"info","message":"Incoming request: GET /api/user","timestamp":"2026-05-11T14:49:33.047Z"}
{"level":"info","message":"Incoming request: GET /api/permis","timestamp":"2026-05-11T14:49:33.052Z"}
{"level":"info","message":"Incoming request: GET /api/permis:undefined","timestamp":"2026-05-11T14:49:33.227Z"}
{"level":"info","message":"Incoming request: POST /api/logs","timestamp":"2026-05-11T14:49:33.298Z"}
{"details":{"error":"<!DOCTYPE html>\n<html lang=\"en\">\n<head>\n<meta charset=\"utf-8\">\n<title>Error</title>\n</head>\n<body>\n<pre>Cannot GET /api/permis:undefined</pre>\n</body>\n</html>\n","headers":{"lazyUpdate":null,"normalizedNames":{}},"message":"Http failure response for http://localhost:5100/api/permis:undefined: 404 Not Found","name":"HttpErrorResponse","ok":false,"status":404,"statusText":"Not Found","url":"http://localhost:5100/api/permis:undefined"},"level":"error","message":"[FRONTEND] Error loading permissions","timestamp":"2026-05-11T14:49:33.299Z"}
{"level":"info","message":"Servidor corriendose en el puerto 5100","timestamp":"2026-05-11T14:50:49.737Z"}
{"level":"info","message":"Incoming request: POST /api/logs","timestamp":"2026-05-11T14:50:49.868Z"}
{"details":{"error":{"isTrusted":true},"headers":{"headers":{},"lazyUpdate":null,"normalizedNames":{}},"message":"Http failure response for http://localhost:5100/api/permis: 0 Unknown Error","name":"HttpErrorResponse","ok":false,"status":0,"statusText":"Unknown Error","url":"http://localhost:5100/api/permis"},"level":"error","message":"[FRONTEND] Error loading permisos","timestamp":"2026-05-11T14:50:49.870Z"}
{"level":"info","message":"Incoming request: POST /api/logs","timestamp":"2026-05-11T14:50:49.874Z"}
{"details":{"error":{"isTrusted":true},"headers":{"headers":{},"lazyUpdate":null,"normalizedNames":{}},"message":"Http failure response for http://localhost:5100/api/user: 0 Unknown Error","name":"HttpErrorResponse","ok":false,"status":0,"statusText":"Unknown Error","url":"http://localhost:5100/api/user"},"level":"error","message":"[FRONTEND] Error loading users","timestamp":"2026-05-11T14:50:49.875Z"}
{"level":"info","message":"Servidor corriendose en el puerto 5100","timestamp":"2026-05-11T14:50:51.362Z"}
{"level":"info","message":"Incoming request: GET /api/user","timestamp":"2026-05-11T14:50:51.415Z"}
{"level":"info","message":"Incoming request: GET /api/permis","timestamp":"2026-05-11T14:50:51.420Z"}
{"level":"info","message":"Incoming request: GET /api/permis:undefined","timestamp":"2026-05-11T14:50:51.422Z"}
{"level":"info","message":"Incoming request: POST /api/renewToken","timestamp":"2026-05-11T14:50:51.448Z"}
{"level":"info","message":"Incoming request: POST /api/renewToken","timestamp":"2026-05-11T14:50:51.456Z"}
{"level":"info","message":"Incoming request: POST /api/logs","timestamp":"2026-05-11T14:50:51.459Z"}
{"details":{"error":"<!DOCTYPE html>\n<html lang=\"en\">\n<head>\n<meta charset=\"utf-8\">\n<title>Error</title>\n</head>\n<body>\n<pre>Cannot GET /api/permis:undefined</pre>\n</body>\n</html>\n","headers":{"lazyUpdate":null,"normalizedNames":{}},"message":"Http failure response for http://localhost:5100/api/permis:undefined: 404 Not Found","name":"HttpErrorResponse","ok":false,"status":404,"statusText":"Not Found","url":"http://localhost:5100/api/permis:undefined"},"level":"error","message":"[FRONTEND] Error loading permissions","timestamp":"2026-05-11T14:50:51.460Z"}
{"level":"info","message":"Incoming request: GET /api/permis","timestamp":"2026-05-11T14:50:51.831Z"}
{"level":"info","message":"Incoming request: GET /api/user","timestamp":"2026-05-11T14:50:52.020Z"}
{"level":"info","message":"Servidor corriendose en el puerto 5100","timestamp":"2026-05-11T14:50:55.669Z"}
{"level":"info","message":"Incoming request: GET /api/permis","timestamp":"2026-05-11T14:50:55.734Z"}
{"level":"info","message":"Incoming request: GET /api/user","timestamp":"2026-05-11T14:50:55.747Z"}
{"level":"info","message":"Servidor corriendose en el puerto 5100","timestamp":"2026-05-11T14:50:56.684Z"}
{"level":"info","message":"Incoming request: POST /api/logs","timestamp":"2026-05-11T14:50:56.732Z"}
{"details":{"error":{"isTrusted":true},"headers":{"headers":{},"lazyUpdate":null,"normalizedNames":{}},"message":"Http failure response for http://localhost:5100/api/user: 0 Unknown Error","name":"HttpErrorResponse","ok":false,"status":0,"statusText":"Unknown Error","url":"http://localhost:5100/api/user"},"level":"error","message":"[FRONTEND] Error loading users","timestamp":"2026-05-11T14:50:56.733Z"}
{"level":"info","message":"Incoming request: POST /api/logs","timestamp":"2026-05-11T14:50:56.737Z"}
{"details":{"error":{"isTrusted":true},"headers":{"headers":{},"lazyUpdate":null,"normalizedNames":{}},"message":"Http failure response for http://localhost:5100/api/permis: 0 Unknown Error","name":"HttpErrorResponse","ok":false,"status":0,"statusText":"Unknown Error","url":"http://localhost:5100/api/permis"},"level":"error","message":"[FRONTEND] Error loading permisos","timestamp":"2026-05-11T14:50:56.738Z"}
{"level":"info","message":"Servidor corriendose en el puerto 5100","timestamp":"2026-05-11T14:57:01.021Z"}
{"level":"info","message":"Incoming request: POST /api/login","timestamp":"2026-05-11T14:57:04.795Z"}
{"level":"info","message":"Login correcto: joel","timestamp":"2026-05-11T14:57:05.035Z"}
{"level":"info","message":"Incoming request: GET /api/permis/joel","timestamp":"2026-05-11T14:57:05.084Z"}
{"level":"info","message":"Incoming request: GET /api/permis/joel","timestamp":"2026-05-11T14:57:13.396Z"}
{"level":"info","message":"Incoming request: GET /api/permis/joel","timestamp":"2026-05-11T14:57:22.565Z"}
{"level":"info","message":"Incoming request: GET /api/permis/joel","timestamp":"2026-05-11T14:57:22.598Z"}
{"level":"info","message":"Incoming request: GET /api/permis/joel","timestamp":"2026-05-11T14:57:25.392Z"}
{"level":"info","message":"Incoming request: GET /api/permis/joel","timestamp":"2026-05-11T14:57:25.425Z"}
{"level":"info","message":"Incoming request: GET /api/permis/joel","timestamp":"2026-05-11T14:57:28.447Z"}
{"level":"info","message":"Incoming request: GET /api/permis/joel","timestamp":"2026-05-11T14:57:28.481Z"}
{"level":"info","message":"Incoming request: GET /api/permis/joel","timestamp":"2026-05-11T14:57:30.862Z"}
{"level":"info","message":"Incoming request: GET /api/permis/joel","timestamp":"2026-05-11T14:58:04.074Z"}
{"level":"info","message":"Incoming request: GET /api/permis/joel","timestamp":"2026-05-11T14:58:04.247Z"}
{"level":"info","message":"Incoming request: POST /api/permis","timestamp":"2026-05-11T14:58:14.551Z"}
{"level":"error","message":"Error creating permiso: permisos validation failed: empId: Path `empId` is required.","timestamp":"2026-05-11T14:58:14.571Z"}
{"level":"info","message":"Incoming request: POST /api/permis","timestamp":"2026-05-11T14:58:22.249Z"}
{"level":"error","message":"Error creating permiso: permisos validation failed: empId: Path `empId` is required.","timestamp":"2026-05-11T14:58:22.253Z"}
{"level":"info","message":"Incoming request: POST /api/permis","timestamp":"2026-05-11T14:58:44.679Z"}
{"level":"error","message":"Error creating permiso: permisos validation failed: empId: Path `empId` is required.","timestamp":"2026-05-11T14:58:44.683Z"}
{"level":"info","message":"Incoming request: GET /api/permis/joel","timestamp":"2026-05-11T14:59:15.543Z"}
{"level":"info","message":"Incoming request: GET /api/permis/joel","timestamp":"2026-05-11T14:59:19.578Z"}
{"level":"info","message":"Incoming request: GET /api/permis/joel","timestamp":"2026-05-11T14:59:21.998Z"}
{"level":"info","message":"Incoming request: POST /api/permis","timestamp":"2026-05-11T14:59:23.636Z"}
{"level":"error","message":"Error creating permiso: permisos validation failed: empId: Cast to ObjectId failed for value \"joel\" (type string) at path \"empId\" because of \"BSONError\"","timestamp":"2026-05-11T14:59:23.645Z"}
{"level":"info","message":"Incoming request: POST /api/permis","timestamp":"2026-05-11T14:59:29.217Z"}
{"level":"error","message":"Error creating permiso: permisos validation failed: empId: Cast to ObjectId failed for value \"joel\" (type string) at path \"empId\" because of \"BSONError\"","timestamp":"2026-05-11T14:59:29.219Z"}
{"level":"info","message":"Incoming request: GET /api/permis/joel","timestamp":"2026-05-11T14:59:37.445Z"}
{"level":"info","message":"Incoming request: GET /api/permis/joel","timestamp":"2026-05-11T14:59:41.432Z"}
{"level":"info","message":"Incoming request: GET /api/permis/joel","timestamp":"2026-05-11T14:59:58.387Z"}
{"level":"info","message":"Incoming request: GET /api/permis/joel","timestamp":"2026-05-11T15:00:03.977Z"}
{"level":"info","message":"Incoming request: GET /api/permis/joel","timestamp":"2026-05-11T15:00:24.446Z"}
{"level":"info","message":"Incoming request: POST /api/logout","timestamp":"2026-05-11T15:00:24.922Z"}
{"level":"info","message":"Incoming request: GET /api/permis/joel","timestamp":"2026-05-11T15:00:26.006Z"}
{"level":"info","message":"Incoming request: POST /api/renewToken","timestamp":"2026-05-11T15:00:26.087Z"}
{"level":"info","message":"Incoming request: GET /api/permis/joel","timestamp":"2026-05-11T15:00:26.137Z"}
{"level":"info","message":"Incoming request: POST /api/logout","timestamp":"2026-05-11T15:00:30.058Z"}
{"level":"info","message":"Incoming request: POST /api/login","timestamp":"2026-05-11T15:00:36.416Z"}
{"level":"info","message":"Login correcto: joel","timestamp":"2026-05-11T15:00:36.701Z"}
{"level":"info","message":"Incoming request: GET /api/permis/joel","timestamp":"2026-05-11T15:00:36.772Z"}
{"level":"info","message":"Servidor corriendose en el puerto 5100","timestamp":"2026-05-11T15:01:02.148Z"}
{"level":"info","message":"Incoming request: GET /api/permis/joel","timestamp":"2026-05-11T15:01:03.632Z"}
{"level":"info","message":"Incoming request: POST /api/logout","timestamp":"2026-05-11T15:01:21.147Z"}
{"level":"info","message":"Incoming request: POST /api/login","timestamp":"2026-05-11T15:01:25.385Z"}
{"level":"info","message":"Login correcto: joel","timestamp":"2026-05-11T15:01:25.671Z"}
{"level":"info","message":"Incoming request: GET /api/permis/joel","timestamp":"2026-05-11T15:01:25.726Z"}
{"level":"info","message":"Incoming request: POST /api/permis","timestamp":"2026-05-11T15:01:33.277Z"}
{"level":"error","message":"Error creating permiso: permisos validation failed: empId: Path `empId` is required.","timestamp":"2026-05-11T15:01:33.295Z"}
{"level":"info","message":"Incoming request: GET /api/permis/joel","timestamp":"2026-05-11T15:01:46.454Z"}
{"level":"info","message":"Incoming request: GET /api/permis/joel","timestamp":"2026-05-11T15:01:49.343Z"}
{"level":"info","message":"Incoming request: GET /api/permis/joel","timestamp":"2026-05-11T15:01:54.399Z"}
{"level":"info","message":"Incoming request: POST /api/logout","timestamp":"2026-05-11T15:02:06.866Z"}
{"level":"info","message":"Incoming request: POST /api/login","timestamp":"2026-05-11T15:02:10.890Z"}
{"level":"info","message":"Login correcto: joel","timestamp":"2026-05-11T15:02:11.157Z"}
{"level":"info","message":"Incoming request: GET /api/permis/joel","timestamp":"2026-05-11T15:02:11.220Z"}
{"level":"info","message":"Incoming request: GET /api/permis/joel","timestamp":"2026-05-11T15:02:24.344Z"}
{"level":"info","message":"Incoming request: GET /api/permis/joel","timestamp":"2026-05-11T15:02:27.986Z"}
{"level":"info","message":"Incoming request: POST /api/permis","timestamp":"2026-05-11T15:02:31.479Z"}
{"level":"info","message":"Permiso created for user 69fb50e433e6323e7080c7f0","timestamp":"2026-05-11T15:02:31.534Z"}
{"level":"info","message":"Incoming request: GET /api/permis/joel","timestamp":"2026-05-11T15:02:32.663Z"}
{"level":"info","message":"Incoming request: GET /api/permis/joel","timestamp":"2026-05-11T15:02:34.964Z"}
{"level":"info","message":"Servidor corriendose en el puerto 5100","timestamp":"2026-05-11T15:39:50.602Z"}
{"level":"info","message":"Servidor corriendose en el puerto 5100","timestamp":"2026-05-11T15:42:49.060Z"}
{"level":"info","message":"Servidor corriendose en el puerto 5100","timestamp":"2026-05-11T15:51:51.253Z"}
{"level":"info","message":"Servidor corriendose en el puerto 5100","timestamp":"2026-05-11T16:40:07.283Z"}
{"level":"info","message":"Servidor corriendose en el puerto 5100","timestamp":"2026-05-11T16:40:08.107Z"}
{"level":"info","message":"Servidor corriendose en el puerto 5100","timestamp":"2026-05-11T16:43:06.672Z"}
{"level":"info","message":"Servidor corriendose en el puerto 5100","timestamp":"2026-05-11T16:52:08.939Z"}
{"level":"info","message":"Servidor corriendose en el puerto 5100","timestamp":"2026-05-11T22:56:56.599Z"}
{"level":"info","message":"Servidor corriendose en el puerto 5100","timestamp":"2026-05-13T14:14:42.591Z"}
{"level":"info","message":"Servidor corriendose en el puerto 5100","timestamp":"2026-05-13T14:14:51.145Z"}
{"level":"info","message":"Incoming request: GET /api/permis/joel","timestamp":"2026-05-13T14:27:49.224Z"}
{"level":"info","message":"Incoming request: POST /api/renewToken","timestamp":"2026-05-13T14:27:49.409Z"}
{"level":"info","message":"Servidor corriendose en el puerto 5100","timestamp":"2026-05-13T14:27:50.561Z"}
{"level":"info","message":"Incoming request: GET /api/permis/joel","timestamp":"2026-05-13T14:27:50.639Z"}
{"level":"info","message":"Incoming request: GET /api/permis/joel","timestamp":"2026-05-13T14:29:14.286Z"}
{"level":"info","message":"Incoming request: GET /api/permis/joel","timestamp":"2026-05-13T14:29:16.733Z"}
{"level":"info","message":"Incoming request: POST /api/logout","timestamp":"2026-05-13T14:29:18.012Z"}
{"level":"info","message":"Incoming request: POST /api/login","timestamp":"2026-05-13T14:29:22.549Z"}
{"level":"info","message":"Login correcto: joel","timestamp":"2026-05-13T14:29:22.867Z"}
{"level":"info","message":"Incoming request: GET /api/permis/joel","timestamp":"2026-05-13T14:29:22.917Z"}
{"level":"info","message":"Incoming request: POST /api/logout","timestamp":"2026-05-13T14:29:23.943Z"}
{"level":"info","message":"Incoming request: POST /api/login","timestamp":"2026-05-13T14:29:28.814Z"}
{"level":"info","message":"Login correcto: Miniboo","timestamp":"2026-05-13T14:29:29.086Z"}
{"level":"info","message":"Incoming request: GET /api/dashboard","timestamp":"2026-05-13T14:29:29.121Z"}
{"level":"info","message":"Incoming request: POST /api/logs","timestamp":"2026-05-13T14:33:13.314Z"}
{"details":{"error":{"isTrusted":true},"headers":{"headers":{},"lazyUpdate":null,"normalizedNames":{}},"message":"Http failure response for http://localhost:5100/api/dashboard: 0 Unknown Error","name":"HttpErrorResponse","ok":false,"status":0,"statusText":"Unknown Error","url":"http://localhost:5100/api/dashboard"},"level":"error","message":"[FRONTEND] Error loading dashboard data","timestamp":"2026-05-13T14:33:13.315Z"}
{"level":"info","message":"Incoming request: GET /api/dashboard","timestamp":"2026-05-13T14:33:14.468Z"}
{"level":"info","message":"Incoming request: POST /api/logs","timestamp":"2026-05-13T14:42:30.157Z"}
{"details":{"error":{"isTrusted":true},"headers":{"headers":{},"lazyUpdate":null,"normalizedNames":{}},"message":"Http failure response for http://localhost:5100/api/dashboard: 0 Unknown Error","name":"HttpErrorResponse","ok":false,"status":0,"statusText":"Unknown Error","url":"http://localhost:5100/api/dashboard"},"level":"error","message":"[FRONTEND] Error loading dashboard data","timestamp":"2026-05-13T14:42:30.158Z"}
{"level":"info","message":"Incoming request: GET /api/dashboard","timestamp":"2026-05-13T14:42:43.561Z"}
{"level":"info","message":"Incoming request: POST /api/renewToken","timestamp":"2026-05-13T14:42:43.656Z"}
{"level":"info","message":"Incoming request: POST /api/logs","timestamp":"2026-05-13T14:42:44.149Z"}
{"details":{"error":{"error":"Token de actualización revocado o inválido"},"headers":{"lazyUpdate":null,"normalizedNames":{}},"message":"Http failure response for http://localhost:5100/api/renewToken: 401 Unauthorized","name":"HttpErrorResponse","ok":false,"status":401,"statusText":"Unauthorized","url":"http://localhost:5100/api/renewToken"},"level":"error","message":"[FRONTEND] Error loading dashboard data","timestamp":"2026-05-13T14:42:44.150Z"}
{"level":"info","message":"Servidor corriendose en el puerto 5100","timestamp":"2026-05-13T14:44:30.827Z"}
{"level":"info","message":"Servidor corriendose en el puerto 5100","timestamp":"2026-05-13T14:46:56.938Z"}
=======
{"level":"info","message":"Servidor corriendose en el puerto 5100","timestamp":"2026-05-11T13:40:19.669Z"}
{"level":"info","message":"Incoming request: POST /api/login","timestamp":"2026-05-11T13:40:44.488Z"}
{"level":"info","message":"Login correcto: joel","timestamp":"2026-05-11T13:40:44.691Z"}
{"level":"info","message":"Incoming request: GET /api/me","timestamp":"2026-05-11T13:40:44.702Z"}
{"level":"info","message":"Incoming request: GET /api/me","timestamp":"2026-05-11T13:40:50.622Z"}
{"level":"info","message":"Incoming request: POST /api/login","timestamp":"2026-05-11T13:41:07.389Z"}
{"level":"info","message":"Login correcto: Miniboo","timestamp":"2026-05-11T13:41:07.551Z"}
{"level":"info","message":"Incoming request: GET /api/me","timestamp":"2026-05-11T13:41:07.561Z"}
{"level":"info","message":"Incoming request: POST /api/login","timestamp":"2026-05-11T13:41:33.155Z"}
{"level":"info","message":"Login correcto: Miniboo","timestamp":"2026-05-11T13:41:33.363Z"}
{"level":"info","message":"Incoming request: GET /api/me","timestamp":"2026-05-11T13:41:33.373Z"}
{"level":"info","message":"Incoming request: GET /api/me","timestamp":"2026-05-11T13:42:25.254Z"}
{"level":"info","message":"Incoming request: POST /api/renewToken","timestamp":"2026-05-11T13:42:25.277Z"}
{"level":"info","message":"Incoming request: POST /api/logs","timestamp":"2026-05-11T13:42:25.303Z"}
{"details":{"error":{"error":"Refresh token requerido"},"headers":{"lazyUpdate":null,"normalizedNames":{}},"message":"Http failure response for http://localhost:5100/api/renewToken: 401 Unauthorized","name":"HttpErrorResponse","ok":false,"status":401,"statusText":"Unauthorized","url":"http://localhost:5100/api/renewToken"},"level":"warn","message":"[FRONTEND] User not logged in or session expired","timestamp":"2026-05-11T13:42:25.306Z"}
{"level":"info","message":"Incoming request: POST /api/login","timestamp":"2026-05-11T13:42:33.802Z"}
{"level":"info","message":"Login correcto: Miniboo","timestamp":"2026-05-11T13:42:34.005Z"}
{"level":"info","message":"Incoming request: GET /api/me","timestamp":"2026-05-11T13:42:34.024Z"}
{"level":"info","message":"Incoming request: POST /api/login","timestamp":"2026-05-11T13:42:42.324Z"}
{"level":"info","message":"Login correcto: Miniboo","timestamp":"2026-05-11T13:42:42.536Z"}
{"level":"info","message":"Incoming request: GET /api/me","timestamp":"2026-05-11T13:42:42.576Z"}
{"level":"info","message":"Incoming request: POST /api/login","timestamp":"2026-05-11T13:42:54.767Z"}
{"level":"info","message":"Login correcto: Miniboo","timestamp":"2026-05-11T13:42:55.170Z"}
{"level":"info","message":"Incoming request: GET /api/me","timestamp":"2026-05-11T13:42:55.245Z"}
{"level":"info","message":"Incoming request: POST /api/login","timestamp":"2026-05-11T13:43:54.070Z"}
{"level":"info","message":"Login correcto: Miniboo","timestamp":"2026-05-11T13:43:54.439Z"}
{"level":"info","message":"Incoming request: GET /api/me","timestamp":"2026-05-11T13:43:54.489Z"}
{"level":"info","message":"Incoming request: POST /api/login","timestamp":"2026-05-11T13:45:00.968Z"}
{"level":"info","message":"Login correcto: Miniboo","timestamp":"2026-05-11T13:45:01.125Z"}
{"level":"info","message":"Incoming request: GET /api/me","timestamp":"2026-05-11T13:45:01.156Z"}
{"level":"info","message":"Incoming request: POST /api/login","timestamp":"2026-05-11T13:45:06.739Z"}
{"level":"info","message":"Login correcto: Miniboo","timestamp":"2026-05-11T13:45:06.908Z"}
{"level":"info","message":"Incoming request: GET /api/me","timestamp":"2026-05-11T13:45:06.933Z"}
{"level":"info","message":"Incoming request: GET /api/me","timestamp":"2026-05-11T13:45:25.986Z"}
{"level":"info","message":"Servidor corriendose en el puerto 5100","timestamp":"2026-05-11T13:50:05.359Z"}
{"level":"info","message":"Servidor corriendose en el puerto 5100","timestamp":"2026-05-11T13:50:06.907Z"}
{"level":"info","message":"Incoming request: POST /api/login","timestamp":"2026-05-11T13:50:22.380Z"}
{"level":"info","message":"Login correcto: Miniboo","timestamp":"2026-05-11T13:50:22.570Z"}
{"level":"info","message":"Servidor corriendose en el puerto 5100","timestamp":"2026-05-11T13:50:24.135Z"}
{"level":"info","message":"Incoming request: GET /api/me","timestamp":"2026-05-11T13:50:24.145Z"}
{"level":"info","message":"Incoming request: POST /api/login","timestamp":"2026-05-11T13:50:25.543Z"}
{"level":"info","message":"Login correcto: Miniboo","timestamp":"2026-05-11T13:50:25.721Z"}
{"level":"info","message":"Incoming request: GET /api/me","timestamp":"2026-05-11T13:50:25.733Z"}
{"level":"info","message":"Incoming request: POST /api/login","timestamp":"2026-05-11T13:50:29.360Z"}
{"level":"info","message":"Login correcto: Miniboo","timestamp":"2026-05-11T13:50:29.514Z"}
{"level":"info","message":"Incoming request: GET /api/me","timestamp":"2026-05-11T13:50:29.528Z"}
{"level":"info","message":"Incoming request: POST /api/login","timestamp":"2026-05-11T13:50:42.373Z"}
{"level":"info","message":"Login correcto: Miniboo","timestamp":"2026-05-11T13:50:42.555Z"}
{"level":"info","message":"Incoming request: GET /api/me","timestamp":"2026-05-11T13:50:50.871Z"}
{"level":"info","message":"Incoming request: POST /api/login","timestamp":"2026-05-11T13:52:11.677Z"}
{"level":"info","message":"Login correcto: Miniboo","timestamp":"2026-05-11T13:52:11.887Z"}
{"level":"info","message":"Incoming request: GET /api/me","timestamp":"2026-05-11T13:52:15.198Z"}
{"level":"info","message":"Incoming request: GET /api/me","timestamp":"2026-05-11T14:02:19.989Z"}
{"level":"info","message":"Incoming request: POST /api/renewToken","timestamp":"2026-05-11T14:02:20.154Z"}
{"level":"info","message":"Incoming request: POST /api/logs","timestamp":"2026-05-11T14:02:21.379Z"}
{"details":{"error":{"error":"Token de actualización revocado o inválido"},"headers":{"lazyUpdate":null,"normalizedNames":{}},"message":"Http failure response for http://localhost:5100/api/renewToken: 401 Unauthorized","name":"HttpErrorResponse","ok":false,"status":401,"statusText":"Unauthorized","url":"http://localhost:5100/api/renewToken"},"level":"warn","message":"[FRONTEND] User not logged in or session expired","timestamp":"2026-05-11T14:02:21.381Z"}
{"level":"info","message":"Incoming request: GET /api/me","timestamp":"2026-05-11T14:02:58.725Z"}
{"level":"info","message":"Incoming request: POST /api/renewToken","timestamp":"2026-05-11T14:02:58.845Z"}
{"level":"info","message":"Incoming request: POST /api/logs","timestamp":"2026-05-11T14:03:00.408Z"}
{"details":{"error":{"error":"Token de actualización revocado o inválido"},"headers":{"lazyUpdate":null,"normalizedNames":{}},"message":"Http failure response for http://localhost:5100/api/renewToken: 401 Unauthorized","name":"HttpErrorResponse","ok":false,"status":401,"statusText":"Unauthorized","url":"http://localhost:5100/api/renewToken"},"level":"warn","message":"[FRONTEND] User not logged in or session expired","timestamp":"2026-05-11T14:03:00.409Z"}
{"level":"info","message":"Incoming request: GET /api/me","timestamp":"2026-05-11T14:03:04.350Z"}
{"level":"info","message":"Incoming request: POST /api/renewToken","timestamp":"2026-05-11T14:03:04.493Z"}
{"level":"info","message":"Incoming request: POST /api/logs","timestamp":"2026-05-11T14:03:06.234Z"}
{"details":{"error":{"error":"Token de actualización revocado o inválido"},"headers":{"lazyUpdate":null,"normalizedNames":{}},"message":"Http failure response for http://localhost:5100/api/renewToken: 401 Unauthorized","name":"HttpErrorResponse","ok":false,"status":401,"statusText":"Unauthorized","url":"http://localhost:5100/api/renewToken"},"level":"warn","message":"[FRONTEND] User not logged in or session expired","timestamp":"2026-05-11T14:03:06.236Z"}
{"level":"info","message":"Incoming request: GET /api/me","timestamp":"2026-05-11T14:03:09.704Z"}
{"level":"info","message":"Incoming request: POST /api/renewToken","timestamp":"2026-05-11T14:03:09.835Z"}
{"level":"info","message":"Incoming request: POST /api/logs","timestamp":"2026-05-11T14:03:11.752Z"}
{"details":{"error":{"error":"Token de actualización revocado o inválido"},"headers":{"lazyUpdate":null,"normalizedNames":{}},"message":"Http failure response for http://localhost:5100/api/renewToken: 401 Unauthorized","name":"HttpErrorResponse","ok":false,"status":401,"statusText":"Unauthorized","url":"http://localhost:5100/api/renewToken"},"level":"warn","message":"[FRONTEND] User not logged in or session expired","timestamp":"2026-05-11T14:03:11.753Z"}
{"level":"info","message":"Incoming request: GET /api/me","timestamp":"2026-05-11T14:03:23.435Z"}
{"level":"info","message":"Incoming request: POST /api/renewToken","timestamp":"2026-05-11T14:03:23.715Z"}
{"level":"info","message":"Incoming request: POST /api/logs","timestamp":"2026-05-11T14:03:23.805Z"}
{"details":{"error":{"error":"Token de actualización revocado o inválido"},"headers":{"lazyUpdate":null,"normalizedNames":{}},"message":"Http failure response for http://localhost:5100/api/renewToken: 401 Unauthorized","name":"HttpErrorResponse","ok":false,"status":401,"statusText":"Unauthorized","url":"http://localhost:5100/api/renewToken"},"level":"warn","message":"[FRONTEND] User not logged in or session expired","timestamp":"2026-05-11T14:03:23.806Z"}
{"level":"info","message":"Incoming request: GET /api/me","timestamp":"2026-05-11T14:03:27.389Z"}
{"level":"info","message":"Incoming request: POST /api/renewToken","timestamp":"2026-05-11T14:03:27.433Z"}
{"level":"info","message":"Incoming request: POST /api/logs","timestamp":"2026-05-11T14:03:27.472Z"}
{"details":{"error":{"error":"Token de actualización revocado o inválido"},"headers":{"lazyUpdate":null,"normalizedNames":{}},"message":"Http failure response for http://localhost:5100/api/renewToken: 401 Unauthorized","name":"HttpErrorResponse","ok":false,"status":401,"statusText":"Unauthorized","url":"http://localhost:5100/api/renewToken"},"level":"warn","message":"[FRONTEND] User not logged in or session expired","timestamp":"2026-05-11T14:03:27.472Z"}
{"level":"info","message":"Incoming request: GET /api/me","timestamp":"2026-05-11T14:03:29.956Z"}
{"level":"info","message":"Incoming request: POST /api/renewToken","timestamp":"2026-05-11T14:03:30.241Z"}
{"level":"info","message":"Incoming request: POST /api/logs","timestamp":"2026-05-11T14:03:30.333Z"}
{"details":{"error":{"error":"Token de actualización revocado o inválido"},"headers":{"lazyUpdate":null,"normalizedNames":{}},"message":"Http failure response for http://localhost:5100/api/renewToken: 401 Unauthorized","name":"HttpErrorResponse","ok":false,"status":401,"statusText":"Unauthorized","url":"http://localhost:5100/api/renewToken"},"level":"warn","message":"[FRONTEND] User not logged in or session expired","timestamp":"2026-05-11T14:03:30.334Z"}
{"level":"info","message":"Incoming request: GET /api/me","timestamp":"2026-05-11T14:11:15.460Z"}
{"level":"info","message":"Incoming request: POST /api/renewToken","timestamp":"2026-05-11T14:11:15.594Z"}
{"level":"info","message":"Incoming request: POST /api/logs","timestamp":"2026-05-11T14:11:17.243Z"}
{"details":{"error":{"error":"Token de actualización revocado o inválido"},"headers":{"lazyUpdate":null,"normalizedNames":{}},"message":"Http failure response for http://localhost:5100/api/renewToken: 401 Unauthorized","name":"HttpErrorResponse","ok":false,"status":401,"statusText":"Unauthorized","url":"http://localhost:5100/api/renewToken"},"level":"warn","message":"[FRONTEND] User not logged in or session expired","timestamp":"2026-05-11T14:11:17.244Z"}
{"level":"info","message":"Servidor corriendose en el puerto 5100","timestamp":"2026-05-11T14:20:36.150Z"}
{"level":"info","message":"Incoming request: POST /api/login","timestamp":"2026-05-11T14:20:48.648Z"}
{"level":"info","message":"Login correcto: Miniboo","timestamp":"2026-05-11T14:20:48.877Z"}
{"level":"info","message":"Incoming request: GET /api/me","timestamp":"2026-05-11T14:20:48.890Z"}
{"level":"info","message":"Incoming request: GET /api/me","timestamp":"2026-05-11T14:20:48.983Z"}
{"level":"info","message":"Incoming request: GET /api/dashboard","timestamp":"2026-05-11T14:20:49.010Z"}
{"level":"info","message":"Incoming request: POST /api/logs","timestamp":"2026-05-11T14:20:49.072Z"}
{"details":{"__v":0,"_id":"69f217fa54bb8f0edf9bbbbe","cognom1":"Perez","cognom2":"Gomez del Pulgar","createdAt":"2026-04-29T14:38:50.179Z","email":"adaw24jperez@inslaferreria.cat","imatge":"https://www.w3schools.com/howto/img_avatar.png","nom":"Joel","refreshToken":"eyJhbGciOiJIUzI1NiIsInR5cCI6IkpXVCJ9.eyJpZCI6IjY5ZjIxN2ZhNTRiYjhmMGVkZjliYmJiZSIsInJvbCI6ImFkbWluIiwiaWF0IjoxNzc4NTA5MjQ4LCJleHAiOjE3NzkxMTQwNDh9.69F3Azj2qtlMh3qlLZhZOie95y2bi_tid8pI2m1OZyQ","rol":"admin","updatedAt":"2026-05-11T14:20:48.816Z","username":"Miniboo"},"level":"info","message":"[FRONTEND] User data from server","timestamp":"2026-05-11T14:20:49.073Z"}
{"level":"info","message":"Incoming request: GET /api/me","timestamp":"2026-05-11T14:20:56.704Z"}
{"level":"info","message":"Incoming request: GET /api/user","timestamp":"2026-05-11T14:20:56.784Z"}
{"level":"info","message":"Incoming request: GET /api/me","timestamp":"2026-05-11T14:20:57.474Z"}
{"level":"info","message":"Incoming request: GET /api/permis","timestamp":"2026-05-11T14:20:57.571Z"}
{"level":"info","message":"Incoming request: GET /api/user","timestamp":"2026-05-11T14:21:17.573Z"}
{"level":"info","message":"Incoming request: PUT /api/permis/69f8a05be28d906670321fcb","timestamp":"2026-05-11T14:21:41.143Z"}
{"level":"info","message":"Incoming request: GET /api/me","timestamp":"2026-05-11T14:22:36.113Z"}
{"level":"info","message":"Incoming request: GET /api/user","timestamp":"2026-05-11T14:22:56.215Z"}
{"level":"info","message":"Incoming request: GET /api/me","timestamp":"2026-05-11T14:23:12.836Z"}
{"level":"info","message":"Incoming request: GET /api/dashboard","timestamp":"2026-05-11T14:23:32.964Z"}
{"level":"info","message":"Incoming request: GET /api/me","timestamp":"2026-05-11T14:46:33.337Z"}
{"level":"info","message":"Incoming request: POST /api/renewToken","timestamp":"2026-05-11T14:46:34.904Z"}
{"level":"info","message":"Incoming request: POST /api/login","timestamp":"2026-05-11T14:46:43.969Z"}
{"level":"info","message":"Login correcto: Miniboo","timestamp":"2026-05-11T14:46:44.119Z"}
{"level":"info","message":"Incoming request: GET /api/me","timestamp":"2026-05-11T14:46:44.129Z"}
{"level":"info","message":"Incoming request: GET /api/me","timestamp":"2026-05-11T14:46:44.211Z"}
{"level":"info","message":"Incoming request: GET /api/dashboard","timestamp":"2026-05-11T14:46:44.239Z"}
{"level":"info","message":"Incoming request: POST /api/logs","timestamp":"2026-05-11T14:46:44.285Z"}
{"details":{"__v":0,"_id":"69f217fa54bb8f0edf9bbbbe","cognom1":"Perez","cognom2":"Gomez del Pulgar","createdAt":"2026-04-29T14:38:50.179Z","email":"adaw24jperez@inslaferreria.cat","imatge":"https://www.w3schools.com/howto/img_avatar.png","nom":"Joel","refreshToken":"eyJhbGciOiJIUzI1NiIsInR5cCI6IkpXVCJ9.eyJpZCI6IjY5ZjIxN2ZhNTRiYjhmMGVkZjliYmJiZSIsInJvbCI6ImFkbWluIiwiaWF0IjoxNzc4NTEwODA0LCJleHAiOjE3NzkxMTU2MDR9.uFZq4WPN6LiwgztoNk4CHpuqVKMlA8WzvvNrw4d7qT0","rol":"admin","updatedAt":"2026-05-11T14:46:44.080Z","username":"Miniboo"},"level":"info","message":"[FRONTEND] User data from server","timestamp":"2026-05-11T14:46:44.286Z"}
{"level":"info","message":"Incoming request: GET /api/me","timestamp":"2026-05-11T14:55:13.692Z"}
{"level":"info","message":"Incoming request: POST /api/renewToken","timestamp":"2026-05-11T14:55:15.404Z"}
{"level":"info","message":"Incoming request: GET /api/me","timestamp":"2026-05-11T14:55:15.455Z"}
{"level":"info","message":"Incoming request: GET /api/me","timestamp":"2026-05-11T14:55:15.571Z"}
{"level":"info","message":"Incoming request: GET /api/dashboard","timestamp":"2026-05-11T14:55:15.577Z"}
{"level":"info","message":"Incoming request: POST /api/logs","timestamp":"2026-05-11T14:55:15.637Z"}
{"details":{"__v":0,"_id":"69f217fa54bb8f0edf9bbbbe","cognom1":"Perez","cognom2":"Gomez del Pulgar","createdAt":"2026-04-29T14:38:50.179Z","email":"adaw24jperez@inslaferreria.cat","imatge":"https://www.w3schools.com/howto/img_avatar.png","nom":"Joel","refreshToken":"eyJhbGciOiJIUzI1NiIsInR5cCI6IkpXVCJ9.eyJpZCI6IjY5ZjIxN2ZhNTRiYjhmMGVkZjliYmJiZSIsInJvbCI6ImFkbWluIiwiaWF0IjoxNzc4NTEwODA0LCJleHAiOjE3NzkxMTU2MDR9.uFZq4WPN6LiwgztoNk4CHpuqVKMlA8WzvvNrw4d7qT0","rol":"admin","updatedAt":"2026-05-11T14:46:44.080Z","username":"Miniboo"},"level":"info","message":"[FRONTEND] User data from server","timestamp":"2026-05-11T14:55:15.637Z"}
{"level":"info","message":"Incoming request: GET /api/me","timestamp":"2026-05-11T14:55:34.095Z"}
{"level":"info","message":"Incoming request: GET /api/me","timestamp":"2026-05-11T14:55:34.645Z"}
{"level":"info","message":"Incoming request: GET /api/dashboard","timestamp":"2026-05-11T14:55:34.651Z"}
{"level":"info","message":"Incoming request: POST /api/logs","timestamp":"2026-05-11T14:55:34.689Z"}
{"details":{"__v":0,"_id":"69f217fa54bb8f0edf9bbbbe","cognom1":"Perez","cognom2":"Gomez del Pulgar","createdAt":"2026-04-29T14:38:50.179Z","email":"adaw24jperez@inslaferreria.cat","imatge":"https://www.w3schools.com/howto/img_avatar.png","nom":"Joel","refreshToken":"eyJhbGciOiJIUzI1NiIsInR5cCI6IkpXVCJ9.eyJpZCI6IjY5ZjIxN2ZhNTRiYjhmMGVkZjliYmJiZSIsInJvbCI6ImFkbWluIiwiaWF0IjoxNzc4NTEwODA0LCJleHAiOjE3NzkxMTU2MDR9.uFZq4WPN6LiwgztoNk4CHpuqVKMlA8WzvvNrw4d7qT0","rol":"admin","updatedAt":"2026-05-11T14:46:44.080Z","username":"Miniboo"},"level":"info","message":"[FRONTEND] User data from server","timestamp":"2026-05-11T14:55:34.690Z"}
{"level":"info","message":"Incoming request: GET /api/me","timestamp":"2026-05-11T14:56:01.693Z"}
{"level":"info","message":"Incoming request: GET /api/me","timestamp":"2026-05-11T14:56:03.261Z"}
{"level":"info","message":"Incoming request: GET /api/dashboard","timestamp":"2026-05-11T14:56:03.274Z"}
{"level":"info","message":"Incoming request: POST /api/logs","timestamp":"2026-05-11T14:56:03.310Z"}
{"details":{"__v":0,"_id":"69f217fa54bb8f0edf9bbbbe","cognom1":"Perez","cognom2":"Gomez del Pulgar","createdAt":"2026-04-29T14:38:50.179Z","email":"adaw24jperez@inslaferreria.cat","imatge":"https://www.w3schools.com/howto/img_avatar.png","nom":"Joel","refreshToken":"eyJhbGciOiJIUzI1NiIsInR5cCI6IkpXVCJ9.eyJpZCI6IjY5ZjIxN2ZhNTRiYjhmMGVkZjliYmJiZSIsInJvbCI6ImFkbWluIiwiaWF0IjoxNzc4NTEwODA0LCJleHAiOjE3NzkxMTU2MDR9.uFZq4WPN6LiwgztoNk4CHpuqVKMlA8WzvvNrw4d7qT0","rol":"admin","updatedAt":"2026-05-11T14:46:44.080Z","username":"Miniboo"},"level":"info","message":"[FRONTEND] User data from server","timestamp":"2026-05-11T14:56:03.311Z"}
{"level":"info","message":"Incoming request: GET /api/me","timestamp":"2026-05-11T14:57:47.198Z"}
{"level":"info","message":"Incoming request: GET /api/me","timestamp":"2026-05-11T14:57:49.443Z"}
{"level":"info","message":"Incoming request: GET /api/dashboard","timestamp":"2026-05-11T14:57:49.457Z"}
{"level":"info","message":"Incoming request: POST /api/logs","timestamp":"2026-05-11T14:57:49.502Z"}
{"details":{"__v":0,"_id":"69f217fa54bb8f0edf9bbbbe","cognom1":"Perez","cognom2":"Gomez del Pulgar","createdAt":"2026-04-29T14:38:50.179Z","email":"adaw24jperez@inslaferreria.cat","imatge":"https://www.w3schools.com/howto/img_avatar.png","nom":"Joel","refreshToken":"eyJhbGciOiJIUzI1NiIsInR5cCI6IkpXVCJ9.eyJpZCI6IjY5ZjIxN2ZhNTRiYjhmMGVkZjliYmJiZSIsInJvbCI6ImFkbWluIiwiaWF0IjoxNzc4NTEwODA0LCJleHAiOjE3NzkxMTU2MDR9.uFZq4WPN6LiwgztoNk4CHpuqVKMlA8WzvvNrw4d7qT0","rol":"admin","updatedAt":"2026-05-11T14:46:44.080Z","username":"Miniboo"},"level":"info","message":"[FRONTEND] User data from server","timestamp":"2026-05-11T14:57:49.503Z"}
{"level":"info","message":"Incoming request: GET /api/me","timestamp":"2026-05-11T15:00:01.248Z"}
{"level":"info","message":"Incoming request: GET /api/me","timestamp":"2026-05-11T15:00:03.174Z"}
{"level":"info","message":"Incoming request: GET /api/dashboard","timestamp":"2026-05-11T15:00:03.190Z"}
{"level":"info","message":"Incoming request: POST /api/logs","timestamp":"2026-05-11T15:00:03.282Z"}
{"details":{"__v":0,"_id":"69f217fa54bb8f0edf9bbbbe","cognom1":"Perez","cognom2":"Gomez del Pulgar","createdAt":"2026-04-29T14:38:50.179Z","email":"adaw24jperez@inslaferreria.cat","imatge":"https://www.w3schools.com/howto/img_avatar.png","nom":"Joel","refreshToken":"eyJhbGciOiJIUzI1NiIsInR5cCI6IkpXVCJ9.eyJpZCI6IjY5ZjIxN2ZhNTRiYjhmMGVkZjliYmJiZSIsInJvbCI6ImFkbWluIiwiaWF0IjoxNzc4NTEwODA0LCJleHAiOjE3NzkxMTU2MDR9.uFZq4WPN6LiwgztoNk4CHpuqVKMlA8WzvvNrw4d7qT0","rol":"admin","updatedAt":"2026-05-11T14:46:44.080Z","username":"Miniboo"},"level":"info","message":"[FRONTEND] User data from server","timestamp":"2026-05-11T15:00:03.282Z"}
{"level":"info","message":"Incoming request: GET /api/me","timestamp":"2026-05-11T15:00:11.647Z"}
{"level":"info","message":"Incoming request: GET /api/me","timestamp":"2026-05-11T15:00:12.176Z"}
{"level":"info","message":"Incoming request: GET /api/dashboard","timestamp":"2026-05-11T15:00:12.184Z"}
{"level":"info","message":"Incoming request: POST /api/logs","timestamp":"2026-05-11T15:00:12.274Z"}
{"details":{"__v":0,"_id":"69f217fa54bb8f0edf9bbbbe","cognom1":"Perez","cognom2":"Gomez del Pulgar","createdAt":"2026-04-29T14:38:50.179Z","email":"adaw24jperez@inslaferreria.cat","imatge":"https://www.w3schools.com/howto/img_avatar.png","nom":"Joel","refreshToken":"eyJhbGciOiJIUzI1NiIsInR5cCI6IkpXVCJ9.eyJpZCI6IjY5ZjIxN2ZhNTRiYjhmMGVkZjliYmJiZSIsInJvbCI6ImFkbWluIiwiaWF0IjoxNzc4NTEwODA0LCJleHAiOjE3NzkxMTU2MDR9.uFZq4WPN6LiwgztoNk4CHpuqVKMlA8WzvvNrw4d7qT0","rol":"admin","updatedAt":"2026-05-11T14:46:44.080Z","username":"Miniboo"},"level":"info","message":"[FRONTEND] User data from server","timestamp":"2026-05-11T15:00:12.274Z"}
{"level":"info","message":"Incoming request: GET /api/me","timestamp":"2026-05-11T15:02:29.266Z"}
{"level":"info","message":"Incoming request: GET /api/me","timestamp":"2026-05-11T15:02:30.445Z"}
{"level":"info","message":"Incoming request: GET /api/dashboard","timestamp":"2026-05-11T15:02:30.474Z"}
{"level":"info","message":"Incoming request: POST /api/logs","timestamp":"2026-05-11T15:02:30.517Z"}
{"details":{"__v":0,"_id":"69f217fa54bb8f0edf9bbbbe","cognom1":"Perez","cognom2":"Gomez del Pulgar","createdAt":"2026-04-29T14:38:50.179Z","email":"adaw24jperez@inslaferreria.cat","imatge":"https://www.w3schools.com/howto/img_avatar.png","nom":"Joel","refreshToken":"eyJhbGciOiJIUzI1NiIsInR5cCI6IkpXVCJ9.eyJpZCI6IjY5ZjIxN2ZhNTRiYjhmMGVkZjliYmJiZSIsInJvbCI6ImFkbWluIiwiaWF0IjoxNzc4NTEwODA0LCJleHAiOjE3NzkxMTU2MDR9.uFZq4WPN6LiwgztoNk4CHpuqVKMlA8WzvvNrw4d7qT0","rol":"admin","updatedAt":"2026-05-11T14:46:44.080Z","username":"Miniboo"},"level":"info","message":"[FRONTEND] User data from server","timestamp":"2026-05-11T15:02:30.517Z"}
{"level":"info","message":"Incoming request: GET /api/me","timestamp":"2026-05-11T15:02:32.277Z"}
{"level":"info","message":"Incoming request: GET /api/me","timestamp":"2026-05-11T15:02:33.083Z"}
{"level":"info","message":"Incoming request: GET /api/dashboard","timestamp":"2026-05-11T15:02:33.099Z"}
{"level":"info","message":"Incoming request: POST /api/logs","timestamp":"2026-05-11T15:02:33.150Z"}
{"details":{"__v":0,"_id":"69f217fa54bb8f0edf9bbbbe","cognom1":"Perez","cognom2":"Gomez del Pulgar","createdAt":"2026-04-29T14:38:50.179Z","email":"adaw24jperez@inslaferreria.cat","imatge":"https://www.w3schools.com/howto/img_avatar.png","nom":"Joel","refreshToken":"eyJhbGciOiJIUzI1NiIsInR5cCI6IkpXVCJ9.eyJpZCI6IjY5ZjIxN2ZhNTRiYjhmMGVkZjliYmJiZSIsInJvbCI6ImFkbWluIiwiaWF0IjoxNzc4NTEwODA0LCJleHAiOjE3NzkxMTU2MDR9.uFZq4WPN6LiwgztoNk4CHpuqVKMlA8WzvvNrw4d7qT0","rol":"admin","updatedAt":"2026-05-11T14:46:44.080Z","username":"Miniboo"},"level":"info","message":"[FRONTEND] User data from server","timestamp":"2026-05-11T15:02:33.150Z"}
{"level":"info","message":"Incoming request: GET /api/me","timestamp":"2026-05-11T15:02:35.204Z"}
{"level":"info","message":"Incoming request: GET /api/me","timestamp":"2026-05-11T15:02:35.811Z"}
{"level":"info","message":"Incoming request: GET /api/dashboard","timestamp":"2026-05-11T15:02:35.826Z"}
{"level":"info","message":"Incoming request: POST /api/logs","timestamp":"2026-05-11T15:02:35.859Z"}
{"details":{"__v":0,"_id":"69f217fa54bb8f0edf9bbbbe","cognom1":"Perez","cognom2":"Gomez del Pulgar","createdAt":"2026-04-29T14:38:50.179Z","email":"adaw24jperez@inslaferreria.cat","imatge":"https://www.w3schools.com/howto/img_avatar.png","nom":"Joel","refreshToken":"eyJhbGciOiJIUzI1NiIsInR5cCI6IkpXVCJ9.eyJpZCI6IjY5ZjIxN2ZhNTRiYjhmMGVkZjliYmJiZSIsInJvbCI6ImFkbWluIiwiaWF0IjoxNzc4NTEwODA0LCJleHAiOjE3NzkxMTU2MDR9.uFZq4WPN6LiwgztoNk4CHpuqVKMlA8WzvvNrw4d7qT0","rol":"admin","updatedAt":"2026-05-11T14:46:44.080Z","username":"Miniboo"},"level":"info","message":"[FRONTEND] User data from server","timestamp":"2026-05-11T15:02:35.860Z"}
{"level":"info","message":"Incoming request: GET /api/me","timestamp":"2026-05-11T15:02:41.832Z"}
{"level":"info","message":"Incoming request: GET /api/me","timestamp":"2026-05-11T15:02:42.250Z"}
{"level":"info","message":"Incoming request: GET /api/dashboard","timestamp":"2026-05-11T15:02:42.264Z"}
{"level":"info","message":"Incoming request: POST /api/logs","timestamp":"2026-05-11T15:02:42.326Z"}
{"details":{"__v":0,"_id":"69f217fa54bb8f0edf9bbbbe","cognom1":"Perez","cognom2":"Gomez del Pulgar","createdAt":"2026-04-29T14:38:50.179Z","email":"adaw24jperez@inslaferreria.cat","imatge":"https://www.w3schools.com/howto/img_avatar.png","nom":"Joel","refreshToken":"eyJhbGciOiJIUzI1NiIsInR5cCI6IkpXVCJ9.eyJpZCI6IjY5ZjIxN2ZhNTRiYjhmMGVkZjliYmJiZSIsInJvbCI6ImFkbWluIiwiaWF0IjoxNzc4NTEwODA0LCJleHAiOjE3NzkxMTU2MDR9.uFZq4WPN6LiwgztoNk4CHpuqVKMlA8WzvvNrw4d7qT0","rol":"admin","updatedAt":"2026-05-11T14:46:44.080Z","username":"Miniboo"},"level":"info","message":"[FRONTEND] User data from server","timestamp":"2026-05-11T15:02:42.327Z"}
{"level":"info","message":"Incoming request: GET /api/me","timestamp":"2026-05-13T14:18:06.395Z"}
{"level":"info","message":"Incoming request: POST /api/renewToken","timestamp":"2026-05-13T14:18:10.336Z"}
{"level":"info","message":"Incoming request: GET /api/me","timestamp":"2026-05-13T14:18:10.827Z"}
{"level":"info","message":"Incoming request: GET /api/me","timestamp":"2026-05-13T14:18:10.907Z"}
{"level":"info","message":"Incoming request: GET /api/dashboard","timestamp":"2026-05-13T14:18:10.916Z"}
{"level":"info","message":"Incoming request: POST /api/logs","timestamp":"2026-05-13T14:18:10.997Z"}
{"details":{"__v":0,"_id":"69f217fa54bb8f0edf9bbbbe","cognom1":"Perez","cognom2":"Gomez del Pulgar","createdAt":"2026-04-29T14:38:50.179Z","email":"adaw24jperez@inslaferreria.cat","imatge":"https://www.w3schools.com/howto/img_avatar.png","nom":"Joel","refreshToken":"eyJhbGciOiJIUzI1NiIsInR5cCI6IkpXVCJ9.eyJpZCI6IjY5ZjIxN2ZhNTRiYjhmMGVkZjliYmJiZSIsInJvbCI6ImFkbWluIiwiaWF0IjoxNzc4NTEwODA0LCJleHAiOjE3NzkxMTU2MDR9.uFZq4WPN6LiwgztoNk4CHpuqVKMlA8WzvvNrw4d7qT0","rol":"admin","updatedAt":"2026-05-11T14:46:44.080Z","username":"Miniboo"},"level":"info","message":"[FRONTEND] User data from server","timestamp":"2026-05-13T14:18:10.998Z"}
{"level":"info","message":"Incoming request: GET /api/me","timestamp":"2026-05-13T14:19:04.765Z"}
{"level":"info","message":"Incoming request: GET /api/me","timestamp":"2026-05-13T14:19:16.322Z"}
{"level":"info","message":"Incoming request: GET /api/dashboard","timestamp":"2026-05-13T14:19:16.328Z"}
{"level":"info","message":"Incoming request: POST /api/logs","timestamp":"2026-05-13T14:19:16.480Z"}
{"details":{"__v":0,"_id":"69f217fa54bb8f0edf9bbbbe","cognom1":"Perez","cognom2":"Gomez del Pulgar","createdAt":"2026-04-29T14:38:50.179Z","email":"adaw24jperez@inslaferreria.cat","imatge":"https://www.w3schools.com/howto/img_avatar.png","nom":"Joel","refreshToken":"eyJhbGciOiJIUzI1NiIsInR5cCI6IkpXVCJ9.eyJpZCI6IjY5ZjIxN2ZhNTRiYjhmMGVkZjliYmJiZSIsInJvbCI6ImFkbWluIiwiaWF0IjoxNzc4NTEwODA0LCJleHAiOjE3NzkxMTU2MDR9.uFZq4WPN6LiwgztoNk4CHpuqVKMlA8WzvvNrw4d7qT0","rol":"admin","updatedAt":"2026-05-11T14:46:44.080Z","username":"Miniboo"},"level":"info","message":"[FRONTEND] User data from server","timestamp":"2026-05-13T14:19:16.480Z"}
{"level":"info","message":"Incoming request: GET /api/me","timestamp":"2026-05-13T14:25:45.843Z"}
{"level":"info","message":"Incoming request: GET /api/me","timestamp":"2026-05-13T14:25:48.112Z"}
{"level":"info","message":"Incoming request: GET /api/dashboard","timestamp":"2026-05-13T14:25:48.127Z"}
{"level":"info","message":"Incoming request: POST /api/logs","timestamp":"2026-05-13T14:25:48.285Z"}
{"details":{"__v":0,"_id":"69f217fa54bb8f0edf9bbbbe","cognom1":"Perez","cognom2":"Gomez del Pulgar","createdAt":"2026-04-29T14:38:50.179Z","email":"adaw24jperez@inslaferreria.cat","imatge":"https://www.w3schools.com/howto/img_avatar.png","nom":"Joel","refreshToken":"eyJhbGciOiJIUzI1NiIsInR5cCI6IkpXVCJ9.eyJpZCI6IjY5ZjIxN2ZhNTRiYjhmMGVkZjliYmJiZSIsInJvbCI6ImFkbWluIiwiaWF0IjoxNzc4NTEwODA0LCJleHAiOjE3NzkxMTU2MDR9.uFZq4WPN6LiwgztoNk4CHpuqVKMlA8WzvvNrw4d7qT0","rol":"admin","updatedAt":"2026-05-11T14:46:44.080Z","username":"Miniboo"},"level":"info","message":"[FRONTEND] User data from server","timestamp":"2026-05-13T14:25:48.285Z"}
{"level":"info","message":"Incoming request: GET /api/me","timestamp":"2026-05-13T14:29:22.110Z"}
{"level":"info","message":"Incoming request: GET /api/me","timestamp":"2026-05-13T14:29:25.326Z"}
{"level":"info","message":"Incoming request: GET /api/dashboard","timestamp":"2026-05-13T14:29:25.340Z"}
{"level":"info","message":"Incoming request: POST /api/logs","timestamp":"2026-05-13T14:29:25.546Z"}
{"details":{"__v":0,"_id":"69f217fa54bb8f0edf9bbbbe","cognom1":"Perez","cognom2":"Gomez del Pulgar","createdAt":"2026-04-29T14:38:50.179Z","email":"adaw24jperez@inslaferreria.cat","imatge":"https://www.w3schools.com/howto/img_avatar.png","nom":"Joel","refreshToken":"eyJhbGciOiJIUzI1NiIsInR5cCI6IkpXVCJ9.eyJpZCI6IjY5ZjIxN2ZhNTRiYjhmMGVkZjliYmJiZSIsInJvbCI6ImFkbWluIiwiaWF0IjoxNzc4NTEwODA0LCJleHAiOjE3NzkxMTU2MDR9.uFZq4WPN6LiwgztoNk4CHpuqVKMlA8WzvvNrw4d7qT0","rol":"admin","updatedAt":"2026-05-11T14:46:44.080Z","username":"Miniboo"},"level":"info","message":"[FRONTEND] User data from server","timestamp":"2026-05-13T14:29:25.550Z"}
{"level":"info","message":"Incoming request: GET /api/me","timestamp":"2026-05-13T14:29:44.523Z"}
{"level":"info","message":"Incoming request: GET /api/me","timestamp":"2026-05-13T14:29:51.843Z"}
{"level":"info","message":"Incoming request: GET /api/dashboard","timestamp":"2026-05-13T14:29:52.168Z"}
{"level":"info","message":"Incoming request: POST /api/logs","timestamp":"2026-05-13T14:29:52.320Z"}
{"details":{"__v":0,"_id":"69f217fa54bb8f0edf9bbbbe","cognom1":"Perez","cognom2":"Gomez del Pulgar","createdAt":"2026-04-29T14:38:50.179Z","email":"adaw24jperez@inslaferreria.cat","imatge":"https://www.w3schools.com/howto/img_avatar.png","nom":"Joel","refreshToken":"eyJhbGciOiJIUzI1NiIsInR5cCI6IkpXVCJ9.eyJpZCI6IjY5ZjIxN2ZhNTRiYjhmMGVkZjliYmJiZSIsInJvbCI6ImFkbWluIiwiaWF0IjoxNzc4NjgyNTY5LCJleHAiOjE3NzkyODczNjl9.M1HNmIZe8F6eC8XXsi4UWERBRrmxmeS5DCPCbBKbIUk","rol":"admin","updatedAt":"2026-05-13T14:29:29.051Z","username":"Miniboo"},"level":"info","message":"[FRONTEND] User data from server","timestamp":"2026-05-13T14:29:52.337Z"}
{"level":"info","message":"Incoming request: GET /api/me","timestamp":"2026-05-13T14:29:53.481Z"}
{"level":"info","message":"Incoming request: GET /api/me","timestamp":"2026-05-13T14:29:56.539Z"}
{"level":"info","message":"Incoming request: GET /api/dashboard","timestamp":"2026-05-13T14:29:56.557Z"}
{"level":"info","message":"Incoming request: GET /api/me","timestamp":"2026-05-13T14:29:57.490Z"}
{"level":"info","message":"Incoming request: GET /api/me","timestamp":"2026-05-13T14:30:00.100Z"}
{"level":"info","message":"Incoming request: GET /api/dashboard","timestamp":"2026-05-13T14:30:00.120Z"}
{"level":"info","message":"Incoming request: POST /api/logs","timestamp":"2026-05-13T14:30:00.223Z"}
{"details":{"__v":0,"_id":"69f217fa54bb8f0edf9bbbbe","cognom1":"Perez","cognom2":"Gomez del Pulgar","createdAt":"2026-04-29T14:38:50.179Z","email":"adaw24jperez@inslaferreria.cat","imatge":"https://www.w3schools.com/howto/img_avatar.png","nom":"Joel","refreshToken":"eyJhbGciOiJIUzI1NiIsInR5cCI6IkpXVCJ9.eyJpZCI6IjY5ZjIxN2ZhNTRiYjhmMGVkZjliYmJiZSIsInJvbCI6ImFkbWluIiwiaWF0IjoxNzc4NjgyNTY5LCJleHAiOjE3NzkyODczNjl9.M1HNmIZe8F6eC8XXsi4UWERBRrmxmeS5DCPCbBKbIUk","rol":"admin","updatedAt":"2026-05-13T14:29:29.051Z","username":"Miniboo"},"level":"info","message":"[FRONTEND] User data from server","timestamp":"2026-05-13T14:30:00.234Z"}
{"level":"info","message":"Incoming request: GET /api/me","timestamp":"2026-05-13T14:30:46.644Z"}
{"level":"info","message":"Incoming request: GET /api/me","timestamp":"2026-05-13T14:30:49.552Z"}
{"level":"info","message":"Incoming request: GET /api/dashboard","timestamp":"2026-05-13T14:30:49.571Z"}
{"level":"info","message":"Incoming request: POST /api/logs","timestamp":"2026-05-13T14:30:49.637Z"}
{"details":{"__v":0,"_id":"69f217fa54bb8f0edf9bbbbe","cognom1":"Perez","cognom2":"Gomez del Pulgar","createdAt":"2026-04-29T14:38:50.179Z","email":"adaw24jperez@inslaferreria.cat","imatge":"https://www.w3schools.com/howto/img_avatar.png","nom":"Joel","refreshToken":"eyJhbGciOiJIUzI1NiIsInR5cCI6IkpXVCJ9.eyJpZCI6IjY5ZjIxN2ZhNTRiYjhmMGVkZjliYmJiZSIsInJvbCI6ImFkbWluIiwiaWF0IjoxNzc4NjgyNTY5LCJleHAiOjE3NzkyODczNjl9.M1HNmIZe8F6eC8XXsi4UWERBRrmxmeS5DCPCbBKbIUk","rol":"admin","updatedAt":"2026-05-13T14:29:29.051Z","username":"Miniboo"},"level":"info","message":"[FRONTEND] User data from server","timestamp":"2026-05-13T14:30:49.639Z"}
{"level":"info","message":"Incoming request: GET /api/me","timestamp":"2026-05-13T14:30:53.442Z"}
{"level":"info","message":"Incoming request: GET /api/me","timestamp":"2026-05-13T14:30:55.731Z"}
{"level":"info","message":"Incoming request: GET /api/dashboard","timestamp":"2026-05-13T14:30:55.739Z"}
{"level":"info","message":"Incoming request: POST /api/logs","timestamp":"2026-05-13T14:30:55.937Z"}
{"details":{"__v":0,"_id":"69f217fa54bb8f0edf9bbbbe","cognom1":"Perez","cognom2":"Gomez del Pulgar","createdAt":"2026-04-29T14:38:50.179Z","email":"adaw24jperez@inslaferreria.cat","imatge":"https://www.w3schools.com/howto/img_avatar.png","nom":"Joel","refreshToken":"eyJhbGciOiJIUzI1NiIsInR5cCI6IkpXVCJ9.eyJpZCI6IjY5ZjIxN2ZhNTRiYjhmMGVkZjliYmJiZSIsInJvbCI6ImFkbWluIiwiaWF0IjoxNzc4NjgyNTY5LCJleHAiOjE3NzkyODczNjl9.M1HNmIZe8F6eC8XXsi4UWERBRrmxmeS5DCPCbBKbIUk","rol":"admin","updatedAt":"2026-05-13T14:29:29.051Z","username":"Miniboo"},"level":"info","message":"[FRONTEND] User data from server","timestamp":"2026-05-13T14:30:55.939Z"}
{"level":"info","message":"Incoming request: GET /api/me","timestamp":"2026-05-13T14:31:18.081Z"}
{"level":"info","message":"Incoming request: GET /api/me","timestamp":"2026-05-13T14:31:20.616Z"}
{"level":"info","message":"Incoming request: GET /api/dashboard","timestamp":"2026-05-13T14:31:20.632Z"}
{"level":"info","message":"Incoming request: POST /api/logs","timestamp":"2026-05-13T14:31:20.666Z"}
{"details":{"__v":0,"_id":"69f217fa54bb8f0edf9bbbbe","cognom1":"Perez","cognom2":"Gomez del Pulgar","createdAt":"2026-04-29T14:38:50.179Z","email":"adaw24jperez@inslaferreria.cat","imatge":"https://www.w3schools.com/howto/img_avatar.png","nom":"Joel","refreshToken":"eyJhbGciOiJIUzI1NiIsInR5cCI6IkpXVCJ9.eyJpZCI6IjY5ZjIxN2ZhNTRiYjhmMGVkZjliYmJiZSIsInJvbCI6ImFkbWluIiwiaWF0IjoxNzc4NjgyNTY5LCJleHAiOjE3NzkyODczNjl9.M1HNmIZe8F6eC8XXsi4UWERBRrmxmeS5DCPCbBKbIUk","rol":"admin","updatedAt":"2026-05-13T14:29:29.051Z","username":"Miniboo"},"level":"info","message":"[FRONTEND] User data from server","timestamp":"2026-05-13T14:31:20.666Z"}
{"level":"info","message":"Incoming request: GET /api/me","timestamp":"2026-05-13T14:32:04.069Z"}
{"level":"info","message":"Incoming request: GET /api/me","timestamp":"2026-05-13T14:32:05.855Z"}
{"level":"info","message":"Incoming request: GET /api/dashboard","timestamp":"2026-05-13T14:32:05.864Z"}
{"level":"info","message":"Incoming request: POST /api/logs","timestamp":"2026-05-13T14:32:05.927Z"}
{"details":{"__v":0,"_id":"69f217fa54bb8f0edf9bbbbe","cognom1":"Perez","cognom2":"Gomez del Pulgar","createdAt":"2026-04-29T14:38:50.179Z","email":"adaw24jperez@inslaferreria.cat","imatge":"https://www.w3schools.com/howto/img_avatar.png","nom":"Joel","refreshToken":"eyJhbGciOiJIUzI1NiIsInR5cCI6IkpXVCJ9.eyJpZCI6IjY5ZjIxN2ZhNTRiYjhmMGVkZjliYmJiZSIsInJvbCI6ImFkbWluIiwiaWF0IjoxNzc4NjgyNTY5LCJleHAiOjE3NzkyODczNjl9.M1HNmIZe8F6eC8XXsi4UWERBRrmxmeS5DCPCbBKbIUk","rol":"admin","updatedAt":"2026-05-13T14:29:29.051Z","username":"Miniboo"},"level":"info","message":"[FRONTEND] User data from server","timestamp":"2026-05-13T14:32:05.928Z"}
{"level":"info","message":"Incoming request: GET /api/me","timestamp":"2026-05-13T14:32:45.884Z"}
{"level":"info","message":"Incoming request: GET /api/dashboard","timestamp":"2026-05-13T14:32:51.745Z"}
{"level":"info","message":"Incoming request: GET /api/me","timestamp":"2026-05-13T14:32:51.748Z"}
{"level":"info","message":"Incoming request: GET /api/me","timestamp":"2026-05-13T14:32:52.314Z"}
{"level":"info","message":"Incoming request: GET /api/me","timestamp":"2026-05-13T14:32:53.405Z"}
{"level":"info","message":"Incoming request: GET /api/dashboard","timestamp":"2026-05-13T14:32:53.417Z"}
{"level":"info","message":"Incoming request: POST /api/logs","timestamp":"2026-05-13T14:32:53.482Z"}
{"details":{"__v":0,"_id":"69f217fa54bb8f0edf9bbbbe","cognom1":"Perez","cognom2":"Gomez del Pulgar","createdAt":"2026-04-29T14:38:50.179Z","email":"adaw24jperez@inslaferreria.cat","imatge":"https://www.w3schools.com/howto/img_avatar.png","nom":"Joel","refreshToken":"eyJhbGciOiJIUzI1NiIsInR5cCI6IkpXVCJ9.eyJpZCI6IjY5ZjIxN2ZhNTRiYjhmMGVkZjliYmJiZSIsInJvbCI6ImFkbWluIiwiaWF0IjoxNzc4NjgyNTY5LCJleHAiOjE3NzkyODczNjl9.M1HNmIZe8F6eC8XXsi4UWERBRrmxmeS5DCPCbBKbIUk","rol":"admin","updatedAt":"2026-05-13T14:29:29.051Z","username":"Miniboo"},"level":"info","message":"[FRONTEND] User data from server","timestamp":"2026-05-13T14:32:53.483Z"}
{"level":"info","message":"Incoming request: GET /api/me","timestamp":"2026-05-13T14:35:57.479Z"}
{"level":"info","message":"Incoming request: POST /api/renewToken","timestamp":"2026-05-13T14:36:01.615Z"}
{"level":"info","message":"Incoming request: GET /api/me","timestamp":"2026-05-13T14:36:02.127Z"}
{"level":"info","message":"Incoming request: POST /api/renewToken","timestamp":"2026-05-13T14:36:02.674Z"}
{"level":"info","message":"Incoming request: POST /api/login","timestamp":"2026-05-13T14:39:17.834Z"}
{"level":"info","message":"Login correcto: Miniboo","timestamp":"2026-05-13T14:39:19.526Z"}
{"level":"info","message":"Incoming request: GET /api/me","timestamp":"2026-05-13T14:39:19.549Z"}
{"level":"info","message":"Incoming request: POST /api/login","timestamp":"2026-05-13T14:39:19.871Z"}
{"level":"info","message":"Incoming request: POST /api/login","timestamp":"2026-05-13T14:39:20.092Z"}
{"level":"info","message":"Incoming request: POST /api/login","timestamp":"2026-05-13T14:39:20.280Z"}
{"level":"info","message":"Incoming request: GET /api/dashboard","timestamp":"2026-05-13T14:39:20.519Z"}
{"level":"info","message":"Incoming request: GET /api/me","timestamp":"2026-05-13T14:39:20.521Z"}
{"level":"info","message":"Incoming request: POST /api/logs","timestamp":"2026-05-13T14:39:23.918Z"}
{"details":{"__v":0,"_id":"69f217fa54bb8f0edf9bbbbe","cognom1":"Perez","cognom2":"Gomez del Pulgar","createdAt":"2026-04-29T14:38:50.179Z","email":"adaw24jperez@inslaferreria.cat","imatge":"https://www.w3schools.com/howto/img_avatar.png","nom":"Joel","refreshToken":"eyJhbGciOiJIUzI1NiIsInR5cCI6IkpXVCJ9.eyJpZCI6IjY5ZjIxN2ZhNTRiYjhmMGVkZjliYmJiZSIsInJvbCI6ImFkbWluIiwiaWF0IjoxNzc4NjgzMTU4LCJleHAiOjE3NzkyODc5NTh9.JioL03E1D8h1WMr0z3t4ksYISag9qkJWVSC53_r-YVc","rol":"admin","updatedAt":"2026-05-13T14:39:18.790Z","username":"Miniboo"},"level":"info","message":"[FRONTEND] User data from server","timestamp":"2026-05-13T14:39:23.918Z"}
{"level":"info","message":"Login correcto: Miniboo","timestamp":"2026-05-13T14:39:25.074Z"}
{"level":"info","message":"Login correcto: Miniboo","timestamp":"2026-05-13T14:39:37.470Z"}
{"level":"info","message":"Login correcto: Miniboo","timestamp":"2026-05-13T14:39:37.473Z"}
{"level":"info","message":"Incoming request: GET /api/me","timestamp":"2026-05-13T14:40:02.335Z"}
{"level":"info","message":"Incoming request: GET /api/me","timestamp":"2026-05-13T14:40:04.597Z"}
{"level":"info","message":"Incoming request: GET /api/dashboard","timestamp":"2026-05-13T14:40:04.606Z"}
{"level":"info","message":"Incoming request: POST /api/logs","timestamp":"2026-05-13T14:40:06.128Z"}
{"details":{"__v":0,"_id":"69f217fa54bb8f0edf9bbbbe","cognom1":"Perez","cognom2":"Gomez del Pulgar","createdAt":"2026-04-29T14:38:50.179Z","email":"adaw24jperez@inslaferreria.cat","imatge":"https://www.w3schools.com/howto/img_avatar.png","nom":"Joel","refreshToken":"eyJhbGciOiJIUzI1NiIsInR5cCI6IkpXVCJ9.eyJpZCI6IjY5ZjIxN2ZhNTRiYjhmMGVkZjliYmJiZSIsInJvbCI6ImFkbWluIiwiaWF0IjoxNzc4NjgzMTc3LCJleHAiOjE3NzkyODc5Nzd9.QKtQz2p63qmR80MKutqIr43eeexCPZnk0MKWa1r_62s","rol":"admin","updatedAt":"2026-05-13T14:39:37.060Z","username":"Miniboo"},"level":"info","message":"[FRONTEND] User data from server","timestamp":"2026-05-13T14:40:06.129Z"}
{"level":"info","message":"Servidor corriendose en el puerto 5100","timestamp":"2026-05-13T14:47:15.620Z"}
{"level":"info","message":"Incoming request: POST /api/logs","timestamp":"2026-05-13T14:47:15.775Z"}
<<<<<<< HEAD
{"level":"info","message":"Servidor corriendose en el puerto 5100","timestamp":"2026-05-13T14:47:17.518Z"}
{"level":"info","message":"Incoming request: POST /api/logs","timestamp":"2026-05-13T14:47:17.625Z"}
{"details":{"error":{"isTrusted":true},"headers":{"headers":{},"lazyUpdate":null,"normalizedNames":{}},"message":"Http failure response for http://localhost:5100/api/dashboard: 0 Unknown Error","name":"HttpErrorResponse","ok":false,"status":0,"statusText":"Unknown Error","url":"http://localhost:5100/api/dashboard"},"level":"error","message":"[FRONTEND] Error loading dashboard data","timestamp":"2026-05-13T14:47:17.626Z"}
=======
>>>>>>> 839d77971ca1d94a27d37de7eafc0d708e16754c
>>>>>>> 0bafc9f533703bdb37c70725a455d1243410c274
{"level":"info","message":"Servidor corriendose en el puerto 5100","timestamp":"2026-05-13T14:49:10.430Z"}
{"level":"info","message":"Incoming request: GET /api/dashboard","timestamp":"2026-05-13T14:49:10.451Z"}
{"level":"info","message":"Incoming request: POST /api/renewToken","timestamp":"2026-05-13T14:49:10.631Z"}
{"level":"info","message":"Incoming request: GET /api/dashboard","timestamp":"2026-05-13T14:49:12.444Z"}
<<<<<<< HEAD
{"level":"info","message":"Incoming request: GET /api/dashboard","timestamp":"2026-05-13T14:51:07.182Z"}
{"level":"info","message":"Incoming request: GET /api/dashboard","timestamp":"2026-05-13T14:51:09.276Z"}
{"level":"info","message":"Incoming request: GET /api/dashboard","timestamp":"2026-05-13T15:02:05.977Z"}
{"level":"info","message":"Incoming request: GET /api/dashboard","timestamp":"2026-05-13T15:02:15.406Z"}
{"level":"info","message":"Incoming request: GET /api/dashboard","timestamp":"2026-05-13T15:02:49.239Z"}
{"level":"info","message":"Incoming request: GET /api/user","timestamp":"2026-05-13T15:06:50.730Z"}
{"level":"info","message":"Incoming request: POST /api/renewToken","timestamp":"2026-05-13T15:06:50.781Z"}
{"level":"info","message":"Incoming request: POST /api/logs","timestamp":"2026-05-13T15:06:50.830Z"}
{"details":{"error":{"error":"Token de actualización revocado o inválido"},"headers":{"lazyUpdate":null,"normalizedNames":{}},"message":"Http failure response for http://localhost:5100/api/renewToken: 401 Unauthorized","name":"HttpErrorResponse","ok":false,"status":401,"statusText":"Unauthorized","url":"http://localhost:5100/api/renewToken"},"level":"error","message":"[FRONTEND] Error loading users","timestamp":"2026-05-13T15:06:50.832Z"}
{"level":"info","message":"Incoming request: POST /api/login","timestamp":"2026-05-13T15:06:58.498Z"}
{"level":"info","message":"Login correcto: Miniboo","timestamp":"2026-05-13T15:06:58.665Z"}
{"level":"info","message":"Incoming request: GET /api/dashboard","timestamp":"2026-05-13T15:06:58.717Z"}
{"level":"info","message":"Incoming request: GET /api/user","timestamp":"2026-05-13T15:07:00.542Z"}
{"level":"info","message":"Incoming request: GET /api/dashboard","timestamp":"2026-05-13T15:07:05.965Z"}
{"level":"info","message":"Incoming request: GET /api/dashboard","timestamp":"2026-05-13T15:11:01.644Z"}
{"level":"info","message":"Incoming request: GET /api/dashboard","timestamp":"2026-05-13T15:12:49.472Z"}
{"level":"info","message":"Incoming request: POST /api/renewToken","timestamp":"2026-05-13T15:12:49.658Z"}
{"level":"info","message":"Incoming request: POST /api/logs","timestamp":"2026-05-13T15:12:50.595Z"}
{"details":{"error":{"error":"Token de actualización revocado o inválido"},"headers":{"lazyUpdate":null,"normalizedNames":{}},"message":"Http failure response for http://localhost:5100/api/renewToken: 401 Unauthorized","name":"HttpErrorResponse","ok":false,"status":401,"statusText":"Unauthorized","url":"http://localhost:5100/api/renewToken"},"level":"error","message":"[FRONTEND] Error loading dashboard data","timestamp":"2026-05-13T15:12:50.596Z"}
{"level":"info","message":"Incoming request: POST /api/login","timestamp":"2026-05-13T17:23:15.616Z"}
{"level":"info","message":"Login correcto: Miniboo","timestamp":"2026-05-13T17:23:16.069Z"}
{"level":"info","message":"Incoming request: GET /api/dashboard","timestamp":"2026-05-13T17:23:16.182Z"}
{"level":"info","message":"Incoming request: GET /api/dashboard","timestamp":"2026-05-13T17:25:03.048Z"}
{"level":"info","message":"Incoming request: GET /api/dashboard","timestamp":"2026-05-13T17:25:36.124Z"}
{"level":"info","message":"Incoming request: GET /api/dashboard","timestamp":"2026-05-13T17:26:05.592Z"}
{"level":"info","message":"Incoming request: GET /api/dashboard","timestamp":"2026-05-13T17:26:24.645Z"}
{"level":"info","message":"Incoming request: GET /api/dashboard","timestamp":"2026-05-13T17:26:37.904Z"}
{"level":"info","message":"Incoming request: GET /api/dashboard","timestamp":"2026-05-13T17:26:57.684Z"}
{"level":"info","message":"Incoming request: GET /api/dashboard","timestamp":"2026-05-13T17:27:19.981Z"}
{"level":"info","message":"Incoming request: GET /api/dashboard","timestamp":"2026-05-13T17:31:19.201Z"}
{"level":"info","message":"Incoming request: POST /api/renewToken","timestamp":"2026-05-13T17:31:19.337Z"}
{"level":"info","message":"Incoming request: POST /api/logs","timestamp":"2026-05-13T17:31:19.801Z"}
{"details":{"error":{"error":"Token de actualización revocado o inválido"},"headers":{"lazyUpdate":null,"normalizedNames":{}},"message":"Http failure response for http://localhost:5100/api/renewToken: 401 Unauthorized","name":"HttpErrorResponse","ok":false,"status":401,"statusText":"Unauthorized","url":"http://localhost:5100/api/renewToken"},"level":"error","message":"[FRONTEND] Error loading dashboard data","timestamp":"2026-05-13T17:31:19.817Z"}
{"level":"info","message":"Incoming request: POST /api/login","timestamp":"2026-05-13T17:31:27.016Z"}
{"level":"warn","message":"Login fallido: usuario no encontrado miniboo","timestamp":"2026-05-13T17:31:27.046Z"}
{"level":"info","message":"Incoming request: POST /api/logs","timestamp":"2026-05-13T17:31:28.982Z"}
{"details":{"error":{"msg":"Usuari o contrasenya incorrectes","ok":false},"headers":{"lazyUpdate":null,"normalizedNames":{}},"message":"Http failure response for http://localhost:5100/api/login: 401 Unauthorized","name":"HttpErrorResponse","ok":false,"status":401,"statusText":"Unauthorized","url":"http://localhost:5100/api/login"},"level":"error","message":"[FRONTEND] Login error","timestamp":"2026-05-13T17:31:28.983Z"}
{"level":"info","message":"Incoming request: POST /api/login","timestamp":"2026-05-13T17:31:32.517Z"}
{"level":"info","message":"Login correcto: Miniboo","timestamp":"2026-05-13T17:31:32.861Z"}
{"level":"info","message":"Incoming request: GET /api/dashboard","timestamp":"2026-05-13T17:31:32.915Z"}
{"level":"info","message":"Incoming request: GET /api/dashboard","timestamp":"2026-05-13T17:31:48.136Z"}
{"level":"info","message":"Incoming request: GET /api/user","timestamp":"2026-05-13T17:31:59.449Z"}
{"level":"info","message":"Incoming request: GET /api/user","timestamp":"2026-05-13T17:33:19.996Z"}
{"level":"info","message":"Incoming request: GET /api/user","timestamp":"2026-05-13T17:33:30.894Z"}
{"level":"info","message":"Incoming request: GET /api/dashboard","timestamp":"2026-05-13T17:33:32.330Z"}
{"level":"info","message":"Incoming request: GET /api/dashboard","timestamp":"2026-05-18T13:13:49.425Z"}
{"level":"info","message":"Incoming request: POST /api/renewToken","timestamp":"2026-05-18T13:13:49.653Z"}
{"level":"info","message":"Incoming request: GET /api/dashboard","timestamp":"2026-05-18T13:13:59.568Z"}
{"level":"info","message":"Incoming request: POST /api/renewToken","timestamp":"2026-05-18T13:13:59.658Z"}
{"level":"info","message":"Servidor corriendose en el puerto 5100","timestamp":"2026-05-18T13:15:34.156Z"}
{"level":"info","message":"Servidor corriendose en el puerto 5100","timestamp":"2026-05-18T13:15:36.113Z"}
{"level":"info","message":"Incoming request: POST /api/login","timestamp":"2026-05-18T13:16:08.881Z"}
{"level":"info","message":"Servidor corriendose en el puerto 5100","timestamp":"2026-05-18T13:16:11.413Z"}
{"level":"info","message":"Incoming request: POST /api/logs","timestamp":"2026-05-18T13:16:12.027Z"}
{"details":{"error":{"isTrusted":true},"headers":{"headers":{},"lazyUpdate":null,"normalizedNames":{}},"message":"Http failure response for http://localhost:5100/api/login: 0 Unknown Error","name":"HttpErrorResponse","ok":false,"status":0,"statusText":"Unknown Error","url":"http://localhost:5100/api/login"},"level":"error","message":"[FRONTEND] Login error","timestamp":"2026-05-18T13:16:12.028Z"}
{"level":"info","message":"Incoming request: POST /api/login","timestamp":"2026-05-18T13:16:15.094Z"}
{"level":"error","message":"Error en login para Miniboo: Operation `usuarios.findOne()` buffering timed out after 10000ms","timestamp":"2026-05-18T13:16:25.112Z"}
{"level":"info","message":"Incoming request: POST /api/logs","timestamp":"2026-05-18T13:16:28.984Z"}
{"details":{"error":{},"headers":{"lazyUpdate":null,"normalizedNames":{}},"message":"Http failure response for http://localhost:5100/api/login: 500 Internal Server Error","name":"HttpErrorResponse","ok":false,"status":500,"statusText":"Internal Server Error","url":"http://localhost:5100/api/login"},"level":"error","message":"[FRONTEND] Login error","timestamp":"2026-05-18T13:16:28.985Z"}
{"level":"info","message":"Incoming request: POST /api/login","timestamp":"2026-05-18T13:16:36.514Z"}
{"level":"info","message":"Incoming request: POST /api/login","timestamp":"2026-05-18T13:16:43.869Z"}
{"level":"error","message":"Error en login para Miniboo: Operation `usuarios.findOne()` buffering timed out after 10000ms","timestamp":"2026-05-18T13:16:46.527Z"}
{"level":"error","message":"Error en login para Miniboo: Operation `usuarios.findOne()` buffering timed out after 10000ms","timestamp":"2026-05-18T13:16:53.873Z"}
{"level":"info","message":"Incoming request: POST /api/logs","timestamp":"2026-05-18T13:17:37.256Z"}
{"details":{"error":{},"headers":{"lazyUpdate":null,"normalizedNames":{}},"message":"Http failure response for http://localhost:5100/api/login: 500 Internal Server Error","name":"HttpErrorResponse","ok":false,"status":500,"statusText":"Internal Server Error","url":"http://localhost:5100/api/login"},"level":"error","message":"[FRONTEND] Login error","timestamp":"2026-05-18T13:17:37.257Z"}
{"level":"info","message":"Incoming request: POST /api/logs","timestamp":"2026-05-18T13:17:38.055Z"}
{"details":{"error":{},"headers":{"lazyUpdate":null,"normalizedNames":{}},"message":"Http failure response for http://localhost:5100/api/login: 500 Internal Server Error","name":"HttpErrorResponse","ok":false,"status":500,"statusText":"Internal Server Error","url":"http://localhost:5100/api/login"},"level":"error","message":"[FRONTEND] Login error","timestamp":"2026-05-18T13:17:38.078Z"}
{"level":"info","message":"Incoming request: POST /api/login","timestamp":"2026-05-18T13:17:40.963Z"}
{"level":"error","message":"Error en login para Miniboo: Operation `usuarios.findOne()` buffering timed out after 10000ms","timestamp":"2026-05-18T13:17:50.965Z"}
{"level":"info","message":"Incoming request: POST /api/logs","timestamp":"2026-05-18T13:17:57.187Z"}
{"details":{"error":{},"headers":{"lazyUpdate":null,"normalizedNames":{}},"message":"Http failure response for http://localhost:5100/api/login: 500 Internal Server Error","name":"HttpErrorResponse","ok":false,"status":500,"statusText":"Internal Server Error","url":"http://localhost:5100/api/login"},"level":"error","message":"[FRONTEND] Login error","timestamp":"2026-05-18T13:17:57.187Z"}
{"level":"info","message":"Servidor corriendose en el puerto 5100","timestamp":"2026-05-18T13:18:34.050Z"}
{"level":"info","message":"Servidor corriendose en el puerto 5100","timestamp":"2026-05-18T13:20:28.727Z"}
{"level":"info","message":"Incoming request: POST /api/login","timestamp":"2026-05-18T13:20:34.855Z"}
{"level":"info","message":"Login correcto: Miniboo","timestamp":"2026-05-18T13:20:35.079Z"}
{"level":"info","message":"Incoming request: GET /api/dashboard","timestamp":"2026-05-18T13:20:35.205Z"}
{"level":"info","message":"Incoming request: GET /api/user","timestamp":"2026-05-18T13:22:08.925Z"}
{"level":"info","message":"Incoming request: GET /api/permis","timestamp":"2026-05-18T13:22:08.929Z"}
{"level":"info","message":"Incoming request: GET /api/dashboard","timestamp":"2026-05-18T13:22:18.434Z"}
{"level":"info","message":"Incoming request: GET /api/user","timestamp":"2026-05-18T13:22:30.400Z"}
{"level":"info","message":"Incoming request: GET /api/user","timestamp":"2026-05-18T13:22:31.123Z"}
{"level":"info","message":"Incoming request: GET /api/permis","timestamp":"2026-05-18T13:22:31.139Z"}
{"level":"info","message":"Incoming request: GET /api/dashboard","timestamp":"2026-05-18T13:23:40.195Z"}
{"level":"info","message":"Incoming request: GET /api/user","timestamp":"2026-05-18T13:39:36.286Z"}
{"level":"info","message":"Incoming request: POST /api/renewToken","timestamp":"2026-05-18T13:39:36.328Z"}
{"level":"info","message":"Incoming request: POST /api/logs","timestamp":"2026-05-18T13:39:36.411Z"}
{"details":{"error":{"error":"Token de actualización revocado o inválido"},"headers":{"lazyUpdate":null,"normalizedNames":{}},"message":"Http failure response for http://localhost:5100/api/renewToken: 401 Unauthorized","name":"HttpErrorResponse","ok":false,"status":401,"statusText":"Unauthorized","url":"http://localhost:5100/api/renewToken"},"level":"error","message":"[FRONTEND] Error loading users","timestamp":"2026-05-18T13:39:36.414Z"}
{"level":"info","message":"Incoming request: POST /api/login","timestamp":"2026-05-18T13:39:45.217Z"}
{"level":"info","message":"Login correcto: Miniboo","timestamp":"2026-05-18T13:39:45.395Z"}
{"level":"info","message":"Incoming request: GET /api/dashboard","timestamp":"2026-05-18T13:39:45.473Z"}
{"level":"info","message":"Incoming request: GET /api/user","timestamp":"2026-05-18T13:39:49.280Z"}
{"level":"info","message":"Servidor corriendose en el puerto 5100","timestamp":"2026-05-18T13:48:56.616Z"}
{"level":"info","message":"Servidor corriendose en el puerto 5100","timestamp":"2026-05-18T13:48:58.838Z"}
{"level":"info","message":"Incoming request: POST /api/logout","timestamp":"2026-05-18T13:49:15.766Z"}
{"level":"info","message":"Incoming request: POST /api/login","timestamp":"2026-05-18T13:52:48.575Z"}
{"level":"warn","message":"Login fallido: usuario no encontrado Hola","timestamp":"2026-05-18T13:52:48.614Z"}
{"level":"info","message":"Incoming request: POST /api/logs","timestamp":"2026-05-18T13:52:48.625Z"}
{"details":{"error":{"msg":"Usuari o contrasenya incorrectes","ok":false},"headers":{"lazyUpdate":null,"normalizedNames":{}},"message":"Http failure response for http://localhost:5100/api/login: 401 Unauthorized","name":"HttpErrorResponse","ok":false,"status":401,"statusText":"Unauthorized","url":"http://localhost:5100/api/login"},"level":"error","message":"[FRONTEND] Login error","timestamp":"2026-05-18T13:52:48.626Z"}
{"level":"info","message":"Incoming request: POST /api/login","timestamp":"2026-05-18T14:05:31.668Z"}
{"level":"warn","message":"Login fallido: usuario no encontrado Hola","timestamp":"2026-05-18T14:05:31.699Z"}
{"level":"info","message":"Incoming request: POST /api/logs","timestamp":"2026-05-18T14:05:31.715Z"}
{"details":{"error":{"msg":"Usuari o contrasenya incorrectes","ok":false},"headers":{"lazyUpdate":null,"normalizedNames":{}},"message":"Http failure response for http://localhost:5100/api/login: 401 Unauthorized","name":"HttpErrorResponse","ok":false,"status":401,"statusText":"Unauthorized","url":"http://localhost:5100/api/login"},"level":"error","message":"[FRONTEND] Login error","timestamp":"2026-05-18T14:05:31.716Z"}
{"level":"info","message":"Incoming request: POST /api/login","timestamp":"2026-05-18T14:05:41.072Z"}
{"level":"info","message":"Login correcto: Miniboo","timestamp":"2026-05-18T14:05:41.289Z"}
{"level":"info","message":"Incoming request: GET /api/dashboard","timestamp":"2026-05-18T14:05:41.395Z"}
{"level":"info","message":"Incoming request: POST /api/logout","timestamp":"2026-05-18T14:05:43.701Z"}
{"level":"info","message":"Incoming request: POST /api/login","timestamp":"2026-05-18T14:05:50.616Z"}
{"level":"warn","message":"Login fallido: contraseña incorrecta para Miniboo","timestamp":"2026-05-18T14:05:50.747Z"}
{"level":"info","message":"Incoming request: POST /api/logs","timestamp":"2026-05-18T14:05:50.757Z"}
{"details":{"error":{"msg":"Usuari o contrasenya incorrectes, false","ok":false},"headers":{"lazyUpdate":null,"normalizedNames":{}},"message":"Http failure response for http://localhost:5100/api/login: 401 Unauthorized","name":"HttpErrorResponse","ok":false,"status":401,"statusText":"Unauthorized","url":"http://localhost:5100/api/login"},"level":"error","message":"[FRONTEND] Login error","timestamp":"2026-05-18T14:05:50.759Z"}
{"level":"info","message":"Incoming request: POST /api/logout","timestamp":"2026-05-18T14:08:34.822Z"}
{"level":"info","message":"Incoming request: POST /api/logout","timestamp":"2026-05-18T14:28:46.688Z"}
=======
{"level":"info","message":"Servidor corriendose en el puerto 5100","timestamp":"2026-05-13T14:50:55.033Z"}
{"level":"info","message":"Servidor corriendose en el puerto 5100","timestamp":"2026-05-13T14:51:28.026Z"}
{"level":"info","message":"Incoming request: POST /api/login","timestamp":"2026-05-13T14:51:39.341Z"}
{"level":"info","message":"Login correcto: Miniboo","timestamp":"2026-05-13T14:51:39.647Z"}
{"level":"info","message":"Incoming request: GET /api/dashboard","timestamp":"2026-05-13T14:51:39.756Z"}
{"level":"info","message":"Incoming request: GET /api/dashboard","timestamp":"2026-05-13T14:54:23.736Z"}
{"level":"info","message":"Incoming request: POST /api/logout","timestamp":"2026-05-13T14:55:27.711Z"}
{"level":"info","message":"Incoming request: POST /api/login","timestamp":"2026-05-13T14:55:32.784Z"}
{"level":"info","message":"Login correcto: joel","timestamp":"2026-05-13T14:55:33.067Z"}
{"level":"info","message":"Incoming request: GET /api/permis/joel","timestamp":"2026-05-13T14:55:33.169Z"}
{"level":"info","message":"Incoming request: POST /api/logout","timestamp":"2026-05-13T14:55:40.672Z"}
{"level":"info","message":"Incoming request: POST /api/login","timestamp":"2026-05-13T15:00:02.245Z"}
{"level":"info","message":"Login correcto: Miniboo","timestamp":"2026-05-13T15:00:02.509Z"}
{"level":"info","message":"Incoming request: GET /api/dashboard","timestamp":"2026-05-13T15:00:02.549Z"}
{"level":"info","message":"Incoming request: GET /api/user","timestamp":"2026-05-13T15:00:03.582Z"}
{"level":"info","message":"Incoming request: GET /api/permis","timestamp":"2026-05-13T15:00:03.585Z"}
{"level":"info","message":"Servidor corriendose en el puerto 5100","timestamp":"2026-05-13T15:04:50.204Z"}
{"level":"info","message":"Incoming request: POST /api/logs","timestamp":"2026-05-13T15:04:50.258Z"}
{"details":{"error":{"isTrusted":true},"headers":{"headers":{},"lazyUpdate":null,"normalizedNames":{}},"message":"Http failure response for http://localhost:5100/api/permis: 0 Unknown Error","name":"HttpErrorResponse","ok":false,"status":0,"statusText":"Unknown Error","url":"http://localhost:5100/api/permis"},"level":"error","message":"[FRONTEND] Error loading permisos","timestamp":"2026-05-13T15:04:50.259Z"}
{"level":"info","message":"Incoming request: GET /api/user","timestamp":"2026-05-13T15:04:50.341Z"}
{"level":"info","message":"Servidor corriendose en el puerto 5100","timestamp":"2026-05-13T15:05:50.988Z"}
{"level":"info","message":"Incoming request: POST /api/logs","timestamp":"2026-05-13T15:05:51.036Z"}
{"details":{"error":{"isTrusted":true},"headers":{"headers":{},"lazyUpdate":null,"normalizedNames":{}},"message":"Http failure response for http://localhost:5100/api/user: 0 Unknown Error","name":"HttpErrorResponse","ok":false,"status":0,"statusText":"Unknown Error","url":"http://localhost:5100/api/user"},"level":"error","message":"[FRONTEND] Error loading users","timestamp":"2026-05-13T15:05:51.037Z"}
{"level":"info","message":"Servidor corriendose en el puerto 5100","timestamp":"2026-05-13T15:05:53.710Z"}
{"level":"info","message":"Servidor corriendose en el puerto 5100","timestamp":"2026-05-13T15:05:56.204Z"}
{"level":"info","message":"Servidor corriendose en el puerto 5100","timestamp":"2026-05-13T15:06:07.746Z"}
{"level":"info","message":"Servidor corriendose en el puerto 5100","timestamp":"2026-05-13T15:10:48.911Z"}
{"level":"info","message":"Incoming request: GET /api/user","timestamp":"2026-05-13T15:10:52.629Z"}
{"level":"info","message":"Incoming request: GET /api/permis","timestamp":"2026-05-13T15:10:52.661Z"}
{"level":"info","message":"Incoming request: POST /api/renewToken","timestamp":"2026-05-13T15:10:52.766Z"}
{"level":"info","message":"Incoming request: POST /api/renewToken","timestamp":"2026-05-13T15:10:52.783Z"}
{"level":"info","message":"Incoming request: POST /api/logs","timestamp":"2026-05-13T15:10:52.911Z"}
{"details":{"error":{"error":"Token de actualización revocado o inválido"},"headers":{"lazyUpdate":null,"normalizedNames":{}},"message":"Http failure response for http://localhost:5100/api/renewToken: 401 Unauthorized","name":"HttpErrorResponse","ok":false,"status":401,"statusText":"Unauthorized","url":"http://localhost:5100/api/renewToken"},"level":"error","message":"[FRONTEND] Error loading users","timestamp":"2026-05-13T15:10:52.913Z"}
{"level":"info","message":"Incoming request: POST /api/logs","timestamp":"2026-05-13T15:10:52.915Z"}
{"details":{"error":{"error":"Token de actualización revocado o inválido"},"headers":{"lazyUpdate":null,"normalizedNames":{}},"message":"Http failure response for http://localhost:5100/api/renewToken: 401 Unauthorized","name":"HttpErrorResponse","ok":false,"status":401,"statusText":"Unauthorized","url":"http://localhost:5100/api/renewToken"},"level":"error","message":"[FRONTEND] Error loading permisos","timestamp":"2026-05-13T15:10:52.915Z"}
{"level":"info","message":"Incoming request: POST /api/login","timestamp":"2026-05-13T15:10:56.576Z"}
{"level":"info","message":"Login correcto: Miniboo","timestamp":"2026-05-13T15:10:56.839Z"}
{"level":"info","message":"Incoming request: GET /api/dashboard","timestamp":"2026-05-13T15:10:56.887Z"}
{"level":"info","message":"Incoming request: GET /api/user","timestamp":"2026-05-13T15:10:58.111Z"}
{"level":"info","message":"Incoming request: GET /api/permis","timestamp":"2026-05-13T15:10:58.114Z"}
{"level":"info","message":"Incoming request: GET /api/user","timestamp":"2026-05-13T15:12:12.689Z"}
{"level":"info","message":"Incoming request: GET /api/permis","timestamp":"2026-05-13T15:12:12.693Z"}
{"level":"info","message":"Servidor corriendose en el puerto 5100","timestamp":"2026-05-13T15:12:23.577Z"}
{"level":"info","message":"Incoming request: POST /api/logs","timestamp":"2026-05-13T15:12:23.742Z"}
{"details":{"error":{"isTrusted":true},"headers":{"headers":{},"lazyUpdate":null,"normalizedNames":{}},"message":"Http failure response for http://localhost:5100/api/permis: 0 Unknown Error","name":"HttpErrorResponse","ok":false,"status":0,"statusText":"Unknown Error","url":"http://localhost:5100/api/permis"},"level":"error","message":"[FRONTEND] Error loading permisos","timestamp":"2026-05-13T15:12:23.743Z"}
{"level":"info","message":"Incoming request: POST /api/logs","timestamp":"2026-05-13T15:12:23.746Z"}
{"details":{"error":{"isTrusted":true},"headers":{"headers":{},"lazyUpdate":null,"normalizedNames":{}},"message":"Http failure response for http://localhost:5100/api/user: 0 Unknown Error","name":"HttpErrorResponse","ok":false,"status":0,"statusText":"Unknown Error","url":"http://localhost:5100/api/user"},"level":"error","message":"[FRONTEND] Error loading users","timestamp":"2026-05-13T15:12:23.747Z"}
{"level":"info","message":"Servidor corriendose en el puerto 5100","timestamp":"2026-05-13T15:12:30.744Z"}
{"level":"info","message":"Incoming request: GET /api/user","timestamp":"2026-05-13T15:12:30.790Z"}
{"level":"info","message":"Incoming request: GET /api/permis","timestamp":"2026-05-13T15:12:30.832Z"}
{"level":"info","message":"Servidor corriendose en el puerto 5100","timestamp":"2026-05-13T15:12:48.017Z"}
{"level":"info","message":"Incoming request: POST /api/logs","timestamp":"2026-05-13T15:12:48.230Z"}
{"details":{"error":{"isTrusted":true},"headers":{"headers":{},"lazyUpdate":null,"normalizedNames":{}},"message":"Http failure response for http://localhost:5100/api/user: 0 Unknown Error","name":"HttpErrorResponse","ok":false,"status":0,"statusText":"Unknown Error","url":"http://localhost:5100/api/user"},"level":"error","message":"[FRONTEND] Error loading users","timestamp":"2026-05-13T15:12:48.232Z"}
{"level":"info","message":"Incoming request: POST /api/logs","timestamp":"2026-05-13T15:12:48.237Z"}
{"details":{"error":{"isTrusted":true},"headers":{"headers":{},"lazyUpdate":null,"normalizedNames":{}},"message":"Http failure response for http://localhost:5100/api/permis: 0 Unknown Error","name":"HttpErrorResponse","ok":false,"status":0,"statusText":"Unknown Error","url":"http://localhost:5100/api/permis"},"level":"error","message":"[FRONTEND] Error loading permisos","timestamp":"2026-05-13T15:12:48.237Z"}
{"level":"info","message":"Servidor corriendose en el puerto 5100","timestamp":"2026-05-13T15:12:58.312Z"}
{"level":"info","message":"Incoming request: GET /api/user","timestamp":"2026-05-13T15:12:58.669Z"}
{"level":"info","message":"Incoming request: GET /api/permis","timestamp":"2026-05-13T15:12:58.687Z"}
{"level":"info","message":"Servidor corriendose en el puerto 5100","timestamp":"2026-05-13T15:13:09.721Z"}
{"level":"info","message":"Incoming request: POST /api/logs","timestamp":"2026-05-13T15:13:09.930Z"}
{"details":{"error":{"isTrusted":true},"headers":{"headers":{},"lazyUpdate":null,"normalizedNames":{}},"message":"Http failure response for http://localhost:5100/api/permis: 0 Unknown Error","name":"HttpErrorResponse","ok":false,"status":0,"statusText":"Unknown Error","url":"http://localhost:5100/api/permis"},"level":"error","message":"[FRONTEND] Error loading permisos","timestamp":"2026-05-13T15:13:09.931Z"}
{"level":"info","message":"Incoming request: POST /api/logs","timestamp":"2026-05-13T15:13:09.934Z"}
{"details":{"error":{"isTrusted":true},"headers":{"headers":{},"lazyUpdate":null,"normalizedNames":{}},"message":"Http failure response for http://localhost:5100/api/user: 0 Unknown Error","name":"HttpErrorResponse","ok":false,"status":0,"statusText":"Unknown Error","url":"http://localhost:5100/api/user"},"level":"error","message":"[FRONTEND] Error loading users","timestamp":"2026-05-13T15:13:09.934Z"}
{"level":"info","message":"Incoming request: GET /api/user","timestamp":"2026-05-13T15:13:13.684Z"}
{"level":"info","message":"Incoming request: GET /api/permis","timestamp":"2026-05-13T15:13:13.693Z"}
{"level":"info","message":"Servidor corriendose en el puerto 5100","timestamp":"2026-05-13T15:13:18.046Z"}
{"level":"info","message":"Incoming request: POST /api/logs","timestamp":"2026-05-13T15:13:18.072Z"}
{"details":{"error":{"isTrusted":true},"headers":{"headers":{},"lazyUpdate":null,"normalizedNames":{}},"message":"Http failure response for http://localhost:5100/api/user: 0 Unknown Error","name":"HttpErrorResponse","ok":false,"status":0,"statusText":"Unknown Error","url":"http://localhost:5100/api/user"},"level":"error","message":"[FRONTEND] Error loading users","timestamp":"2026-05-13T15:13:18.074Z"}
{"level":"info","message":"Incoming request: POST /api/logs","timestamp":"2026-05-13T15:13:18.077Z"}
{"details":{"error":{"isTrusted":true},"headers":{"headers":{},"lazyUpdate":null,"normalizedNames":{}},"message":"Http failure response for http://localhost:5100/api/permis: 0 Unknown Error","name":"HttpErrorResponse","ok":false,"status":0,"statusText":"Unknown Error","url":"http://localhost:5100/api/permis"},"level":"error","message":"[FRONTEND] Error loading permisos","timestamp":"2026-05-13T15:13:18.077Z"}
{"level":"info","message":"Servidor corriendose en el puerto 5100","timestamp":"2026-05-13T15:13:23.502Z"}
{"level":"info","message":"Incoming request: GET /api/user","timestamp":"2026-05-13T15:13:23.515Z"}
{"level":"info","message":"Incoming request: GET /api/permis","timestamp":"2026-05-13T15:13:23.761Z"}
{"level":"info","message":"Servidor corriendose en el puerto 5100","timestamp":"2026-05-13T15:13:32.512Z"}
{"level":"info","message":"Incoming request: POST /api/logs","timestamp":"2026-05-13T15:13:32.563Z"}
{"details":{"error":{"isTrusted":true},"headers":{"headers":{},"lazyUpdate":null,"normalizedNames":{}},"message":"Http failure response for http://localhost:5100/api/user: 0 Unknown Error","name":"HttpErrorResponse","ok":false,"status":0,"statusText":"Unknown Error","url":"http://localhost:5100/api/user"},"level":"error","message":"[FRONTEND] Error loading users","timestamp":"2026-05-13T15:13:32.564Z"}
{"level":"info","message":"Incoming request: POST /api/logs","timestamp":"2026-05-13T15:13:32.571Z"}
{"details":{"error":{"isTrusted":true},"headers":{"headers":{},"lazyUpdate":null,"normalizedNames":{}},"message":"Http failure response for http://localhost:5100/api/permis: 0 Unknown Error","name":"HttpErrorResponse","ok":false,"status":0,"statusText":"Unknown Error","url":"http://localhost:5100/api/permis"},"level":"error","message":"[FRONTEND] Error loading permisos","timestamp":"2026-05-13T15:13:32.572Z"}
{"level":"info","message":"Incoming request: GET /api/user","timestamp":"2026-05-13T15:13:46.894Z"}
{"level":"info","message":"Incoming request: GET /api/permis","timestamp":"2026-05-13T15:13:46.932Z"}
{"level":"info","message":"Incoming request: GET /api/user","timestamp":"2026-05-13T15:13:56.423Z"}
{"level":"info","message":"Incoming request: GET /api/permis","timestamp":"2026-05-13T15:13:56.430Z"}
{"level":"info","message":"Servidor corriendose en el puerto 5100","timestamp":"2026-05-13T15:14:07.039Z"}
{"level":"info","message":"Incoming request: POST /api/logs","timestamp":"2026-05-13T15:14:07.095Z"}
{"details":{"error":{"isTrusted":true},"headers":{"headers":{},"lazyUpdate":null,"normalizedNames":{}},"message":"Http failure response for http://localhost:5100/api/permis: 0 Unknown Error","name":"HttpErrorResponse","ok":false,"status":0,"statusText":"Unknown Error","url":"http://localhost:5100/api/permis"},"level":"error","message":"[FRONTEND] Error loading permisos","timestamp":"2026-05-13T15:14:07.096Z"}
{"level":"info","message":"Incoming request: POST /api/logs","timestamp":"2026-05-13T15:14:07.099Z"}
{"details":{"error":{"isTrusted":true},"headers":{"headers":{},"lazyUpdate":null,"normalizedNames":{}},"message":"Http failure response for http://localhost:5100/api/user: 0 Unknown Error","name":"HttpErrorResponse","ok":false,"status":0,"statusText":"Unknown Error","url":"http://localhost:5100/api/user"},"level":"error","message":"[FRONTEND] Error loading users","timestamp":"2026-05-13T15:14:07.099Z"}
{"level":"info","message":"Incoming request: GET /api/user","timestamp":"2026-05-13T15:14:16.042Z"}
{"level":"info","message":"Incoming request: GET /api/permis","timestamp":"2026-05-13T15:14:16.048Z"}
{"level":"info","message":"Incoming request: GET /api/user","timestamp":"2026-05-13T15:14:17.927Z"}
{"level":"info","message":"Incoming request: GET /api/permis","timestamp":"2026-05-13T15:14:17.932Z"}
{"level":"info","message":"Incoming request: GET /api/user","timestamp":"2026-05-13T15:14:19.040Z"}
{"level":"info","message":"Incoming request: GET /api/permis","timestamp":"2026-05-13T15:14:19.046Z"}
{"level":"info","message":"Incoming request: GET /api/user","timestamp":"2026-05-13T15:14:36.975Z"}
{"level":"info","message":"Incoming request: GET /api/permis","timestamp":"2026-05-13T15:14:36.984Z"}
{"level":"info","message":"Incoming request: GET /api/user","timestamp":"2026-05-13T15:14:41.035Z"}
{"level":"info","message":"Incoming request: GET /api/permis","timestamp":"2026-05-13T15:14:41.038Z"}
{"level":"info","message":"Incoming request: GET /api/user","timestamp":"2026-05-13T15:14:44.126Z"}
{"level":"info","message":"Incoming request: GET /api/permis","timestamp":"2026-05-13T15:14:44.128Z"}
{"level":"info","message":"Incoming request: GET /api/user","timestamp":"2026-05-13T15:14:46.531Z"}
{"level":"info","message":"Incoming request: GET /api/permis","timestamp":"2026-05-13T15:14:46.536Z"}
{"level":"info","message":"Servidor corriendose en el puerto 5100","timestamp":"2026-05-13T15:15:33.763Z"}
{"level":"info","message":"Incoming request: POST /api/logs","timestamp":"2026-05-13T15:15:33.791Z"}
{"details":{"error":{"isTrusted":true},"headers":{"headers":{},"lazyUpdate":null,"normalizedNames":{}},"message":"Http failure response for http://localhost:5100/api/user: 0 Unknown Error","name":"HttpErrorResponse","ok":false,"status":0,"statusText":"Unknown Error","url":"http://localhost:5100/api/user"},"level":"error","message":"[FRONTEND] Error loading users","timestamp":"2026-05-13T15:15:33.793Z"}
{"level":"info","message":"Incoming request: POST /api/logs","timestamp":"2026-05-13T15:15:33.796Z"}
{"details":{"error":{"isTrusted":true},"headers":{"headers":{},"lazyUpdate":null,"normalizedNames":{}},"message":"Http failure response for http://localhost:5100/api/permis: 0 Unknown Error","name":"HttpErrorResponse","ok":false,"status":0,"statusText":"Unknown Error","url":"http://localhost:5100/api/permis"},"level":"error","message":"[FRONTEND] Error loading permisos","timestamp":"2026-05-13T15:15:33.796Z"}
{"level":"info","message":"Servidor corriendose en el puerto 5100","timestamp":"2026-05-13T15:15:34.690Z"}
{"level":"info","message":"Servidor corriendose en el puerto 5100","timestamp":"2026-05-13T15:15:43.821Z"}
{"level":"info","message":"Incoming request: GET /api/user","timestamp":"2026-05-13T15:15:51.861Z"}
{"level":"info","message":"Incoming request: GET /api/permis","timestamp":"2026-05-13T15:15:51.880Z"}
{"level":"info","message":"Incoming request: GET /api/user","timestamp":"2026-05-13T15:15:53.038Z"}
{"level":"info","message":"Incoming request: GET /api/permis","timestamp":"2026-05-13T15:15:53.041Z"}
{"level":"info","message":"Servidor corriendose en el puerto 5100","timestamp":"2026-05-13T15:16:06.831Z"}
{"level":"info","message":"Incoming request: POST /api/logs","timestamp":"2026-05-13T15:16:06.999Z"}
{"details":{"error":{"isTrusted":true},"headers":{"headers":{},"lazyUpdate":null,"normalizedNames":{}},"message":"Http failure response for http://localhost:5100/api/permis: 0 Unknown Error","name":"HttpErrorResponse","ok":false,"status":0,"statusText":"Unknown Error","url":"http://localhost:5100/api/permis"},"level":"error","message":"[FRONTEND] Error loading permisos","timestamp":"2026-05-13T15:16:07.001Z"}
{"level":"info","message":"Incoming request: POST /api/logs","timestamp":"2026-05-13T15:16:07.006Z"}
{"details":{"error":{"isTrusted":true},"headers":{"headers":{},"lazyUpdate":null,"normalizedNames":{}},"message":"Http failure response for http://localhost:5100/api/user: 0 Unknown Error","name":"HttpErrorResponse","ok":false,"status":0,"statusText":"Unknown Error","url":"http://localhost:5100/api/user"},"level":"error","message":"[FRONTEND] Error loading users","timestamp":"2026-05-13T15:16:07.009Z"}
{"level":"info","message":"Servidor corriendose en el puerto 5100","timestamp":"2026-05-13T15:16:07.877Z"}
{"level":"info","message":"Servidor corriendose en el puerto 5100","timestamp":"2026-05-13T15:16:12.245Z"}
{"level":"info","message":"Servidor corriendose en el puerto 5100","timestamp":"2026-05-13T15:16:16.218Z"}
{"level":"info","message":"Servidor corriendose en el puerto 5100","timestamp":"2026-05-13T15:16:22.007Z"}
{"level":"info","message":"Servidor corriendose en el puerto 5100","timestamp":"2026-05-13T15:16:41.551Z"}
{"level":"info","message":"Servidor corriendose en el puerto 5100","timestamp":"2026-05-13T15:16:46.677Z"}
{"level":"info","message":"Servidor corriendose en el puerto 5100","timestamp":"2026-05-13T15:17:00.849Z"}
{"level":"info","message":"Incoming request: GET /api/user","timestamp":"2026-05-13T15:17:01.717Z"}
{"level":"info","message":"Incoming request: GET /api/permis","timestamp":"2026-05-13T15:17:01.728Z"}
{"level":"info","message":"Incoming request: POST /api/renewToken","timestamp":"2026-05-13T15:17:01.871Z"}
{"level":"info","message":"Incoming request: POST /api/renewToken","timestamp":"2026-05-13T15:17:01.880Z"}
{"level":"info","message":"Incoming request: GET /api/user","timestamp":"2026-05-13T15:17:01.944Z"}
{"level":"info","message":"Incoming request: GET /api/permis","timestamp":"2026-05-13T15:17:01.955Z"}
{"level":"info","message":"Servidor corriendose en el puerto 5100","timestamp":"2026-05-13T15:17:18.309Z"}
{"level":"info","message":"Incoming request: GET /api/permis","timestamp":"2026-05-13T15:17:18.493Z"}
{"level":"info","message":"Servidor corriendose en el puerto 5100","timestamp":"2026-05-13T15:17:26.120Z"}
{"level":"info","message":"Incoming request: POST /api/logs","timestamp":"2026-05-13T15:17:26.272Z"}
{"details":{"error":{"isTrusted":true},"headers":{"headers":{},"lazyUpdate":null,"normalizedNames":{}},"message":"Http failure response for http://localhost:5100/api/permis: 0 Unknown Error","name":"HttpErrorResponse","ok":false,"status":0,"statusText":"Unknown Error","url":"http://localhost:5100/api/permis"},"level":"error","message":"[FRONTEND] Error loading permisos","timestamp":"2026-05-13T15:17:26.273Z"}
{"level":"info","message":"Incoming request: POST /api/login","timestamp":"2026-05-13T15:17:44.999Z"}
{"level":"info","message":"Login correcto: Miniboo","timestamp":"2026-05-13T15:17:45.309Z"}
{"level":"info","message":"Incoming request: GET /api/dashboard","timestamp":"2026-05-13T15:17:45.417Z"}
{"level":"info","message":"Servidor corriendose en el puerto 5100","timestamp":"2026-05-13T15:18:21.903Z"}
{"level":"info","message":"Incoming request: POST /api/logout","timestamp":"2026-05-13T15:18:24.348Z"}
{"level":"info","message":"Incoming request: POST /api/login","timestamp":"2026-05-13T15:18:33.432Z"}
{"level":"info","message":"Login correcto: Miniboo","timestamp":"2026-05-13T15:18:33.747Z"}
{"level":"info","message":"Incoming request: GET /api/dashboard","timestamp":"2026-05-13T15:18:33.843Z"}
{"level":"info","message":"Servidor corriendose en el puerto 5100","timestamp":"2026-05-13T15:18:54.875Z"}
{"level":"info","message":"Incoming request: GET /api/dashboard","timestamp":"2026-05-13T15:18:54.905Z"}
{"level":"info","message":"Incoming request: GET /api/dashboard","timestamp":"2026-05-13T15:18:58.926Z"}
{"level":"info","message":"Incoming request: POST /api/logout","timestamp":"2026-05-13T15:19:00.225Z"}
{"level":"info","message":"Incoming request: POST /api/login","timestamp":"2026-05-13T15:19:06.491Z"}
{"level":"info","message":"Login correcto: Miniboo","timestamp":"2026-05-13T15:19:06.876Z"}
{"level":"info","message":"Servidor corriendose en el puerto 5100","timestamp":"2026-05-13T15:19:13.416Z"}
{"level":"info","message":"Incoming request: GET /api/dashboard","timestamp":"2026-05-13T15:19:13.469Z"}
{"level":"info","message":"Incoming request: GET /api/dashboard","timestamp":"2026-05-13T15:19:26.968Z"}
{"level":"info","message":"Incoming request: POST /api/logout","timestamp":"2026-05-13T15:21:25.343Z"}
{"level":"info","message":"Incoming request: POST /api/login","timestamp":"2026-05-13T15:21:35.944Z"}
{"level":"info","message":"Login correcto: Miniboo","timestamp":"2026-05-13T15:21:36.181Z"}
{"level":"info","message":"Incoming request: GET /api/dashboard","timestamp":"2026-05-13T15:21:56.230Z"}
{"level":"info","message":"Servidor corriendose en el puerto 5100","timestamp":"2026-05-13T15:26:49.912Z"}
{"level":"info","message":"Incoming request: GET /api/dashboard","timestamp":"2026-05-13T15:26:59.299Z"}
{"level":"info","message":"Incoming request: POST /api/renewToken","timestamp":"2026-05-13T15:26:59.432Z"}
{"level":"info","message":"Incoming request: GET /api/dashboard","timestamp":"2026-05-13T15:26:59.506Z"}
{"level":"info","message":"Incoming request: POST /api/logout","timestamp":"2026-05-13T15:27:04.596Z"}
{"level":"info","message":"Incoming request: POST /api/login","timestamp":"2026-05-13T15:27:09.744Z"}
{"level":"info","message":"Login correcto: Miniboo","timestamp":"2026-05-13T15:27:09.989Z"}
{"level":"info","message":"Incoming request: GET /api/dashboard","timestamp":"2026-05-13T15:27:30.043Z"}
{"level":"info","message":"Servidor corriendose en el puerto 5100","timestamp":"2026-05-13T15:29:04.271Z"}
{"level":"info","message":"Incoming request: POST /api/logs","timestamp":"2026-05-13T15:29:05.596Z"}
{"details":{"error":{"isTrusted":true},"headers":{"headers":{},"lazyUpdate":null,"normalizedNames":{}},"message":"Http failure response for http://localhost:5100/api/login: 0 Unknown Error","name":"HttpErrorResponse","ok":false,"status":0,"statusText":"Unknown Error","url":"http://localhost:5100/api/login"},"level":"error","message":"[FRONTEND] Login error","timestamp":"2026-05-13T15:29:05.598Z"}
{"level":"info","message":"Servidor corriendose en el puerto 5100","timestamp":"2026-05-13T15:29:06.768Z"}
{"level":"info","message":"Incoming request: POST /api/login","timestamp":"2026-05-13T15:29:11.239Z"}
{"level":"info","message":"Login correcto: Miniboo","timestamp":"2026-05-13T15:29:11.516Z"}
{"level":"info","message":"Incoming request: GET /api/dashboard","timestamp":"2026-05-13T15:29:11.581Z"}
{"level":"info","message":"Incoming request: POST /api/logout","timestamp":"2026-05-13T15:30:05.071Z"}
{"level":"info","message":"Incoming request: POST /api/login","timestamp":"2026-05-13T15:30:19.842Z"}
{"level":"info","message":"Login correcto: Miniboo","timestamp":"2026-05-13T15:30:20.121Z"}
{"level":"info","message":"Servidor corriendose en el puerto 5100","timestamp":"2026-05-13T15:30:39.973Z"}
{"level":"info","message":"Incoming request: GET /api/dashboard","timestamp":"2026-05-13T15:30:40.156Z"}
{"level":"info","message":"Incoming request: GET /api/dashboard","timestamp":"2026-05-13T15:30:40.181Z"}
{"level":"info","message":"Servidor corriendose en el puerto 5100","timestamp":"2026-05-13T15:30:50.047Z"}
{"level":"info","message":"Incoming request: POST /api/logs","timestamp":"2026-05-13T15:30:50.171Z"}
{"details":{"error":{"isTrusted":true},"headers":{"headers":{},"lazyUpdate":null,"normalizedNames":{}},"message":"Http failure response for http://localhost:5100/api/dashboard: 0 Unknown Error","name":"HttpErrorResponse","ok":false,"status":0,"statusText":"Unknown Error","url":"http://localhost:5100/api/dashboard"},"level":"error","message":"[FRONTEND] Error loading dashboard data","timestamp":"2026-05-13T15:30:50.172Z"}
{"level":"info","message":"Incoming request: POST /api/logs","timestamp":"2026-05-13T15:30:50.178Z"}
{"details":{"error":{"isTrusted":true},"headers":{"headers":{},"lazyUpdate":null,"normalizedNames":{}},"message":"Http failure response for http://localhost:5100/api/dashboard: 0 Unknown Error","name":"HttpErrorResponse","ok":false,"status":0,"statusText":"Unknown Error","url":"http://localhost:5100/api/dashboard"},"level":"error","message":"[FRONTEND] Error loading dashboard data","timestamp":"2026-05-13T15:30:50.180Z"}
{"level":"info","message":"Servidor corriendose en el puerto 5100","timestamp":"2026-05-13T15:30:55.012Z"}
{"level":"info","message":"Servidor corriendose en el puerto 5100","timestamp":"2026-05-13T15:30:57.070Z"}
{"level":"info","message":"Servidor corriendose en el puerto 5100","timestamp":"2026-05-13T15:31:00.419Z"}
{"level":"info","message":"Servidor corriendose en el puerto 5100","timestamp":"2026-05-13T15:31:02.828Z"}
{"level":"info","message":"Servidor corriendose en el puerto 5100","timestamp":"2026-05-13T15:31:05.583Z"}
{"level":"info","message":"Servidor corriendose en el puerto 5100","timestamp":"2026-05-13T15:31:11.684Z"}
{"level":"info","message":"Servidor corriendose en el puerto 5100","timestamp":"2026-05-13T15:31:13.358Z"}
{"level":"info","message":"Incoming request: POST /api/logout","timestamp":"2026-05-13T15:31:15.904Z"}
{"level":"info","message":"Incoming request: POST /api/logout","timestamp":"2026-05-13T15:31:23.642Z"}
{"level":"info","message":"Incoming request: POST /api/login","timestamp":"2026-05-13T15:31:28.382Z"}
{"level":"info","message":"Login correcto: Miniboo","timestamp":"2026-05-13T15:31:28.683Z"}
{"level":"info","message":"Incoming request: GET /api/dashboard","timestamp":"2026-05-13T15:31:28.742Z"}
{"level":"info","message":"Incoming request: GET /api/dashboard","timestamp":"2026-05-13T15:31:54.361Z"}
{"level":"info","message":"Incoming request: POST /api/logout","timestamp":"2026-05-13T15:31:56.393Z"}
{"level":"info","message":"Incoming request: POST /api/login","timestamp":"2026-05-13T15:32:10.043Z"}
{"level":"info","message":"Login correcto: Miniboo","timestamp":"2026-05-13T15:32:10.324Z"}
{"level":"info","message":"Incoming request: GET /api/dashboard","timestamp":"2026-05-13T15:32:30.386Z"}
{"level":"info","message":"Servidor corriendose en el puerto 5100","timestamp":"2026-05-13T15:34:59.451Z"}
{"level":"info","message":"Incoming request: POST /api/logs","timestamp":"2026-05-13T15:34:59.539Z"}
{"details":{"error":{"isTrusted":true},"headers":{"headers":{},"lazyUpdate":null,"normalizedNames":{}},"message":"Http failure response for http://localhost:5100/api/dashboard: 0 Unknown Error","name":"HttpErrorResponse","ok":false,"status":0,"statusText":"Unknown Error","url":"http://localhost:5100/api/dashboard"},"level":"error","message":"[FRONTEND] Error loading dashboard data","timestamp":"2026-05-13T15:34:59.540Z"}
{"level":"info","message":"Incoming request: POST /api/logs","timestamp":"2026-05-13T15:34:59.544Z"}
{"details":{"error":{"isTrusted":true},"headers":{"headers":{},"lazyUpdate":null,"normalizedNames":{}},"message":"Http failure response for http://localhost:5100/api/dashboard: 0 Unknown Error","name":"HttpErrorResponse","ok":false,"status":0,"statusText":"Unknown Error","url":"http://localhost:5100/api/dashboard"},"level":"error","message":"[FRONTEND] Error loading dashboard data","timestamp":"2026-05-13T15:34:59.544Z"}
{"level":"info","message":"Servidor corriendose en el puerto 5100","timestamp":"2026-05-13T15:35:01.048Z"}
{"level":"info","message":"Servidor corriendose en el puerto 5100","timestamp":"2026-05-13T15:35:04.440Z"}
{"level":"info","message":"Incoming request: POST /api/logout","timestamp":"2026-05-13T15:35:07.389Z"}
{"level":"info","message":"Incoming request: POST /api/login","timestamp":"2026-05-13T15:35:14.660Z"}
{"level":"info","message":"Login correcto: Miniboo","timestamp":"2026-05-13T15:35:14.963Z"}
{"level":"info","message":"Incoming request: GET /api/dashboard","timestamp":"2026-05-13T15:35:15.036Z"}
{"level":"info","message":"Servidor corriendose en el puerto 5100","timestamp":"2026-05-13T15:35:29.104Z"}
{"level":"info","message":"Incoming request: GET /api/dashboard","timestamp":"2026-05-13T15:35:29.130Z"}
{"level":"info","message":"Servidor corriendose en el puerto 5100","timestamp":"2026-05-13T15:35:31.387Z"}
{"level":"info","message":"Incoming request: POST /api/logs","timestamp":"2026-05-13T15:35:31.500Z"}
{"details":{"error":{"isTrusted":true},"headers":{"headers":{},"lazyUpdate":null,"normalizedNames":{}},"message":"Http failure response for http://localhost:5100/api/dashboard: 0 Unknown Error","name":"HttpErrorResponse","ok":false,"status":0,"statusText":"Unknown Error","url":"http://localhost:5100/api/dashboard"},"level":"error","message":"[FRONTEND] Error loading dashboard data","timestamp":"2026-05-13T15:35:31.501Z"}
{"level":"info","message":"Servidor corriendose en el puerto 5100","timestamp":"2026-05-13T15:35:34.364Z"}
{"level":"info","message":"Servidor corriendose en el puerto 5100","timestamp":"2026-05-13T15:35:39.636Z"}
{"level":"info","message":"Servidor corriendose en el puerto 5100","timestamp":"2026-05-13T15:35:41.069Z"}
{"level":"info","message":"Servidor corriendose en el puerto 5100","timestamp":"2026-05-13T15:35:43.156Z"}
{"level":"info","message":"Servidor corriendose en el puerto 5100","timestamp":"2026-05-13T15:35:44.737Z"}
{"level":"info","message":"Servidor corriendose en el puerto 5100","timestamp":"2026-05-13T15:35:46.774Z"}
{"level":"info","message":"Servidor corriendose en el puerto 5100","timestamp":"2026-05-13T15:35:48.076Z"}
{"level":"info","message":"Servidor corriendose en el puerto 5100","timestamp":"2026-05-13T15:35:51.453Z"}
{"level":"info","message":"Servidor corriendose en el puerto 5100","timestamp":"2026-05-13T15:35:53.719Z"}
{"level":"info","message":"Servidor corriendose en el puerto 5100","timestamp":"2026-05-13T15:35:55.013Z"}
{"level":"info","message":"Servidor corriendose en el puerto 5100","timestamp":"2026-05-13T15:35:57.242Z"}
{"level":"info","message":"Incoming request: POST /api/logout","timestamp":"2026-05-13T15:35:57.385Z"}
{"level":"info","message":"Incoming request: POST /api/login","timestamp":"2026-05-13T15:36:04.364Z"}
{"level":"info","message":"Login correcto: Miniboo","timestamp":"2026-05-13T15:36:04.671Z"}
{"level":"info","message":"Incoming request: GET /api/dashboard","timestamp":"2026-05-13T15:36:04.727Z"}
{"level":"info","message":"Servidor corriendose en el puerto 5100","timestamp":"2026-05-13T15:36:20.331Z"}
{"level":"info","message":"Incoming request: GET /api/dashboard","timestamp":"2026-05-13T15:36:20.347Z"}
{"level":"info","message":"Servidor corriendose en el puerto 5100","timestamp":"2026-05-13T15:36:21.632Z"}
{"level":"info","message":"Incoming request: POST /api/logs","timestamp":"2026-05-13T15:36:21.667Z"}
{"details":{"error":{"isTrusted":true},"headers":{"headers":{},"lazyUpdate":null,"normalizedNames":{}},"message":"Http failure response for http://localhost:5100/api/dashboard: 0 Unknown Error","name":"HttpErrorResponse","ok":false,"status":0,"statusText":"Unknown Error","url":"http://localhost:5100/api/dashboard"},"level":"error","message":"[FRONTEND] Error loading dashboard data","timestamp":"2026-05-13T15:36:21.670Z"}
{"level":"info","message":"Servidor corriendose en el puerto 5100","timestamp":"2026-05-13T15:36:22.809Z"}
{"level":"info","message":"Servidor corriendose en el puerto 5100","timestamp":"2026-05-13T15:37:18.892Z"}
{"level":"info","message":"Servidor corriendose en el puerto 5100","timestamp":"2026-05-13T15:37:25.134Z"}
{"level":"info","message":"Servidor corriendose en el puerto 5100","timestamp":"2026-05-13T15:37:33.851Z"}
{"level":"info","message":"Servidor corriendose en el puerto 5100","timestamp":"2026-05-13T15:37:36.976Z"}
{"level":"info","message":"Servidor corriendose en el puerto 5100","timestamp":"2026-05-13T15:37:40.239Z"}
{"level":"info","message":"Incoming request: POST /api/logout","timestamp":"2026-05-13T15:37:46.778Z"}
{"level":"info","message":"Incoming request: POST /api/login","timestamp":"2026-05-13T15:37:52.132Z"}
{"level":"info","message":"Login correcto: Miniboo","timestamp":"2026-05-13T15:37:52.428Z"}
{"level":"info","message":"Incoming request: GET /api/dashboard","timestamp":"2026-05-13T15:37:52.498Z"}
{"level":"info","message":"Servidor corriendose en el puerto 5100","timestamp":"2026-05-13T15:37:58.825Z"}
{"level":"info","message":"Incoming request: POST /api/logs","timestamp":"2026-05-13T15:37:58.880Z"}
{"details":{"error":{"isTrusted":true},"headers":{"headers":{},"lazyUpdate":null,"normalizedNames":{}},"message":"Http failure response for http://localhost:5100/api/dashboard: 0 Unknown Error","name":"HttpErrorResponse","ok":false,"status":0,"statusText":"Unknown Error","url":"http://localhost:5100/api/dashboard"},"level":"error","message":"[FRONTEND] Error loading dashboard data","timestamp":"2026-05-13T15:37:58.881Z"}
{"level":"info","message":"Servidor corriendose en el puerto 5100","timestamp":"2026-05-13T15:38:00.093Z"}
{"level":"info","message":"Servidor corriendose en el puerto 5100","timestamp":"2026-05-13T15:38:37.155Z"}
{"level":"info","message":"Incoming request: POST /api/logs","timestamp":"2026-05-13T15:38:37.216Z"}
{"details":{"error":{"isTrusted":true},"headers":{"headers":{},"lazyUpdate":null,"normalizedNames":{}},"message":"Http failure response for http://localhost:5100/api/logout: 0 Unknown Error","name":"HttpErrorResponse","ok":false,"status":0,"statusText":"Unknown Error","url":"http://localhost:5100/api/logout"},"level":"error","message":"[FRONTEND] Logout error","timestamp":"2026-05-13T15:38:37.217Z"}
{"level":"info","message":"Incoming request: POST /api/logout","timestamp":"2026-05-13T15:38:39.719Z"}
{"level":"info","message":"Incoming request: POST /api/login","timestamp":"2026-05-13T15:38:46.166Z"}
{"level":"info","message":"Login correcto: Miniboo","timestamp":"2026-05-13T15:38:46.485Z"}
{"level":"info","message":"Incoming request: GET /api/dashboard","timestamp":"2026-05-13T15:38:46.563Z"}
{"level":"info","message":"Incoming request: POST /api/renewToken","timestamp":"2026-05-13T15:38:46.608Z"}
{"level":"info","message":"Incoming request: GET /api/dashboard","timestamp":"2026-05-13T15:38:46.666Z"}
{"level":"info","message":"Incoming request: POST /api/logs","timestamp":"2026-05-13T15:38:46.729Z"}
{"details":{"error":{"message":"Token no válido"},"headers":{"lazyUpdate":null,"normalizedNames":{}},"message":"Http failure response for http://localhost:5100/api/dashboard: 401 Unauthorized","name":"HttpErrorResponse","ok":false,"status":401,"statusText":"Unauthorized","url":"http://localhost:5100/api/dashboard"},"level":"error","message":"[FRONTEND] Error loading dashboard data","timestamp":"2026-05-13T15:38:46.734Z"}
{"level":"info","message":"Servidor corriendose en el puerto 5100","timestamp":"2026-05-13T15:40:47.226Z"}
{"level":"info","message":"Incoming request: GET /api/dashboard","timestamp":"2026-05-13T15:40:53.296Z"}
{"level":"info","message":"Incoming request: POST /api/logout","timestamp":"2026-05-13T15:40:54.074Z"}
{"level":"info","message":"Incoming request: POST /api/login","timestamp":"2026-05-13T15:40:59.210Z"}
{"level":"info","message":"Login correcto: Miniboo","timestamp":"2026-05-13T15:40:59.553Z"}
{"level":"info","message":"Incoming request: GET /api/dashboard","timestamp":"2026-05-13T15:40:59.614Z"}
{"level":"info","message":"Servidor corriendose en el puerto 5100","timestamp":"2026-05-13T15:41:08.440Z"}
{"level":"info","message":"Incoming request: POST /api/logout","timestamp":"2026-05-13T15:41:10.843Z"}
{"level":"info","message":"Servidor corriendose en el puerto 5100","timestamp":"2026-05-13T15:41:11.705Z"}
{"level":"info","message":"Incoming request: POST /api/login","timestamp":"2026-05-13T15:41:16.004Z"}
{"level":"info","message":"Login correcto: Miniboo","timestamp":"2026-05-13T15:41:16.317Z"}
{"level":"info","message":"Incoming request: GET /api/dashboard","timestamp":"2026-05-13T15:41:16.387Z"}
{"level":"info","message":"Servidor corriendose en el puerto 5100","timestamp":"2026-05-13T15:43:16.987Z"}
{"level":"info","message":"Incoming request: POST /api/logs","timestamp":"2026-05-13T15:43:17.171Z"}
{"details":{"error":{"isTrusted":true},"headers":{"headers":{},"lazyUpdate":null,"normalizedNames":{}},"message":"Http failure response for http://localhost:5100/api/dashboard: 0 Unknown Error","name":"HttpErrorResponse","ok":false,"status":0,"statusText":"Unknown Error","url":"http://localhost:5100/api/dashboard"},"level":"error","message":"[FRONTEND] Error loading dashboard data","timestamp":"2026-05-13T15:43:17.172Z"}
{"level":"info","message":"Servidor corriendose en el puerto 5100","timestamp":"2026-05-13T15:44:27.722Z"}
{"level":"info","message":"Incoming request: POST /api/logout","timestamp":"2026-05-13T15:44:27.928Z"}
{"level":"info","message":"Incoming request: POST /api/login","timestamp":"2026-05-13T15:44:35.385Z"}
{"level":"info","message":"Login correcto: Miniboo","timestamp":"2026-05-13T15:44:35.711Z"}
{"level":"info","message":"Incoming request: GET /api/dashboard","timestamp":"2026-05-13T15:44:35.785Z"}
{"level":"info","message":"Incoming request: GET /api/user","timestamp":"2026-05-13T15:44:37.349Z"}
{"level":"info","message":"Incoming request: GET /api/permis","timestamp":"2026-05-13T15:44:37.357Z"}
{"level":"error","message":"Error fetching all permisos: permiso is not defined","timestamp":"2026-05-13T15:44:37.471Z"}
{"level":"info","message":"Incoming request: POST /api/logs","timestamp":"2026-05-13T15:44:37.481Z"}
{"details":{"error":{},"headers":{"lazyUpdate":null,"normalizedNames":{}},"message":"Http failure response for http://localhost:5100/api/permis: 500 Internal Server Error","name":"HttpErrorResponse","ok":false,"status":500,"statusText":"Internal Server Error","url":"http://localhost:5100/api/permis"},"level":"error","message":"[FRONTEND] Error loading permisos","timestamp":"2026-05-13T15:44:37.483Z"}
{"level":"info","message":"Incoming request: GET /api/user","timestamp":"2026-05-13T15:44:38.203Z"}
{"level":"info","message":"Incoming request: GET /api/user","timestamp":"2026-05-13T15:44:41.611Z"}
{"level":"info","message":"Incoming request: GET /api/permis","timestamp":"2026-05-13T15:44:41.618Z"}
{"level":"error","message":"Error fetching all permisos: permiso is not defined","timestamp":"2026-05-13T15:44:41.694Z"}
{"level":"info","message":"Incoming request: POST /api/logs","timestamp":"2026-05-13T15:44:41.705Z"}
{"details":{"error":{},"headers":{"lazyUpdate":null,"normalizedNames":{}},"message":"Http failure response for http://localhost:5100/api/permis: 500 Internal Server Error","name":"HttpErrorResponse","ok":false,"status":500,"statusText":"Internal Server Error","url":"http://localhost:5100/api/permis"},"level":"error","message":"[FRONTEND] Error loading permisos","timestamp":"2026-05-13T15:44:41.706Z"}
{"level":"info","message":"Servidor corriendose en el puerto 5100","timestamp":"2026-05-13T15:46:10.254Z"}
{"level":"info","message":"Incoming request: POST /api/logout","timestamp":"2026-05-13T15:46:13.644Z"}
{"level":"info","message":"Incoming request: POST /api/login","timestamp":"2026-05-13T15:46:19.207Z"}
{"level":"info","message":"Login correcto: Miniboo","timestamp":"2026-05-13T15:46:19.502Z"}
{"level":"info","message":"Incoming request: GET /api/dashboard","timestamp":"2026-05-13T15:46:19.576Z"}
{"level":"info","message":"Incoming request: GET /api/user","timestamp":"2026-05-13T15:46:20.427Z"}
{"level":"info","message":"Incoming request: GET /api/permis","timestamp":"2026-05-13T15:46:20.432Z"}
{"level":"error","message":"Error fetching all permisos: Cannot read properties of null (reading 'username')","timestamp":"2026-05-13T15:46:20.540Z"}
{"level":"info","message":"Incoming request: POST /api/logs","timestamp":"2026-05-13T15:46:20.562Z"}
{"details":{"error":{},"headers":{"lazyUpdate":null,"normalizedNames":{}},"message":"Http failure response for http://localhost:5100/api/permis: 500 Internal Server Error","name":"HttpErrorResponse","ok":false,"status":500,"statusText":"Internal Server Error","url":"http://localhost:5100/api/permis"},"level":"error","message":"[FRONTEND] Error loading permisos","timestamp":"2026-05-13T15:46:20.564Z"}
{"level":"info","message":"Servidor corriendose en el puerto 5100","timestamp":"2026-05-13T15:47:57.062Z"}
{"level":"info","message":"Incoming request: GET /api/user","timestamp":"2026-05-13T15:48:01.988Z"}
{"level":"info","message":"Incoming request: GET /api/user","timestamp":"2026-05-13T15:48:06.422Z"}
{"level":"info","message":"Incoming request: GET /api/permis","timestamp":"2026-05-13T15:48:06.432Z"}
{"level":"error","message":"Error fetching all permisos: Cannot read properties of null (reading 'username')","timestamp":"2026-05-13T15:48:06.550Z"}
{"level":"info","message":"Incoming request: POST /api/logs","timestamp":"2026-05-13T15:48:06.636Z"}
{"details":{"error":{},"headers":{"lazyUpdate":null,"normalizedNames":{}},"message":"Http failure response for http://localhost:5100/api/permis: 500 Internal Server Error","name":"HttpErrorResponse","ok":false,"status":500,"statusText":"Internal Server Error","url":"http://localhost:5100/api/permis"},"level":"error","message":"[FRONTEND] Error loading permisos","timestamp":"2026-05-13T15:48:06.638Z"}
{"level":"info","message":"Servidor corriendose en el puerto 5100","timestamp":"2026-05-13T15:48:43.203Z"}
{"level":"info","message":"Servidor corriendose en el puerto 5100","timestamp":"2026-05-13T15:48:44.844Z"}
{"level":"info","message":"Servidor corriendose en el puerto 5100","timestamp":"2026-05-13T15:48:47.794Z"}
{"level":"info","message":"Servidor corriendose en el puerto 5100","timestamp":"2026-05-13T15:48:53.744Z"}
{"level":"info","message":"Incoming request: POST /api/logout","timestamp":"2026-05-13T15:48:58.576Z"}
{"level":"info","message":"Incoming request: POST /api/login","timestamp":"2026-05-13T15:49:03.943Z"}
{"level":"info","message":"Login correcto: Miniboo","timestamp":"2026-05-13T15:49:04.275Z"}
{"level":"info","message":"Incoming request: GET /api/dashboard","timestamp":"2026-05-13T15:49:04.338Z"}
{"level":"info","message":"Incoming request: GET /api/user","timestamp":"2026-05-13T15:49:13.262Z"}
{"level":"info","message":"Incoming request: GET /api/permis","timestamp":"2026-05-13T15:49:13.268Z"}
{"level":"error","message":"Error fetching all permisos: Cannot read properties of null (reading 'username')","timestamp":"2026-05-13T15:49:13.372Z"}
{"level":"info","message":"Incoming request: POST /api/logs","timestamp":"2026-05-13T15:49:13.400Z"}
{"details":{"error":{},"headers":{"lazyUpdate":null,"normalizedNames":{}},"message":"Http failure response for http://localhost:5100/api/permis: 500 Internal Server Error","name":"HttpErrorResponse","ok":false,"status":500,"statusText":"Internal Server Error","url":"http://localhost:5100/api/permis"},"level":"error","message":"[FRONTEND] Error loading permisos","timestamp":"2026-05-13T15:49:13.402Z"}
{"level":"info","message":"Servidor corriendose en el puerto 5100","timestamp":"2026-05-13T15:49:30.178Z"}
{"level":"info","message":"Incoming request: POST /api/logout","timestamp":"2026-05-13T15:49:30.485Z"}
{"level":"info","message":"Incoming request: POST /api/login","timestamp":"2026-05-13T15:49:35.314Z"}
{"level":"info","message":"Login correcto: Miniboo","timestamp":"2026-05-13T15:49:35.586Z"}
{"level":"info","message":"Incoming request: GET /api/dashboard","timestamp":"2026-05-13T15:49:35.624Z"}
{"level":"info","message":"Incoming request: GET /api/user","timestamp":"2026-05-13T15:49:36.707Z"}
{"level":"info","message":"Incoming request: GET /api/permis","timestamp":"2026-05-13T15:49:36.715Z"}
{"level":"error","message":"Error fetching all permisos: Cannot read properties of null (reading 'username')","timestamp":"2026-05-13T15:49:36.828Z"}
{"level":"info","message":"Incoming request: POST /api/logs","timestamp":"2026-05-13T15:49:36.845Z"}
{"details":{"error":{},"headers":{"lazyUpdate":null,"normalizedNames":{}},"message":"Http failure response for http://localhost:5100/api/permis: 500 Internal Server Error","name":"HttpErrorResponse","ok":false,"status":500,"statusText":"Internal Server Error","url":"http://localhost:5100/api/permis"},"level":"error","message":"[FRONTEND] Error loading permisos","timestamp":"2026-05-13T15:49:36.847Z"}
{"level":"info","message":"Servidor corriendose en el puerto 5100","timestamp":"2026-05-13T15:49:48.030Z"}
{"level":"info","message":"Servidor corriendose en el puerto 5100","timestamp":"2026-05-13T15:49:49.475Z"}
{"level":"info","message":"Servidor corriendose en el puerto 5100","timestamp":"2026-05-13T15:49:51.019Z"}
{"level":"info","message":"Servidor corriendose en el puerto 5100","timestamp":"2026-05-13T15:49:52.571Z"}
{"level":"info","message":"Incoming request: GET /api/user","timestamp":"2026-05-13T15:49:57.950Z"}
{"level":"info","message":"Incoming request: GET /api/user","timestamp":"2026-05-13T15:49:59.833Z"}
{"level":"info","message":"Incoming request: GET /api/permis","timestamp":"2026-05-13T15:49:59.841Z"}
{"level":"error","message":"Error fetching all permisos: Cannot read properties of null (reading 'username')","timestamp":"2026-05-13T15:49:59.958Z"}
{"level":"info","message":"Incoming request: POST /api/logs","timestamp":"2026-05-13T15:50:00.086Z"}
{"details":{"error":{},"headers":{"lazyUpdate":null,"normalizedNames":{}},"message":"Http failure response for http://localhost:5100/api/permis: 500 Internal Server Error","name":"HttpErrorResponse","ok":false,"status":500,"statusText":"Internal Server Error","url":"http://localhost:5100/api/permis"},"level":"error","message":"[FRONTEND] Error loading permisos","timestamp":"2026-05-13T15:50:00.087Z"}
{"level":"info","message":"Servidor corriendose en el puerto 5100","timestamp":"2026-05-13T15:50:29.040Z"}
{"level":"info","message":"Servidor corriendose en el puerto 5100","timestamp":"2026-05-13T15:50:33.452Z"}
{"level":"info","message":"Servidor corriendose en el puerto 5100","timestamp":"2026-05-13T15:50:36.439Z"}
{"level":"info","message":"Incoming request: GET /api/user","timestamp":"2026-05-13T15:50:36.605Z"}
{"level":"info","message":"Incoming request: GET /api/permis","timestamp":"2026-05-13T15:50:36.894Z"}
{"level":"error","message":"Error fetching all permisos: Cannot read properties of null (reading 'username')","timestamp":"2026-05-13T15:50:37.109Z"}
{"level":"info","message":"Incoming request: GET /api/user","timestamp":"2026-05-13T15:50:37.136Z"}
{"level":"info","message":"Incoming request: POST /api/logs","timestamp":"2026-05-13T15:50:37.167Z"}
{"details":{"error":{},"headers":{"lazyUpdate":null,"normalizedNames":{}},"message":"Http failure response for http://localhost:5100/api/permis: 500 Internal Server Error","name":"HttpErrorResponse","ok":false,"status":500,"statusText":"Internal Server Error","url":"http://localhost:5100/api/permis"},"level":"error","message":"[FRONTEND] Error loading permisos","timestamp":"2026-05-13T15:50:37.167Z"}
{"level":"info","message":"Incoming request: GET /api/user","timestamp":"2026-05-13T15:51:43.951Z"}
{"level":"info","message":"Incoming request: GET /api/user","timestamp":"2026-05-13T15:51:44.659Z"}
{"level":"info","message":"Incoming request: GET /api/permis","timestamp":"2026-05-13T15:51:44.664Z"}
{"level":"info","message":"Servidor corriendose en el puerto 5100","timestamp":"2026-05-13T15:52:26.068Z"}
{"level":"info","message":"Incoming request: GET /api/user","timestamp":"2026-05-13T15:52:29.394Z"}
{"level":"info","message":"Incoming request: GET /api/user","timestamp":"2026-05-13T15:52:32.770Z"}
{"level":"info","message":"Incoming request: GET /api/permis","timestamp":"2026-05-13T15:52:32.780Z"}
{"level":"info","message":"Servidor corriendose en el puerto 5100","timestamp":"2026-05-13T15:53:45.690Z"}
{"level":"info","message":"Servidor corriendose en el puerto 5100","timestamp":"2026-05-13T15:53:47.338Z"}
{"level":"info","message":"Servidor corriendose en el puerto 5100","timestamp":"2026-05-13T15:53:56.518Z"}
{"level":"info","message":"Servidor corriendose en el puerto 5100","timestamp":"2026-05-13T15:54:14.737Z"}
{"level":"info","message":"Incoming request: GET /api/user","timestamp":"2026-05-13T15:54:18.372Z"}
{"level":"info","message":"Incoming request: GET /api/user","timestamp":"2026-05-13T15:54:18.915Z"}
{"level":"info","message":"Incoming request: GET /api/permis","timestamp":"2026-05-13T15:54:18.922Z"}
{"level":"info","message":"Servidor corriendose en el puerto 5100","timestamp":"2026-05-13T15:54:33.950Z"}
{"level":"info","message":"Servidor corriendose en el puerto 5100","timestamp":"2026-05-13T15:54:47.368Z"}
{"level":"info","message":"Incoming request: GET /api/user","timestamp":"2026-05-13T15:54:49.911Z"}
{"level":"info","message":"Incoming request: POST /api/renewToken","timestamp":"2026-05-13T15:54:49.975Z"}
{"level":"info","message":"Incoming request: GET /api/user","timestamp":"2026-05-13T15:54:50.068Z"}
{"level":"info","message":"Incoming request: GET /api/user","timestamp":"2026-05-13T15:54:50.881Z"}
{"level":"info","message":"Incoming request: GET /api/permis","timestamp":"2026-05-13T15:54:50.896Z"}
{"level":"info","message":"Servidor corriendose en el puerto 5100","timestamp":"2026-05-13T15:55:47.342Z"}
{"level":"info","message":"Incoming request: GET /api/user","timestamp":"2026-05-13T15:55:50.059Z"}
{"level":"info","message":"Incoming request: GET /api/user","timestamp":"2026-05-13T15:55:50.739Z"}
{"level":"info","message":"Incoming request: GET /api/permis","timestamp":"2026-05-13T15:55:50.748Z"}
{"level":"info","message":"Servidor corriendose en el puerto 5100","timestamp":"2026-05-13T15:56:05.994Z"}
{"level":"info","message":"Servidor corriendose en el puerto 5100","timestamp":"2026-05-13T15:56:15.867Z"}
{"level":"info","message":"Incoming request: GET /api/user","timestamp":"2026-05-13T15:57:14.786Z"}
{"level":"info","message":"Incoming request: GET /api/permis","timestamp":"2026-05-13T15:57:14.804Z"}
{"level":"info","message":"Incoming request: GET /api/user","timestamp":"2026-05-13T15:57:30.327Z"}
{"level":"info","message":"Incoming request: GET /api/permis","timestamp":"2026-05-13T15:57:30.334Z"}
{"level":"info","message":"Servidor corriendose en el puerto 5100","timestamp":"2026-05-13T16:06:54.874Z"}
{"level":"info","message":"Servidor corriendose en el puerto 5100","timestamp":"2026-05-13T16:25:02.162Z"}
{"level":"info","message":"Servidor corriendose en el puerto 5100","timestamp":"2026-05-13T16:25:03.153Z"}
{"level":"info","message":"Incoming request: GET /api/user","timestamp":"2026-05-13T16:31:44.775Z"}
{"level":"info","message":"Incoming request: POST /api/renewToken","timestamp":"2026-05-13T16:31:44.897Z"}
{"level":"info","message":"Incoming request: GET /api/user","timestamp":"2026-05-13T16:31:44.983Z"}
{"level":"info","message":"Servidor corriendose en el puerto 5100","timestamp":"2026-05-13T16:31:46.123Z"}
{"level":"info","message":"Incoming request: POST /api/logout","timestamp":"2026-05-13T16:31:46.245Z"}
{"level":"info","message":"Incoming request: POST /api/login","timestamp":"2026-05-13T16:32:02.823Z"}
{"level":"info","message":"Login correcto: joel","timestamp":"2026-05-13T16:32:03.143Z"}
{"level":"info","message":"Incoming request: GET /api/permis/joel","timestamp":"2026-05-13T16:32:03.219Z"}
{"level":"info","message":"Incoming request: POST /api/permis","timestamp":"2026-05-13T16:32:27.710Z"}
{"level":"info","message":"Permiso created for user 69fb50e433e6323e7080c7f0","timestamp":"2026-05-13T16:32:27.774Z"}
{"level":"info","message":"Incoming request: GET /api/permis/joel","timestamp":"2026-05-13T16:32:32.507Z"}
{"level":"info","message":"Incoming request: GET /api/permis/joel","timestamp":"2026-05-13T16:33:04.233Z"}
{"level":"info","message":"Incoming request: POST /api/permis","timestamp":"2026-05-13T16:33:11.409Z"}
{"level":"info","message":"Permiso created for user 69fb50e433e6323e7080c7f0","timestamp":"2026-05-13T16:33:11.543Z"}
{"level":"info","message":"Incoming request: GET /api/permis/joel","timestamp":"2026-05-13T16:33:13.876Z"}
{"level":"info","message":"Incoming request: GET /api/permis/joel","timestamp":"2026-05-13T16:33:29.588Z"}
{"level":"info","message":"Servidor corriendose en el puerto 5100","timestamp":"2026-05-13T16:35:27.137Z"}
{"level":"info","message":"Servidor corriendose en el puerto 5100","timestamp":"2026-05-13T16:36:07.394Z"}
{"level":"info","message":"Servidor corriendose en el puerto 5100","timestamp":"2026-05-13T16:36:11.779Z"}
{"level":"info","message":"Servidor corriendose en el puerto 5100","timestamp":"2026-05-13T16:36:13.321Z"}
{"level":"info","message":"Servidor corriendose en el puerto 5100","timestamp":"2026-05-13T16:36:22.167Z"}
{"level":"info","message":"Servidor corriendose en el puerto 5100","timestamp":"2026-05-13T16:53:50.372Z"}
{"level":"info","message":"Incoming request: GET /api/permis/joel","timestamp":"2026-05-13T16:53:56.047Z"}
{"level":"info","message":"Incoming request: POST /api/renewToken","timestamp":"2026-05-13T16:53:56.150Z"}
{"level":"info","message":"Incoming request: GET /api/permis/joel","timestamp":"2026-05-13T16:53:56.231Z"}
{"level":"info","message":"Servidor corriendose en el puerto 5100","timestamp":"2026-05-13T16:54:31.995Z"}
{"level":"info","message":"Servidor corriendose en el puerto 5100","timestamp":"2026-05-13T16:54:35.031Z"}
{"level":"info","message":"Servidor corriendose en el puerto 5100","timestamp":"2026-05-13T16:54:38.718Z"}
{"level":"info","message":"Servidor corriendose en el puerto 5100","timestamp":"2026-05-13T16:55:32.639Z"}
{"level":"info","message":"Servidor corriendose en el puerto 5100","timestamp":"2026-05-13T16:55:50.417Z"}
{"level":"info","message":"Servidor corriendose en el puerto 5100","timestamp":"2026-05-13T16:55:53.069Z"}
{"level":"info","message":"Servidor corriendose en el puerto 5100","timestamp":"2026-05-13T16:55:54.509Z"}
{"level":"info","message":"Servidor corriendose en el puerto 5100","timestamp":"2026-05-13T16:55:55.769Z"}
{"level":"info","message":"Servidor corriendose en el puerto 5100","timestamp":"2026-05-13T16:55:59.587Z"}
{"level":"info","message":"Servidor corriendose en el puerto 5100","timestamp":"2026-05-13T16:56:06.520Z"}
{"level":"info","message":"Servidor corriendose en el puerto 5100","timestamp":"2026-05-13T16:56:08.357Z"}
{"level":"info","message":"Incoming request: GET /api/permis/joel","timestamp":"2026-05-13T16:56:56.643Z"}
{"level":"info","message":"Incoming request: POST /api/logs","timestamp":"2026-05-13T16:56:56.753Z"}
{"details":{"error":"<!DOCTYPE html>\n<html lang=\"en\">\n<head>\n<meta charset=\"utf-8\">\n<title>Error</title>\n</head>\n<body>\n<pre>ReferenceError: userId is not defined<br> &nbsp; &nbsp;at getAllByUserName (file:///C:/2%20DAW/Projectos/Gestor_de_permisos_laborals/backend/crud/permisos.js:63:62)<br> &nbsp; &nbsp;at Layer.handleRequest (C:\\2 DAW\\Projectos\\Gestor_de_permisos_laborals\\backend\\node_modules\\router\\lib\\layer.js:152:17)<br> &nbsp; &nbsp;at next (C:\\2 DAW\\Projectos\\Gestor_de_permisos_laborals\\backend\\node_modules\\router\\lib\\route.js:157:13)<br> &nbsp; &nbsp;at verificarToken (file:///C:/2%20DAW/Projectos/Gestor_de_permisos_laborals/backend/helpers/autentication.js:27:9)<br> &nbsp; &nbsp;at Layer.handleRequest (C:\\2 DAW\\Projectos\\Gestor_de_permisos_laborals\\backend\\node_modules\\router\\lib\\layer.js:152:17)<br> &nbsp; &nbsp;at next (C:\\2 DAW\\Projectos\\Gestor_de_permisos_laborals\\backend\\node_modules\\router\\lib\\route.js:157:13)<br> &nbsp; &nbsp;at Route.dispatch (C:\\2 DAW\\Projectos\\Gestor_de_permisos_laborals\\backend\\node_modules\\router\\lib\\route.js:117:3)<br> &nbsp; &nbsp;at handle (C:\\2 DAW\\Projectos\\Gestor_de_permisos_laborals\\backend\\node_modules\\router\\index.js:435:11)<br> &nbsp; &nbsp;at Layer.handleRequest (C:\\2 DAW\\Projectos\\Gestor_de_permisos_laborals\\backend\\node_modules\\router\\lib\\layer.js:152:17)<br> &nbsp; &nbsp;at C:\\2 DAW\\Projectos\\Gestor_de_permisos_laborals\\backend\\node_modules\\router\\index.js:295:15</pre>\n</body>\n</html>\n","headers":{"lazyUpdate":null,"normalizedNames":{}},"message":"Http failure response for http://localhost:5100/api/permis/joel: 500 Internal Server Error","name":"HttpErrorResponse","ok":false,"status":500,"statusText":"Internal Server Error","url":"http://localhost:5100/api/permis/joel"},"level":"error","message":"[FRONTEND] Error loading permissions","timestamp":"2026-05-13T16:56:56.755Z"}
{"level":"info","message":"Servidor corriendose en el puerto 5100","timestamp":"2026-05-13T16:57:16.127Z"}
{"level":"info","message":"Servidor corriendose en el puerto 5100","timestamp":"2026-05-13T16:57:17.976Z"}
{"level":"info","message":"Incoming request: GET /api/permis/joel","timestamp":"2026-05-13T16:57:25.614Z"}
{"level":"info","message":"Incoming request: POST /api/logs","timestamp":"2026-05-13T16:57:25.832Z"}
{"details":{"error":"<!DOCTYPE html>\n<html lang=\"en\">\n<head>\n<meta charset=\"utf-8\">\n<title>Error</title>\n</head>\n<body>\n<pre>ReferenceError: userId is not defined<br> &nbsp; &nbsp;at getAllByUserName (file:///C:/2%20DAW/Projectos/Gestor_de_permisos_laborals/backend/crud/permisos.js:64:62)<br> &nbsp; &nbsp;at Layer.handleRequest (C:\\2 DAW\\Projectos\\Gestor_de_permisos_laborals\\backend\\node_modules\\router\\lib\\layer.js:152:17)<br> &nbsp; &nbsp;at next (C:\\2 DAW\\Projectos\\Gestor_de_permisos_laborals\\backend\\node_modules\\router\\lib\\route.js:157:13)<br> &nbsp; &nbsp;at verificarToken (file:///C:/2%20DAW/Projectos/Gestor_de_permisos_laborals/backend/helpers/autentication.js:27:9)<br> &nbsp; &nbsp;at Layer.handleRequest (C:\\2 DAW\\Projectos\\Gestor_de_permisos_laborals\\backend\\node_modules\\router\\lib\\layer.js:152:17)<br> &nbsp; &nbsp;at next (C:\\2 DAW\\Projectos\\Gestor_de_permisos_laborals\\backend\\node_modules\\router\\lib\\route.js:157:13)<br> &nbsp; &nbsp;at Route.dispatch (C:\\2 DAW\\Projectos\\Gestor_de_permisos_laborals\\backend\\node_modules\\router\\lib\\route.js:117:3)<br> &nbsp; &nbsp;at handle (C:\\2 DAW\\Projectos\\Gestor_de_permisos_laborals\\backend\\node_modules\\router\\index.js:435:11)<br> &nbsp; &nbsp;at Layer.handleRequest (C:\\2 DAW\\Projectos\\Gestor_de_permisos_laborals\\backend\\node_modules\\router\\lib\\layer.js:152:17)<br> &nbsp; &nbsp;at C:\\2 DAW\\Projectos\\Gestor_de_permisos_laborals\\backend\\node_modules\\router\\index.js:295:15</pre>\n</body>\n</html>\n","headers":{"lazyUpdate":null,"normalizedNames":{}},"message":"Http failure response for http://localhost:5100/api/permis/joel: 500 Internal Server Error","name":"HttpErrorResponse","ok":false,"status":500,"statusText":"Internal Server Error","url":"http://localhost:5100/api/permis/joel"},"level":"error","message":"[FRONTEND] Error loading permissions","timestamp":"2026-05-13T16:57:25.835Z"}
{"level":"info","message":"Incoming request: GET /api/permis/joel","timestamp":"2026-05-13T16:57:51.265Z"}
{"level":"info","message":"Incoming request: POST /api/logs","timestamp":"2026-05-13T16:57:51.368Z"}
{"details":{"error":"<!DOCTYPE html>\n<html lang=\"en\">\n<head>\n<meta charset=\"utf-8\">\n<title>Error</title>\n</head>\n<body>\n<pre>ReferenceError: userId is not defined<br> &nbsp; &nbsp;at getAllByUserName (file:///C:/2%20DAW/Projectos/Gestor_de_permisos_laborals/backend/crud/permisos.js:64:62)<br> &nbsp; &nbsp;at Layer.handleRequest (C:\\2 DAW\\Projectos\\Gestor_de_permisos_laborals\\backend\\node_modules\\router\\lib\\layer.js:152:17)<br> &nbsp; &nbsp;at next (C:\\2 DAW\\Projectos\\Gestor_de_permisos_laborals\\backend\\node_modules\\router\\lib\\route.js:157:13)<br> &nbsp; &nbsp;at verificarToken (file:///C:/2%20DAW/Projectos/Gestor_de_permisos_laborals/backend/helpers/autentication.js:27:9)<br> &nbsp; &nbsp;at Layer.handleRequest (C:\\2 DAW\\Projectos\\Gestor_de_permisos_laborals\\backend\\node_modules\\router\\lib\\layer.js:152:17)<br> &nbsp; &nbsp;at next (C:\\2 DAW\\Projectos\\Gestor_de_permisos_laborals\\backend\\node_modules\\router\\lib\\route.js:157:13)<br> &nbsp; &nbsp;at Route.dispatch (C:\\2 DAW\\Projectos\\Gestor_de_permisos_laborals\\backend\\node_modules\\router\\lib\\route.js:117:3)<br> &nbsp; &nbsp;at handle (C:\\2 DAW\\Projectos\\Gestor_de_permisos_laborals\\backend\\node_modules\\router\\index.js:435:11)<br> &nbsp; &nbsp;at Layer.handleRequest (C:\\2 DAW\\Projectos\\Gestor_de_permisos_laborals\\backend\\node_modules\\router\\lib\\layer.js:152:17)<br> &nbsp; &nbsp;at C:\\2 DAW\\Projectos\\Gestor_de_permisos_laborals\\backend\\node_modules\\router\\index.js:295:15</pre>\n</body>\n</html>\n","headers":{"lazyUpdate":null,"normalizedNames":{}},"message":"Http failure response for http://localhost:5100/api/permis/joel: 500 Internal Server Error","name":"HttpErrorResponse","ok":false,"status":500,"statusText":"Internal Server Error","url":"http://localhost:5100/api/permis/joel"},"level":"error","message":"[FRONTEND] Error loading permissions","timestamp":"2026-05-13T16:57:51.369Z"}
{"level":"info","message":"Incoming request: GET /api/permis/joel","timestamp":"2026-05-13T16:58:06.569Z"}
{"level":"info","message":"Incoming request: POST /api/logs","timestamp":"2026-05-13T16:58:06.735Z"}
{"details":{"error":"<!DOCTYPE html>\n<html lang=\"en\">\n<head>\n<meta charset=\"utf-8\">\n<title>Error</title>\n</head>\n<body>\n<pre>ReferenceError: userId is not defined<br> &nbsp; &nbsp;at getAllByUserName (file:///C:/2%20DAW/Projectos/Gestor_de_permisos_laborals/backend/crud/permisos.js:64:62)<br> &nbsp; &nbsp;at Layer.handleRequest (C:\\2 DAW\\Projectos\\Gestor_de_permisos_laborals\\backend\\node_modules\\router\\lib\\layer.js:152:17)<br> &nbsp; &nbsp;at next (C:\\2 DAW\\Projectos\\Gestor_de_permisos_laborals\\backend\\node_modules\\router\\lib\\route.js:157:13)<br> &nbsp; &nbsp;at verificarToken (file:///C:/2%20DAW/Projectos/Gestor_de_permisos_laborals/backend/helpers/autentication.js:27:9)<br> &nbsp; &nbsp;at Layer.handleRequest (C:\\2 DAW\\Projectos\\Gestor_de_permisos_laborals\\backend\\node_modules\\router\\lib\\layer.js:152:17)<br> &nbsp; &nbsp;at next (C:\\2 DAW\\Projectos\\Gestor_de_permisos_laborals\\backend\\node_modules\\router\\lib\\route.js:157:13)<br> &nbsp; &nbsp;at Route.dispatch (C:\\2 DAW\\Projectos\\Gestor_de_permisos_laborals\\backend\\node_modules\\router\\lib\\route.js:117:3)<br> &nbsp; &nbsp;at handle (C:\\2 DAW\\Projectos\\Gestor_de_permisos_laborals\\backend\\node_modules\\router\\index.js:435:11)<br> &nbsp; &nbsp;at Layer.handleRequest (C:\\2 DAW\\Projectos\\Gestor_de_permisos_laborals\\backend\\node_modules\\router\\lib\\layer.js:152:17)<br> &nbsp; &nbsp;at C:\\2 DAW\\Projectos\\Gestor_de_permisos_laborals\\backend\\node_modules\\router\\index.js:295:15</pre>\n</body>\n</html>\n","headers":{"lazyUpdate":null,"normalizedNames":{}},"message":"Http failure response for http://localhost:5100/api/permis/joel: 500 Internal Server Error","name":"HttpErrorResponse","ok":false,"status":500,"statusText":"Internal Server Error","url":"http://localhost:5100/api/permis/joel"},"level":"error","message":"[FRONTEND] Error loading permissions","timestamp":"2026-05-13T16:58:06.736Z"}
{"level":"info","message":"Servidor corriendose en el puerto 5100","timestamp":"2026-05-13T16:58:10.244Z"}
{"level":"info","message":"Incoming request: GET /api/permis/joel","timestamp":"2026-05-13T16:58:12.107Z"}
{"level":"info","message":"Incoming request: POST /api/logs","timestamp":"2026-05-13T16:58:12.261Z"}
{"details":{"error":"<!DOCTYPE html>\n<html lang=\"en\">\n<head>\n<meta charset=\"utf-8\">\n<title>Error</title>\n</head>\n<body>\n<pre>ReferenceError: userId is not defined<br> &nbsp; &nbsp;at getAllByUserName (file:///C:/2%20DAW/Projectos/Gestor_de_permisos_laborals/backend/crud/permisos.js:64:62)<br> &nbsp; &nbsp;at Layer.handleRequest (C:\\2 DAW\\Projectos\\Gestor_de_permisos_laborals\\backend\\node_modules\\router\\lib\\layer.js:152:17)<br> &nbsp; &nbsp;at next (C:\\2 DAW\\Projectos\\Gestor_de_permisos_laborals\\backend\\node_modules\\router\\lib\\route.js:157:13)<br> &nbsp; &nbsp;at verificarToken (file:///C:/2%20DAW/Projectos/Gestor_de_permisos_laborals/backend/helpers/autentication.js:27:9)<br> &nbsp; &nbsp;at Layer.handleRequest (C:\\2 DAW\\Projectos\\Gestor_de_permisos_laborals\\backend\\node_modules\\router\\lib\\layer.js:152:17)<br> &nbsp; &nbsp;at next (C:\\2 DAW\\Projectos\\Gestor_de_permisos_laborals\\backend\\node_modules\\router\\lib\\route.js:157:13)<br> &nbsp; &nbsp;at Route.dispatch (C:\\2 DAW\\Projectos\\Gestor_de_permisos_laborals\\backend\\node_modules\\router\\lib\\route.js:117:3)<br> &nbsp; &nbsp;at handle (C:\\2 DAW\\Projectos\\Gestor_de_permisos_laborals\\backend\\node_modules\\router\\index.js:435:11)<br> &nbsp; &nbsp;at Layer.handleRequest (C:\\2 DAW\\Projectos\\Gestor_de_permisos_laborals\\backend\\node_modules\\router\\lib\\layer.js:152:17)<br> &nbsp; &nbsp;at C:\\2 DAW\\Projectos\\Gestor_de_permisos_laborals\\backend\\node_modules\\router\\index.js:295:15</pre>\n</body>\n</html>\n","headers":{"lazyUpdate":null,"normalizedNames":{}},"message":"Http failure response for http://localhost:5100/api/permis/joel: 500 Internal Server Error","name":"HttpErrorResponse","ok":false,"status":500,"statusText":"Internal Server Error","url":"http://localhost:5100/api/permis/joel"},"level":"error","message":"[FRONTEND] Error loading permissions","timestamp":"2026-05-13T16:58:12.286Z"}
{"level":"info","message":"Servidor corriendose en el puerto 5100","timestamp":"2026-05-13T16:58:50.244Z"}
{"level":"info","message":"Incoming request: GET /api/permis/joel","timestamp":"2026-05-13T16:58:52.151Z"}
{"level":"error","message":"Error fetching permisos for user : jwt is not defined","timestamp":"2026-05-13T16:58:52.167Z"}
{"level":"info","message":"Incoming request: POST /api/logs","timestamp":"2026-05-13T16:58:52.325Z"}
{"details":{"error":{},"headers":{"lazyUpdate":null,"normalizedNames":{}},"message":"Http failure response for http://localhost:5100/api/permis/joel: 500 Internal Server Error","name":"HttpErrorResponse","ok":false,"status":500,"statusText":"Internal Server Error","url":"http://localhost:5100/api/permis/joel"},"level":"error","message":"[FRONTEND] Error loading permissions","timestamp":"2026-05-13T16:58:52.327Z"}
{"level":"info","message":"Servidor corriendose en el puerto 5100","timestamp":"2026-05-13T16:59:07.145Z"}
{"level":"info","message":"Incoming request: GET /api/permis/joel","timestamp":"2026-05-13T16:59:08.519Z"}
{"level":"error","message":"Error fetching permisos for user : jwt is not defined","timestamp":"2026-05-13T16:59:08.532Z"}
{"level":"info","message":"Incoming request: POST /api/logs","timestamp":"2026-05-13T16:59:08.648Z"}
{"details":{"error":{},"headers":{"lazyUpdate":null,"normalizedNames":{}},"message":"Http failure response for http://localhost:5100/api/permis/joel: 500 Internal Server Error","name":"HttpErrorResponse","ok":false,"status":500,"statusText":"Internal Server Error","url":"http://localhost:5100/api/permis/joel"},"level":"error","message":"[FRONTEND] Error loading permissions","timestamp":"2026-05-13T16:59:08.649Z"}
{"level":"info","message":"Servidor corriendose en el puerto 5100","timestamp":"2026-05-13T16:59:17.533Z"}
{"level":"info","message":"Servidor corriendose en el puerto 5100","timestamp":"2026-05-13T16:59:25.461Z"}
{"level":"info","message":"Servidor corriendose en el puerto 5100","timestamp":"2026-05-13T16:59:27.290Z"}
{"level":"info","message":"Servidor corriendose en el puerto 5100","timestamp":"2026-05-13T16:59:28.923Z"}
{"level":"info","message":"Servidor corriendose en el puerto 5100","timestamp":"2026-05-13T16:59:32.031Z"}
{"level":"info","message":"Servidor corriendose en el puerto 5100","timestamp":"2026-05-13T16:59:35.072Z"}
{"level":"info","message":"Incoming request: GET /api/permis/joel","timestamp":"2026-05-13T16:59:37.734Z"}
{"level":"error","message":"Error fetching permisos for user : Cast to ObjectId failed for value \"joel\" (type string) at path \"empId\" for model \"permisos\"","timestamp":"2026-05-13T16:59:37.764Z"}
{"level":"info","message":"Incoming request: POST /api/logs","timestamp":"2026-05-13T16:59:37.836Z"}
{"details":{"error":{"kind":"ObjectId","message":"Cast to ObjectId failed for value \"joel\" (type string) at path \"empId\" for model \"permisos\"","name":"CastError","path":"empId","reason":{},"stringValue":"\"joel\"","value":"joel","valueType":"string"},"headers":{"lazyUpdate":null,"normalizedNames":{}},"message":"Http failure response for http://localhost:5100/api/permis/joel: 500 Internal Server Error","name":"HttpErrorResponse","ok":false,"status":500,"statusText":"Internal Server Error","url":"http://localhost:5100/api/permis/joel"},"level":"error","message":"[FRONTEND] Error loading permissions","timestamp":"2026-05-13T16:59:37.838Z"}
{"level":"info","message":"Incoming request: POST /api/logs","timestamp":"2026-05-13T17:00:11.641Z"}
{"details":{"error":{"kind":"ObjectId","message":"Cast to ObjectId failed for value \"joel\" (type string) at path \"empId\" for model \"permisos\"","name":"CastError","path":"empId","reason":{},"stringValue":"\"joel\"","value":"joel","valueType":"string"},"headers":{"lazyUpdate":null,"normalizedNames":{}},"message":"Http failure response for http://localhost:5100/api/permis/joel: 500 Internal Server Error","name":"HttpErrorResponse","ok":false,"status":500,"statusText":"Internal Server Error","url":"http://localhost:5100/api/permis/joel"},"level":"error","message":"[FRONTEND] Error loading permissions","timestamp":"2026-05-13T17:00:11.642Z"}
{"level":"info","message":"Incoming request: GET /api/permis/joel","timestamp":"2026-05-13T17:00:18.789Z"}
{"level":"error","message":"Error fetching permisos for user : Cast to ObjectId failed for value \"joel\" (type string) at path \"empId\" for model \"permisos\"","timestamp":"2026-05-13T17:00:18.795Z"}
{"level":"info","message":"Incoming request: POST /api/logs","timestamp":"2026-05-13T17:00:18.860Z"}
{"details":{"error":{"kind":"ObjectId","message":"Cast to ObjectId failed for value \"joel\" (type string) at path \"empId\" for model \"permisos\"","name":"CastError","path":"empId","reason":{},"stringValue":"\"joel\"","value":"joel","valueType":"string"},"headers":{"lazyUpdate":null,"normalizedNames":{}},"message":"Http failure response for http://localhost:5100/api/permis/joel: 500 Internal Server Error","name":"HttpErrorResponse","ok":false,"status":500,"statusText":"Internal Server Error","url":"http://localhost:5100/api/permis/joel"},"level":"error","message":"[FRONTEND] Error loading permissions","timestamp":"2026-05-13T17:00:18.865Z"}
{"level":"info","message":"Servidor corriendose en el puerto 5100","timestamp":"2026-05-13T17:02:48.137Z"}
{"level":"info","message":"Servidor corriendose en el puerto 5100","timestamp":"2026-05-13T17:02:59.484Z"}
{"level":"info","message":"Servidor corriendose en el puerto 5100","timestamp":"2026-05-13T17:03:09.791Z"}
{"level":"info","message":"Servidor corriendose en el puerto 5100","timestamp":"2026-05-13T17:03:13.025Z"}
{"level":"info","message":"Incoming request: GET /api/permis/joel","timestamp":"2026-05-13T17:03:21.314Z"}
{"level":"error","message":"Error fetching permisos for user : Cast to ObjectId failed for value \"{ username: 'joel' }\" (type Object) at path \"_id\" for model \"usuarios\"","timestamp":"2026-05-13T17:03:21.381Z"}
{"level":"info","message":"Incoming request: POST /api/logs","timestamp":"2026-05-13T17:03:21.437Z"}
{"details":{"error":{"kind":"ObjectId","message":"Cast to ObjectId failed for value \"{ username: 'joel' }\" (type Object) at path \"_id\" for model \"usuarios\"","name":"CastError","path":"_id","reason":{},"stringValue":"\"{ username: 'joel' }\"","value":{"username":"joel"},"valueType":"Object"},"headers":{"lazyUpdate":null,"normalizedNames":{}},"message":"Http failure response for http://localhost:5100/api/permis/joel: 500 Internal Server Error","name":"HttpErrorResponse","ok":false,"status":500,"statusText":"Internal Server Error","url":"http://localhost:5100/api/permis/joel"},"level":"error","message":"[FRONTEND] Error loading permissions","timestamp":"2026-05-13T17:03:21.441Z"}
{"level":"info","message":"Incoming request: GET /api/permis/joel","timestamp":"2026-05-13T17:03:27.096Z"}
{"level":"error","message":"Error fetching permisos for user : Cast to ObjectId failed for value \"{ username: 'joel' }\" (type Object) at path \"_id\" for model \"usuarios\"","timestamp":"2026-05-13T17:03:27.102Z"}
{"level":"info","message":"Incoming request: POST /api/logs","timestamp":"2026-05-13T17:03:27.190Z"}
{"details":{"error":{"kind":"ObjectId","message":"Cast to ObjectId failed for value \"{ username: 'joel' }\" (type Object) at path \"_id\" for model \"usuarios\"","name":"CastError","path":"_id","reason":{},"stringValue":"\"{ username: 'joel' }\"","value":{"username":"joel"},"valueType":"Object"},"headers":{"lazyUpdate":null,"normalizedNames":{}},"message":"Http failure response for http://localhost:5100/api/permis/joel: 500 Internal Server Error","name":"HttpErrorResponse","ok":false,"status":500,"statusText":"Internal Server Error","url":"http://localhost:5100/api/permis/joel"},"level":"error","message":"[FRONTEND] Error loading permissions","timestamp":"2026-05-13T17:03:27.193Z"}
{"level":"info","message":"Incoming request: GET /api/permis/joel","timestamp":"2026-05-13T17:03:32.195Z"}
{"level":"error","message":"Error fetching permisos for user : Cast to ObjectId failed for value \"{ username: 'joel' }\" (type Object) at path \"_id\" for model \"usuarios\"","timestamp":"2026-05-13T17:03:32.198Z"}
{"level":"info","message":"Incoming request: POST /api/logs","timestamp":"2026-05-13T17:03:32.240Z"}
{"details":{"error":{"kind":"ObjectId","message":"Cast to ObjectId failed for value \"{ username: 'joel' }\" (type Object) at path \"_id\" for model \"usuarios\"","name":"CastError","path":"_id","reason":{},"stringValue":"\"{ username: 'joel' }\"","value":{"username":"joel"},"valueType":"Object"},"headers":{"lazyUpdate":null,"normalizedNames":{}},"message":"Http failure response for http://localhost:5100/api/permis/joel: 500 Internal Server Error","name":"HttpErrorResponse","ok":false,"status":500,"statusText":"Internal Server Error","url":"http://localhost:5100/api/permis/joel"},"level":"error","message":"[FRONTEND] Error loading permissions","timestamp":"2026-05-13T17:03:32.241Z"}
{"level":"info","message":"Incoming request: POST /api/logout","timestamp":"2026-05-13T17:03:35.189Z"}
{"level":"info","message":"Incoming request: POST /api/login","timestamp":"2026-05-13T17:03:40.378Z"}
{"level":"info","message":"Login correcto: joel","timestamp":"2026-05-13T17:03:40.706Z"}
{"level":"info","message":"Incoming request: GET /api/permis/joel","timestamp":"2026-05-13T17:03:40.797Z"}
{"level":"error","message":"Error fetching permisos for user : Cast to ObjectId failed for value \"{ username: 'joel' }\" (type Object) at path \"_id\" for model \"usuarios\"","timestamp":"2026-05-13T17:03:40.799Z"}
{"level":"info","message":"Incoming request: POST /api/logs","timestamp":"2026-05-13T17:03:40.872Z"}
{"details":{"error":{"kind":"ObjectId","message":"Cast to ObjectId failed for value \"{ username: 'joel' }\" (type Object) at path \"_id\" for model \"usuarios\"","name":"CastError","path":"_id","reason":{},"stringValue":"\"{ username: 'joel' }\"","value":{"username":"joel"},"valueType":"Object"},"headers":{"lazyUpdate":null,"normalizedNames":{}},"message":"Http failure response for http://localhost:5100/api/permis/joel: 500 Internal Server Error","name":"HttpErrorResponse","ok":false,"status":500,"statusText":"Internal Server Error","url":"http://localhost:5100/api/permis/joel"},"level":"error","message":"[FRONTEND] Error loading permissions","timestamp":"2026-05-13T17:03:40.872Z"}
{"level":"info","message":"Servidor corriendose en el puerto 5100","timestamp":"2026-05-13T17:03:50.871Z"}
{"level":"info","message":"Incoming request: POST /api/logout","timestamp":"2026-05-13T17:03:51.877Z"}
{"level":"info","message":"Incoming request: POST /api/login","timestamp":"2026-05-13T17:03:58.686Z"}
{"level":"info","message":"Login correcto: joel","timestamp":"2026-05-13T17:03:58.993Z"}
{"level":"info","message":"Incoming request: GET /api/permis/joel","timestamp":"2026-05-13T17:03:59.075Z"}
{"level":"error","message":"Error fetching permisos for user : Cast to ObjectId failed for value \"{ username: 'joel' }\" (type Object) at path \"_id\" for model \"usuarios\"","timestamp":"2026-05-13T17:03:59.080Z"}
{"level":"info","message":"Incoming request: POST /api/logs","timestamp":"2026-05-13T17:03:59.178Z"}
{"details":{"error":{"kind":"ObjectId","message":"Cast to ObjectId failed for value \"{ username: 'joel' }\" (type Object) at path \"_id\" for model \"usuarios\"","name":"CastError","path":"_id","reason":{},"stringValue":"\"{ username: 'joel' }\"","value":{"username":"joel"},"valueType":"Object"},"headers":{"lazyUpdate":null,"normalizedNames":{}},"message":"Http failure response for http://localhost:5100/api/permis/joel: 500 Internal Server Error","name":"HttpErrorResponse","ok":false,"status":500,"statusText":"Internal Server Error","url":"http://localhost:5100/api/permis/joel"},"level":"error","message":"[FRONTEND] Error loading permissions","timestamp":"2026-05-13T17:03:59.179Z"}
{"level":"info","message":"Servidor corriendose en el puerto 5100","timestamp":"2026-05-13T17:04:12.660Z"}
{"level":"info","message":"Servidor corriendose en el puerto 5100","timestamp":"2026-05-13T17:04:14.912Z"}
{"level":"info","message":"Incoming request: GET /api/permis/joel","timestamp":"2026-05-13T17:04:15.886Z"}
{"level":"error","message":"Error fetching permisos for user : Cast to ObjectId failed for value \"{ username: 'joel' }\" (type Object) at path \"_id\" for model \"usuarios\"","timestamp":"2026-05-13T17:04:15.898Z"}
{"level":"info","message":"Incoming request: POST /api/logs","timestamp":"2026-05-13T17:04:16.005Z"}
{"details":{"error":{"kind":"ObjectId","message":"Cast to ObjectId failed for value \"{ username: 'joel' }\" (type Object) at path \"_id\" for model \"usuarios\"","name":"CastError","path":"_id","reason":{},"stringValue":"\"{ username: 'joel' }\"","value":{"username":"joel"},"valueType":"Object"},"headers":{"lazyUpdate":null,"normalizedNames":{}},"message":"Http failure response for http://localhost:5100/api/permis/joel: 500 Internal Server Error","name":"HttpErrorResponse","ok":false,"status":500,"statusText":"Internal Server Error","url":"http://localhost:5100/api/permis/joel"},"level":"error","message":"[FRONTEND] Error loading permissions","timestamp":"2026-05-13T17:04:16.006Z"}
{"level":"info","message":"Servidor corriendose en el puerto 5100","timestamp":"2026-05-13T17:04:31.769Z"}
{"level":"info","message":"Servidor corriendose en el puerto 5100","timestamp":"2026-05-13T17:04:33.829Z"}
{"level":"info","message":"Servidor corriendose en el puerto 5100","timestamp":"2026-05-13T17:04:37.535Z"}
{"level":"info","message":"Servidor corriendose en el puerto 5100","timestamp":"2026-05-13T17:04:39.494Z"}
{"level":"info","message":"Servidor corriendose en el puerto 5100","timestamp":"2026-05-13T17:04:51.398Z"}
{"level":"info","message":"Servidor corriendose en el puerto 5100","timestamp":"2026-05-13T17:05:05.035Z"}
{"level":"info","message":"Servidor corriendose en el puerto 5100","timestamp":"2026-05-13T17:05:59.959Z"}
{"level":"info","message":"Incoming request: GET /api/permis/joel","timestamp":"2026-05-13T17:06:06.528Z"}
{"level":"error","message":"Error fetching permisos for user : Cast to ObjectId failed for value \"{ id: 'joel' }\" (type Object) at path \"_id\" for model \"usuarios\"","timestamp":"2026-05-13T17:06:06.543Z"}
{"level":"info","message":"Incoming request: POST /api/logs","timestamp":"2026-05-13T17:06:06.609Z"}
{"details":{"error":{"kind":"ObjectId","message":"Cast to ObjectId failed for value \"{ id: 'joel' }\" (type Object) at path \"_id\" for model \"usuarios\"","name":"CastError","path":"_id","reason":{},"stringValue":"\"{ id: 'joel' }\"","value":{"id":"joel"},"valueType":"Object"},"headers":{"lazyUpdate":null,"normalizedNames":{}},"message":"Http failure response for http://localhost:5100/api/permis/joel: 500 Internal Server Error","name":"HttpErrorResponse","ok":false,"status":500,"statusText":"Internal Server Error","url":"http://localhost:5100/api/permis/joel"},"level":"error","message":"[FRONTEND] Error loading permissions","timestamp":"2026-05-13T17:06:06.611Z"}
{"level":"info","message":"Incoming request: GET /api/permis/69fb50e433e6323e7080c7f0","timestamp":"2026-05-13T17:07:10.179Z"}
{"level":"error","message":"Error fetching permisos for user : Cast to ObjectId failed for value \"{ id: '69fb50e433e6323e7080c7f0' }\" (type Object) at path \"_id\" for model \"usuarios\"","timestamp":"2026-05-13T17:07:10.183Z"}
{"level":"info","message":"Incoming request: POST /api/logs","timestamp":"2026-05-13T17:07:10.277Z"}
{"details":{"error":{"kind":"ObjectId","message":"Cast to ObjectId failed for value \"{ id: '69fb50e433e6323e7080c7f0' }\" (type Object) at path \"_id\" for model \"usuarios\"","name":"CastError","path":"_id","reason":{},"stringValue":"\"{ id: '69fb50e433e6323e7080c7f0' }\"","value":{"id":"69fb50e433e6323e7080c7f0"},"valueType":"Object"},"headers":{"lazyUpdate":null,"normalizedNames":{}},"message":"Http failure response for http://localhost:5100/api/permis/69fb50e433e6323e7080c7f0: 500 Internal Server Error","name":"HttpErrorResponse","ok":false,"status":500,"statusText":"Internal Server Error","url":"http://localhost:5100/api/permis/69fb50e433e6323e7080c7f0"},"level":"error","message":"[FRONTEND] Error loading permissions","timestamp":"2026-05-13T17:07:10.278Z"}
{"level":"info","message":"Servidor corriendose en el puerto 5100","timestamp":"2026-05-13T17:07:11.922Z"}
{"level":"info","message":"Incoming request: GET /api/permis/69fb50e433e6323e7080c7f0","timestamp":"2026-05-13T17:07:27.672Z"}
{"level":"error","message":"Error fetching permisos for user : Cast to ObjectId failed for value \"{ id: '69fb50e433e6323e7080c7f0' }\" (type Object) at path \"_id\" for model \"usuarios\"","timestamp":"2026-05-13T17:07:27.691Z"}
{"level":"info","message":"Incoming request: POST /api/logs","timestamp":"2026-05-13T17:07:27.910Z"}
{"details":{"error":{"kind":"ObjectId","message":"Cast to ObjectId failed for value \"{ id: '69fb50e433e6323e7080c7f0' }\" (type Object) at path \"_id\" for model \"usuarios\"","name":"CastError","path":"_id","reason":{},"stringValue":"\"{ id: '69fb50e433e6323e7080c7f0' }\"","value":{"id":"69fb50e433e6323e7080c7f0"},"valueType":"Object"},"headers":{"lazyUpdate":null,"normalizedNames":{}},"message":"Http failure response for http://localhost:5100/api/permis/69fb50e433e6323e7080c7f0: 500 Internal Server Error","name":"HttpErrorResponse","ok":false,"status":500,"statusText":"Internal Server Error","url":"http://localhost:5100/api/permis/69fb50e433e6323e7080c7f0"},"level":"error","message":"[FRONTEND] Error loading permissions","timestamp":"2026-05-13T17:07:27.911Z"}
{"level":"info","message":"Servidor corriendose en el puerto 5100","timestamp":"2026-05-13T17:07:49.159Z"}
{"level":"info","message":"Servidor corriendose en el puerto 5100","timestamp":"2026-05-13T17:07:53.291Z"}
{"level":"info","message":"Incoming request: GET /api/permis/69fb50e433e6323e7080c7f0","timestamp":"2026-05-13T17:07:59.163Z"}
{"level":"error","message":"Error fetching permisos for user : Cast to ObjectId failed for value \"{ id: '69fb50e433e6323e7080c7f0' }\" (type Object) at path \"_id\" for model \"usuarios\"","timestamp":"2026-05-13T17:07:59.182Z"}
{"level":"info","message":"Incoming request: POST /api/logs","timestamp":"2026-05-13T17:07:59.254Z"}
{"details":{"error":{"kind":"ObjectId","message":"Cast to ObjectId failed for value \"{ id: '69fb50e433e6323e7080c7f0' }\" (type Object) at path \"_id\" for model \"usuarios\"","name":"CastError","path":"_id","reason":{},"stringValue":"\"{ id: '69fb50e433e6323e7080c7f0' }\"","value":{"id":"69fb50e433e6323e7080c7f0"},"valueType":"Object"},"headers":{"lazyUpdate":null,"normalizedNames":{}},"message":"Http failure response for http://localhost:5100/api/permis/69fb50e433e6323e7080c7f0: 500 Internal Server Error","name":"HttpErrorResponse","ok":false,"status":500,"statusText":"Internal Server Error","url":"http://localhost:5100/api/permis/69fb50e433e6323e7080c7f0"},"level":"error","message":"[FRONTEND] Error loading permissions","timestamp":"2026-05-13T17:07:59.255Z"}
{"level":"info","message":"Servidor corriendose en el puerto 5100","timestamp":"2026-05-13T17:08:39.589Z"}
{"level":"info","message":"Servidor corriendose en el puerto 5100","timestamp":"2026-05-13T17:08:40.908Z"}
{"level":"info","message":"Servidor corriendose en el puerto 5100","timestamp":"2026-05-13T17:08:42.836Z"}
{"level":"info","message":"Incoming request: GET /api/permis/69fb50e433e6323e7080c7f0","timestamp":"2026-05-13T17:08:44.590Z"}
{"level":"error","message":"Error fetching permisos for user : Cast to ObjectId failed for value \"{ id: '69fb50e433e6323e7080c7f0' }\" (type Object) at path \"_id\" for model \"usuarios\"","timestamp":"2026-05-13T17:08:44.599Z"}
{"level":"info","message":"Incoming request: POST /api/logs","timestamp":"2026-05-13T17:08:44.655Z"}
{"details":{"error":{"kind":"ObjectId","message":"Cast to ObjectId failed for value \"{ id: '69fb50e433e6323e7080c7f0' }\" (type Object) at path \"_id\" for model \"usuarios\"","name":"CastError","path":"_id","reason":{},"stringValue":"\"{ id: '69fb50e433e6323e7080c7f0' }\"","value":{"id":"69fb50e433e6323e7080c7f0"},"valueType":"Object"},"headers":{"lazyUpdate":null,"normalizedNames":{}},"message":"Http failure response for http://localhost:5100/api/permis/69fb50e433e6323e7080c7f0: 500 Internal Server Error","name":"HttpErrorResponse","ok":false,"status":500,"statusText":"Internal Server Error","url":"http://localhost:5100/api/permis/69fb50e433e6323e7080c7f0"},"level":"error","message":"[FRONTEND] Error loading permissions","timestamp":"2026-05-13T17:08:44.657Z"}
{"level":"info","message":"Servidor corriendose en el puerto 5100","timestamp":"2026-05-13T17:09:05.982Z"}
{"level":"info","message":"Incoming request: POST /api/logs","timestamp":"2026-05-13T17:09:06.171Z"}
{"details":{"error":{"isTrusted":true},"headers":{"headers":{},"lazyUpdate":null,"normalizedNames":{}},"message":"Http failure response for http://localhost:5100/api/permis/69fb50e433e6323e7080c7f0: 0 Unknown Error","name":"HttpErrorResponse","ok":false,"status":0,"statusText":"Unknown Error","url":"http://localhost:5100/api/permis/69fb50e433e6323e7080c7f0"},"level":"error","message":"[FRONTEND] Error loading permissions","timestamp":"2026-05-13T17:09:06.172Z"}
{"level":"info","message":"Incoming request: GET /api/permis/69fb50e433e6323e7080c7f0","timestamp":"2026-05-13T17:09:07.053Z"}
{"level":"info","message":"Incoming request: POST /api/renewToken","timestamp":"2026-05-13T17:09:07.084Z"}
{"level":"info","message":"Incoming request: GET /api/permis/69fb50e433e6323e7080c7f0","timestamp":"2026-05-13T17:09:07.163Z"}
{"level":"error","message":"Error fetching permisos for user : Cast to ObjectId failed for value \"{ id: '69fb50e433e6323e7080c7f0' }\" (type Object) at path \"_id\" for model \"usuarios\"","timestamp":"2026-05-13T17:09:07.171Z"}
{"level":"info","message":"Incoming request: POST /api/logs","timestamp":"2026-05-13T17:09:07.213Z"}
{"details":{"error":{"kind":"ObjectId","message":"Cast to ObjectId failed for value \"{ id: '69fb50e433e6323e7080c7f0' }\" (type Object) at path \"_id\" for model \"usuarios\"","name":"CastError","path":"_id","reason":{},"stringValue":"\"{ id: '69fb50e433e6323e7080c7f0' }\"","value":{"id":"69fb50e433e6323e7080c7f0"},"valueType":"Object"},"headers":{"lazyUpdate":null,"normalizedNames":{}},"message":"Http failure response for http://localhost:5100/api/permis/69fb50e433e6323e7080c7f0: 500 Internal Server Error","name":"HttpErrorResponse","ok":false,"status":500,"statusText":"Internal Server Error","url":"http://localhost:5100/api/permis/69fb50e433e6323e7080c7f0"},"level":"error","message":"[FRONTEND] Error loading permissions","timestamp":"2026-05-13T17:09:07.217Z"}
{"level":"info","message":"Incoming request: POST /api/login","timestamp":"2026-05-13T17:09:12.699Z"}
{"level":"info","message":"Login correcto: Miniboo","timestamp":"2026-05-13T17:09:13.067Z"}
{"level":"info","message":"Incoming request: GET /api/dashboard","timestamp":"2026-05-13T17:09:13.174Z"}
{"level":"info","message":"Incoming request: POST /api/logout","timestamp":"2026-05-13T17:09:16.534Z"}
{"level":"info","message":"Incoming request: POST /api/login","timestamp":"2026-05-13T17:09:20.182Z"}
{"level":"info","message":"Login correcto: joel","timestamp":"2026-05-13T17:09:20.463Z"}
{"level":"info","message":"Incoming request: GET /api/permis/69fb50e433e6323e7080c7f0","timestamp":"2026-05-13T17:09:20.537Z"}
{"level":"error","message":"Error fetching permisos for user : Cast to ObjectId failed for value \"{ id: '69fb50e433e6323e7080c7f0' }\" (type Object) at path \"_id\" for model \"usuarios\"","timestamp":"2026-05-13T17:09:20.541Z"}
{"level":"info","message":"Incoming request: POST /api/logs","timestamp":"2026-05-13T17:09:20.601Z"}
{"details":{"error":{"kind":"ObjectId","message":"Cast to ObjectId failed for value \"{ id: '69fb50e433e6323e7080c7f0' }\" (type Object) at path \"_id\" for model \"usuarios\"","name":"CastError","path":"_id","reason":{},"stringValue":"\"{ id: '69fb50e433e6323e7080c7f0' }\"","value":{"id":"69fb50e433e6323e7080c7f0"},"valueType":"Object"},"headers":{"lazyUpdate":null,"normalizedNames":{}},"message":"Http failure response for http://localhost:5100/api/permis/69fb50e433e6323e7080c7f0: 500 Internal Server Error","name":"HttpErrorResponse","ok":false,"status":500,"statusText":"Internal Server Error","url":"http://localhost:5100/api/permis/69fb50e433e6323e7080c7f0"},"level":"error","message":"[FRONTEND] Error loading permissions","timestamp":"2026-05-13T17:09:20.602Z"}
{"level":"info","message":"Servidor corriendose en el puerto 5100","timestamp":"2026-05-13T17:09:51.454Z"}
{"level":"info","message":"Incoming request: GET /api/permis/joel","timestamp":"2026-05-13T17:09:55.225Z"}
{"level":"error","message":"Error fetching permisos for user : Cast to ObjectId failed for value \"joel\" (type string) at path \"_id\" for model \"usuarios\"","timestamp":"2026-05-13T17:09:55.242Z"}
{"level":"info","message":"Incoming request: POST /api/logs","timestamp":"2026-05-13T17:09:55.310Z"}
{"details":{"error":{"kind":"ObjectId","message":"Cast to ObjectId failed for value \"joel\" (type string) at path \"_id\" for model \"usuarios\"","name":"CastError","path":"_id","reason":{},"stringValue":"\"joel\"","value":"joel","valueType":"string"},"headers":{"lazyUpdate":null,"normalizedNames":{}},"message":"Http failure response for http://localhost:5100/api/permis/joel: 500 Internal Server Error","name":"HttpErrorResponse","ok":false,"status":500,"statusText":"Internal Server Error","url":"http://localhost:5100/api/permis/joel"},"level":"error","message":"[FRONTEND] Error loading permissions","timestamp":"2026-05-13T17:09:55.312Z"}
{"level":"info","message":"Incoming request: GET /api/permis/69fb50e433e6323e7080c7f0","timestamp":"2026-05-13T17:10:05.118Z"}
{"level":"info","message":"Servidor corriendose en el puerto 5100","timestamp":"2026-05-13T17:10:14.624Z"}
{"level":"info","message":"Incoming request: POST /api/logout","timestamp":"2026-05-13T17:11:18.534Z"}
{"level":"info","message":"Incoming request: POST /api/login","timestamp":"2026-05-13T17:11:23.367Z"}
{"level":"info","message":"Login correcto: Miniboo","timestamp":"2026-05-13T17:11:23.786Z"}
{"level":"info","message":"Incoming request: GET /api/dashboard","timestamp":"2026-05-13T17:11:23.884Z"}
{"level":"info","message":"Incoming request: GET /api/user","timestamp":"2026-05-13T17:11:25.469Z"}
{"level":"info","message":"Incoming request: POST /api/user","timestamp":"2026-05-13T17:12:01.081Z"}
{"level":"info","message":"Usuario creado: Racso","timestamp":"2026-05-13T17:12:02.809Z"}
{"level":"info","message":"Incoming request: GET /api/user","timestamp":"2026-05-13T17:12:02.821Z"}
{"level":"info","message":"Incoming request: POST /api/logout","timestamp":"2026-05-13T17:12:25.051Z"}
{"level":"info","message":"Incoming request: POST /api/login","timestamp":"2026-05-13T17:12:31.873Z"}
{"level":"info","message":"Login correcto: Racso","timestamp":"2026-05-13T17:12:32.171Z"}
{"level":"info","message":"Incoming request: GET /api/permis/6a04b0e2d0555a1a11c52130","timestamp":"2026-05-13T17:12:32.243Z"}
{"level":"info","message":"Incoming request: POST /api/permis","timestamp":"2026-05-13T17:13:12.830Z"}
{"level":"info","message":"Permiso created for user 6a04b0e2d0555a1a11c52130","timestamp":"2026-05-13T17:13:12.876Z"}
{"level":"info","message":"Incoming request: GET /api/permis/6a04b0e2d0555a1a11c52130","timestamp":"2026-05-13T17:13:14.582Z"}
{"level":"info","message":"Incoming request: POST /api/logout","timestamp":"2026-05-13T17:13:19.740Z"}
{"level":"info","message":"Incoming request: POST /api/login","timestamp":"2026-05-13T17:13:24.718Z"}
{"level":"info","message":"Login correcto: Miniboo","timestamp":"2026-05-13T17:13:25.035Z"}
{"level":"info","message":"Incoming request: GET /api/dashboard","timestamp":"2026-05-13T17:13:25.114Z"}
{"level":"info","message":"Incoming request: GET /api/user","timestamp":"2026-05-13T17:13:27.554Z"}
{"level":"info","message":"Incoming request: GET /api/permis","timestamp":"2026-05-13T17:13:27.558Z"}
{"level":"info","message":"Incoming request: PUT /api/permis/6a04b128d0555a1a11c52137","timestamp":"2026-05-13T17:13:34.744Z"}
{"level":"info","message":"Permiso 6a04b128d0555a1a11c52137 updated to status aprovat","timestamp":"2026-05-13T17:13:34.788Z"}
{"level":"info","message":"Incoming request: GET /api/permis","timestamp":"2026-05-13T17:13:34.800Z"}
{"level":"info","message":"Incoming request: POST /api/logout","timestamp":"2026-05-13T17:13:36.335Z"}
{"level":"info","message":"Incoming request: POST /api/login","timestamp":"2026-05-13T17:13:44.435Z"}
{"level":"info","message":"Login correcto: Racso","timestamp":"2026-05-13T17:13:44.744Z"}
{"level":"info","message":"Incoming request: GET /api/permis/6a04b0e2d0555a1a11c52130","timestamp":"2026-05-13T17:13:44.810Z"}
{"level":"info","message":"Incoming request: POST /api/logout","timestamp":"2026-05-13T17:13:55.755Z"}
{"level":"info","message":"Incoming request: POST /api/login","timestamp":"2026-05-13T17:13:59.731Z"}
{"level":"info","message":"Login correcto: Miniboo","timestamp":"2026-05-13T17:14:00.025Z"}
{"level":"info","message":"Incoming request: GET /api/dashboard","timestamp":"2026-05-13T17:14:00.092Z"}
{"level":"info","message":"Incoming request: GET /api/user","timestamp":"2026-05-13T17:14:14.071Z"}
{"level":"info","message":"Incoming request: GET /api/permis","timestamp":"2026-05-13T17:14:14.075Z"}
{"level":"info","message":"Incoming request: GET /api/dashboard","timestamp":"2026-05-13T17:14:16.950Z"}
{"level":"info","message":"Incoming request: GET /api/user","timestamp":"2026-05-13T17:14:20.124Z"}
{"level":"info","message":"Incoming request: GET /api/dashboard","timestamp":"2026-05-13T17:14:22.494Z"}
{"level":"info","message":"Incoming request: GET /api/user","timestamp":"2026-05-13T17:14:23.915Z"}
{"level":"info","message":"Incoming request: GET /api/permis","timestamp":"2026-05-13T17:14:23.924Z"}
{"level":"info","message":"Incoming request: GET /api/dashboard","timestamp":"2026-05-13T17:14:25.541Z"}
{"level":"info","message":"Servidor corriendose en el puerto 5100","timestamp":"2026-05-13T17:16:19.768Z"}
{"level":"info","message":"Incoming request: GET /api/dashboard","timestamp":"2026-05-13T17:16:23.148Z"}
{"level":"info","message":"Incoming request: GET /api/dashboard","timestamp":"2026-05-13T17:16:28.098Z"}
{"level":"info","message":"Incoming request: GET /api/dashboard","timestamp":"2026-05-13T17:20:20.809Z"}
{"level":"info","message":"Incoming request: POST /api/logs","timestamp":"2026-05-13T17:20:20.965Z"}
{"details":{"error":{"isTrusted":true},"headers":{"headers":{},"lazyUpdate":null,"normalizedNames":{}},"message":"Http failure response for http://localhost:5100/api/dashboard: 0 Unknown Error","name":"HttpErrorResponse","ok":false,"status":0,"statusText":"Unknown Error","url":"http://localhost:5100/api/dashboard"},"level":"error","message":"[FRONTEND] Error loading dashboard data","timestamp":"2026-05-13T17:20:20.967Z"}
{"level":"info","message":"Incoming request: GET /api/dashboard","timestamp":"2026-05-13T17:20:49.819Z"}
{"level":"info","message":"Incoming request: POST /api/renewToken","timestamp":"2026-05-13T17:20:49.894Z"}
{"level":"info","message":"Incoming request: GET /api/dashboard","timestamp":"2026-05-13T17:20:49.939Z"}
{"level":"info","message":"Incoming request: GET /api/user","timestamp":"2026-05-13T17:20:53.825Z"}
{"level":"info","message":"Servidor corriendose en el puerto 5100","timestamp":"2026-05-13T17:20:56.936Z"}
{"level":"info","message":"Incoming request: GET /api/dashboard","timestamp":"2026-05-13T17:20:59.872Z"}
{"level":"info","message":"Incoming request: GET /api/user","timestamp":"2026-05-13T17:22:02.451Z"}
{"level":"info","message":"Incoming request: GET /api/dashboard","timestamp":"2026-05-13T17:22:04.762Z"}
{"level":"info","message":"Servidor corriendose en el puerto 5100","timestamp":"2026-05-13T17:23:59.422Z"}
{"level":"info","message":"Incoming request: POST /api/logout","timestamp":"2026-05-13T17:23:59.623Z"}
{"level":"info","message":"Incoming request: POST /api/login","timestamp":"2026-05-13T17:24:03.033Z"}
{"level":"info","message":"Login correcto: joel","timestamp":"2026-05-13T17:24:03.346Z"}
{"level":"info","message":"Incoming request: GET /api/permis/69fb50e433e6323e7080c7f0","timestamp":"2026-05-13T17:24:03.415Z"}
{"level":"info","message":"Incoming request: POST /api/logout","timestamp":"2026-05-13T17:24:07.448Z"}
{"level":"info","message":"Incoming request: POST /api/login","timestamp":"2026-05-13T17:24:15.573Z"}
{"level":"info","message":"Login correcto: Miniboo","timestamp":"2026-05-13T17:24:15.921Z"}
{"level":"info","message":"Incoming request: GET /api/dashboard","timestamp":"2026-05-13T17:24:15.994Z"}
{"level":"info","message":"Servidor corriendose en el puerto 5100","timestamp":"2026-05-13T17:26:05.821Z"}
{"level":"info","message":"Servidor corriendose en el puerto 5100","timestamp":"2026-05-13T17:26:06.841Z"}
{"level":"info","message":"Incoming request: GET /api/dashboard","timestamp":"2026-05-13T17:26:12.076Z"}
{"level":"info","message":"Incoming request: POST /api/logs","timestamp":"2026-05-13T17:26:12.350Z"}
{"details":{"error":{"isTrusted":true},"headers":{"headers":{},"lazyUpdate":null,"normalizedNames":{}},"message":"Http failure response for http://localhost:5100/api/dashboard: 0 Unknown Error","name":"HttpErrorResponse","ok":false,"status":0,"statusText":"Unknown Error","url":"http://localhost:5100/api/dashboard"},"level":"error","message":"[FRONTEND] Error loading dashboard data","timestamp":"2026-05-13T17:26:12.354Z"}
{"level":"info","message":"Incoming request: GET /api/dashboard","timestamp":"2026-05-13T17:26:13.482Z"}
{"level":"info","message":"Incoming request: GET /api/dashboard","timestamp":"2026-05-13T17:26:23.114Z"}
{"level":"info","message":"Incoming request: GET /api/dashboard","timestamp":"2026-05-13T17:26:28.213Z"}
{"level":"info","message":"Incoming request: GET /api/dashboard","timestamp":"2026-05-14T13:07:02.549Z"}
{"level":"info","message":"Incoming request: POST /api/renewToken","timestamp":"2026-05-14T13:07:02.702Z"}
{"level":"info","message":"Incoming request: POST /api/logs","timestamp":"2026-05-14T13:07:05.253Z"}
{"details":{"error":{"error":"Token de actualización revocado o inválido"},"headers":{"lazyUpdate":null,"normalizedNames":{}},"message":"Http failure response for http://localhost:5100/api/renewToken: 401 Unauthorized","name":"HttpErrorResponse","ok":false,"status":401,"statusText":"Unauthorized","url":"http://localhost:5100/api/renewToken"},"level":"error","message":"[FRONTEND] Error loading dashboard data","timestamp":"2026-05-14T13:07:05.257Z"}
{"level":"info","message":"Servidor corriendose en el puerto 5100","timestamp":"2026-05-18T13:06:20.463Z"}
{"level":"info","message":"Servidor corriendose en el puerto 5100","timestamp":"2026-05-18T13:06:21.772Z"}
{"level":"info","message":"Incoming request: POST /api/logout","timestamp":"2026-05-18T13:06:45.422Z"}
{"level":"info","message":"Servidor corriendose en el puerto 5100","timestamp":"2026-05-18T13:06:46.598Z"}
{"level":"info","message":"Servidor corriendose en el puerto 5100","timestamp":"2026-05-18T13:06:47.926Z"}
{"level":"info","message":"Incoming request: POST /api/logout","timestamp":"2026-05-18T13:07:02.597Z"}
{"level":"info","message":"Incoming request: POST /api/logout","timestamp":"2026-05-18T13:07:04.479Z"}
{"level":"info","message":"Incoming request: POST /api/logout","timestamp":"2026-05-18T13:07:10.721Z"}
{"level":"info","message":"Incoming request: POST /api/logout","timestamp":"2026-05-18T13:07:27.238Z"}
{"level":"info","message":"Servidor corriendose en el puerto 5100","timestamp":"2026-05-18T13:11:39.656Z"}
{"level":"info","message":"Incoming request: POST /api/logout","timestamp":"2026-05-18T13:11:42.747Z"}
{"level":"info","message":"Incoming request: POST /api/logout","timestamp":"2026-05-18T13:11:48.859Z"}
{"level":"info","message":"Incoming request: POST /api/logout","timestamp":"2026-05-18T13:19:15.209Z"}
{"level":"info","message":"Incoming request: POST /api/login","timestamp":"2026-05-18T13:19:23.284Z"}
{"level":"warn","message":"Login fallido: contraseña incorrecta para Miniboo","timestamp":"2026-05-18T13:19:23.531Z"}
{"level":"info","message":"Incoming request: POST /api/logs","timestamp":"2026-05-18T13:19:50.608Z"}
{"details":{"error":{"msg":"Usuari o contrasenya incorrectes, false","ok":false},"headers":{"lazyUpdate":null,"normalizedNames":{}},"message":"Http failure response for http://localhost:5100/api/login: 401 Unauthorized","name":"HttpErrorResponse","ok":false,"status":401,"statusText":"Unauthorized","url":"http://localhost:5100/api/login"},"level":"error","message":"[FRONTEND] Login error","timestamp":"2026-05-18T13:19:50.615Z"}
{"level":"info","message":"Servidor corriendose en el puerto 5100","timestamp":"2026-05-18T13:20:10.647Z"}
{"level":"info","message":"Incoming request: POST /api/login","timestamp":"2026-05-18T13:21:08.638Z"}
{"level":"warn","message":"Login fallido: contraseña incorrecta para Miniboo","timestamp":"2026-05-18T13:21:08.928Z"}
{"level":"info","message":"Incoming request: POST /api/logs","timestamp":"2026-05-18T13:21:09.981Z"}
{"details":{"error":{"msg":"Usuari o contrasenya incorrectes","ok":false},"headers":{"lazyUpdate":null,"normalizedNames":{}},"message":"Http failure response for http://localhost:5100/api/login: 401 Unauthorized","name":"HttpErrorResponse","ok":false,"status":401,"statusText":"Unauthorized","url":"http://localhost:5100/api/login"},"level":"error","message":"[FRONTEND] Login error","timestamp":"2026-05-18T13:21:09.985Z"}
{"level":"info","message":"Incoming request: POST /api/login","timestamp":"2026-05-18T13:22:11.392Z"}
{"level":"warn","message":"Login fallido: usuario no encontrado MIniboo","timestamp":"2026-05-18T13:22:11.437Z"}
{"level":"info","message":"Incoming request: POST /api/logs","timestamp":"2026-05-18T13:22:15.529Z"}
{"details":{"error":{"msg":"Usuari o contrasenya incorrectes","ok":false},"headers":{"lazyUpdate":null,"normalizedNames":{}},"message":"Http failure response for http://localhost:5100/api/login: 401 Unauthorized","name":"HttpErrorResponse","ok":false,"status":401,"statusText":"Unauthorized","url":"http://localhost:5100/api/login"},"level":"error","message":"[FRONTEND] Login error","timestamp":"2026-05-18T13:22:15.530Z"}
{"level":"info","message":"Incoming request: POST /api/login","timestamp":"2026-05-18T13:22:27.196Z"}
{"level":"info","message":"Login correcto: Miniboo","timestamp":"2026-05-18T13:22:27.444Z"}
{"level":"info","message":"Incoming request: GET /api/dashboard","timestamp":"2026-05-18T13:22:27.504Z"}
{"level":"info","message":"Incoming request: POST /api/logout","timestamp":"2026-05-18T13:22:34.354Z"}
{"level":"info","message":"Incoming request: POST /api/login","timestamp":"2026-05-18T13:22:38.498Z"}
{"level":"info","message":"Login correcto: joel","timestamp":"2026-05-18T13:22:38.692Z"}
{"level":"info","message":"Incoming request: GET /api/permis/69fb50e433e6323e7080c7f0","timestamp":"2026-05-18T13:22:38.766Z"}
{"level":"info","message":"Incoming request: POST /api/permis","timestamp":"2026-05-18T13:22:50.092Z"}
{"level":"info","message":"Permiso created for user 69fb50e433e6323e7080c7f0","timestamp":"2026-05-18T13:22:50.165Z"}
{"level":"info","message":"Incoming request: GET /api/permis/69fb50e433e6323e7080c7f0","timestamp":"2026-05-18T13:22:53.525Z"}
{"level":"info","message":"Incoming request: POST /api/logout","timestamp":"2026-05-18T13:23:09.603Z"}
{"level":"info","message":"Incoming request: POST /api/login","timestamp":"2026-05-18T13:23:14.468Z"}
{"level":"info","message":"Login correcto: Miniboo","timestamp":"2026-05-18T13:23:14.756Z"}
{"level":"info","message":"Incoming request: GET /api/dashboard","timestamp":"2026-05-18T13:23:14.815Z"}
{"level":"info","message":"Incoming request: GET /api/user","timestamp":"2026-05-18T13:23:16.078Z"}
{"level":"info","message":"Incoming request: GET /api/permis","timestamp":"2026-05-18T13:23:16.082Z"}
{"level":"info","message":"Incoming request: PUT /api/permis/6a0b12aa3224bc9f11f1bb73","timestamp":"2026-05-18T13:23:27.025Z"}
{"level":"info","message":"Permiso 6a0b12aa3224bc9f11f1bb73 updated to status aprovat","timestamp":"2026-05-18T13:23:27.067Z"}
{"level":"info","message":"Incoming request: GET /api/permis","timestamp":"2026-05-18T13:23:27.084Z"}
{"level":"info","message":"Incoming request: PUT /api/permis/6a04a7c7326ec346d5481967","timestamp":"2026-05-18T13:23:36.958Z"}
{"level":"info","message":"Permiso 6a04a7c7326ec346d5481967 updated to status refusat","timestamp":"2026-05-18T13:23:36.996Z"}
{"level":"info","message":"Incoming request: GET /api/permis","timestamp":"2026-05-18T13:23:37.011Z"}
{"level":"info","message":"Incoming request: POST /api/logout","timestamp":"2026-05-18T13:23:39.184Z"}
{"level":"info","message":"Incoming request: POST /api/login","timestamp":"2026-05-18T13:23:43.005Z"}
{"level":"info","message":"Login correcto: joel","timestamp":"2026-05-18T13:23:43.240Z"}
{"level":"info","message":"Incoming request: GET /api/permis/69fb50e433e6323e7080c7f0","timestamp":"2026-05-18T13:23:43.304Z"}
{"level":"info","message":"Incoming request: GET /api/permis/69fb50e433e6323e7080c7f0","timestamp":"2026-05-18T13:23:46.206Z"}
{"level":"info","message":"Incoming request: GET /api/permis/69fb50e433e6323e7080c7f0","timestamp":"2026-05-18T13:25:35.540Z"}
{"level":"info","message":"Incoming request: GET /api/permis/69fb50e433e6323e7080c7f0","timestamp":"2026-05-18T13:25:41.420Z"}
{"level":"info","message":"Incoming request: GET /api/permis/69fb50e433e6323e7080c7f0","timestamp":"2026-05-18T13:27:22.811Z"}
{"level":"info","message":"Incoming request: POST /api/logout","timestamp":"2026-05-18T13:27:30.678Z"}
{"level":"info","message":"Incoming request: POST /api/logout","timestamp":"2026-05-18T13:27:33.869Z"}
{"level":"info","message":"Servidor corriendose en el puerto 5100","timestamp":"2026-05-18T13:32:53.301Z"}
{"level":"info","message":"Servidor corriendose en el puerto 5100","timestamp":"2026-05-18T13:32:56.079Z"}
{"level":"info","message":"Incoming request: POST /api/logout","timestamp":"2026-05-18T13:33:19.398Z"}
{"level":"info","message":"Incoming request: POST /api/logout","timestamp":"2026-05-18T13:33:23.267Z"}
{"level":"info","message":"Servidor corriendose en el puerto 5100","timestamp":"2026-05-18T13:34:17.225Z"}
{"level":"info","message":"Incoming request: GET /api/permis/69fb50e433e6323e7080c7f0","timestamp":"2026-05-18T13:34:47.368Z"}
{"level":"info","message":"Incoming request: POST /api/renewToken","timestamp":"2026-05-18T13:34:47.434Z"}
{"level":"info","message":"Incoming request: POST /api/logs","timestamp":"2026-05-18T13:34:47.503Z"}
{"details":{"error":{"error":"Refresh token requerido"},"headers":{"lazyUpdate":null,"normalizedNames":{}},"message":"Http failure response for http://localhost:5100/api/renewToken: 401 Unauthorized","name":"HttpErrorResponse","ok":false,"status":401,"statusText":"Unauthorized","url":"http://localhost:5100/api/renewToken"},"level":"error","message":"[FRONTEND] Error loading permissions","timestamp":"2026-05-18T13:34:47.505Z"}
{"level":"info","message":"Incoming request: POST /api/login","timestamp":"2026-05-18T13:34:57.287Z"}
{"level":"info","message":"Login correcto: joel","timestamp":"2026-05-18T13:34:57.664Z"}
{"level":"info","message":"Incoming request: GET /api/permis/69fb50e433e6323e7080c7f0","timestamp":"2026-05-18T13:34:57.709Z"}
{"level":"info","message":"Incoming request: POST /api/logout","timestamp":"2026-05-18T13:35:09.509Z"}
{"level":"info","message":"Incoming request: POST /api/login","timestamp":"2026-05-18T13:35:16.082Z"}
{"level":"info","message":"Login correcto: Miniboo","timestamp":"2026-05-18T13:35:16.332Z"}
{"level":"info","message":"Incoming request: GET /api/dashboard","timestamp":"2026-05-18T13:35:16.403Z"}
{"level":"info","message":"Incoming request: GET /api/user","timestamp":"2026-05-18T13:35:37.571Z"}
{"level":"info","message":"Incoming request: GET /api/permis","timestamp":"2026-05-18T13:35:37.579Z"}
{"level":"info","message":"Incoming request: GET /api/dashboard","timestamp":"2026-05-18T13:35:57.150Z"}
{"level":"info","message":"Incoming request: GET /api/user","timestamp":"2026-05-18T13:36:06.175Z"}
{"level":"info","message":"Incoming request: DELETE /api/user/69fb54c633e6323e7080c80a","timestamp":"2026-05-18T13:39:21.404Z"}
{"level":"info","message":"Usuario borrado: 69fb54c633e6323e7080c80a","timestamp":"2026-05-18T13:39:21.460Z"}
{"level":"info","message":"Incoming request: GET /api/user","timestamp":"2026-05-18T13:39:21.480Z"}
{"level":"info","message":"Incoming request: POST /api/logout","timestamp":"2026-05-18T13:40:00.585Z"}
{"level":"info","message":"Incoming request: POST /api/login","timestamp":"2026-05-18T13:40:06.358Z"}
{"level":"warn","message":"Login fallido: usuario no encontrado joel2","timestamp":"2026-05-18T13:40:06.407Z"}
{"level":"info","message":"Incoming request: POST /api/logs","timestamp":"2026-05-18T13:40:07.659Z"}
{"details":{"error":{"msg":"Usuari o contrasenya incorrectes","ok":false},"headers":{"lazyUpdate":null,"normalizedNames":{}},"message":"Http failure response for http://localhost:5100/api/login: 401 Unauthorized","name":"HttpErrorResponse","ok":false,"status":401,"statusText":"Unauthorized","url":"http://localhost:5100/api/login"},"level":"error","message":"[FRONTEND] Login error","timestamp":"2026-05-18T13:40:07.659Z"}
{"level":"info","message":"Incoming request: POST /api/login","timestamp":"2026-05-18T13:40:09.336Z"}
{"level":"info","message":"Login correcto: joel","timestamp":"2026-05-18T13:40:09.587Z"}
{"level":"info","message":"Incoming request: GET /api/permis/69fb50e433e6323e7080c7f0","timestamp":"2026-05-18T13:40:09.654Z"}
{"level":"info","message":"Servidor corriendose en el puerto 5100","timestamp":"2026-05-18T13:47:26.338Z"}
{"level":"info","message":"Servidor corriendose en el puerto 5100","timestamp":"2026-05-18T13:48:56.681Z"}
{"level":"info","message":"Servidor corriendose en el puerto 5100","timestamp":"2026-05-18T13:48:57.961Z"}
{"level":"info","message":"Servidor corriendose en el puerto 5100","timestamp":"2026-05-18T13:48:59.683Z"}
{"level":"info","message":"Servidor corriendose en el puerto 5100","timestamp":"2026-05-18T13:52:02.671Z"}
{"level":"info","message":"Incoming request: POST /api/logout","timestamp":"2026-05-18T13:52:06.524Z"}
{"level":"info","message":"Incoming request: POST /api/logout","timestamp":"2026-05-18T13:52:11.601Z"}
{"level":"info","message":"Incoming request: POST /api/logout","timestamp":"2026-05-18T13:52:46.663Z"}
{"level":"info","message":"Servidor corriendose en el puerto 5100","timestamp":"2026-05-18T14:11:10.720Z"}
{"level":"info","message":"Servidor corriendose en el puerto 5100","timestamp":"2026-05-18T14:11:12.148Z"}
{"level":"info","message":"Incoming request: POST /api/logout","timestamp":"2026-05-18T14:11:12.359Z"}
{"level":"info","message":"Servidor corriendose en el puerto 5100","timestamp":"2026-05-18T14:11:13.845Z"}
{"level":"info","message":"Incoming request: POST /api/logout","timestamp":"2026-05-18T14:11:19.236Z"}
{"level":"info","message":"Incoming request: POST /api/logout","timestamp":"2026-05-18T14:12:08.563Z"}
{"level":"info","message":"Incoming request: POST /api/logout","timestamp":"2026-05-18T14:12:10.674Z"}
{"level":"info","message":"Incoming request: POST /api/logout","timestamp":"2026-05-18T14:13:44.235Z"}
{"level":"info","message":"Incoming request: POST /api/login","timestamp":"2026-05-18T14:14:16.123Z"}
{"level":"info","message":"Login correcto: Miniboo","timestamp":"2026-05-18T14:14:16.533Z"}
{"level":"info","message":"Incoming request: GET /api/dashboard","timestamp":"2026-05-18T14:14:16.607Z"}
{"level":"info","message":"Incoming request: POST /api/logout","timestamp":"2026-05-18T14:14:19.409Z"}
{"level":"info","message":"Incoming request: POST /api/login","timestamp":"2026-05-18T14:14:44.625Z"}
{"level":"info","message":"Login correcto: Miniboo","timestamp":"2026-05-18T14:14:44.969Z"}
{"level":"info","message":"Incoming request: GET /api/dashboard","timestamp":"2026-05-18T14:14:45.047Z"}
{"level":"info","message":"Incoming request: POST /api/logout","timestamp":"2026-05-18T14:15:35.080Z"}
{"level":"info","message":"Incoming request: POST /api/login","timestamp":"2026-05-18T14:16:06.583Z"}
{"level":"info","message":"Login correcto: Miniboo","timestamp":"2026-05-18T14:16:06.809Z"}
{"level":"info","message":"Incoming request: GET /api/dashboard","timestamp":"2026-05-18T14:16:06.866Z"}
{"level":"info","message":"Incoming request: POST /api/logout","timestamp":"2026-05-18T14:16:31.324Z"}
{"level":"info","message":"Incoming request: POST /api/login","timestamp":"2026-05-18T14:16:37.037Z"}
{"level":"info","message":"Login correcto: joel","timestamp":"2026-05-18T14:16:37.385Z"}
{"level":"info","message":"Incoming request: GET /api/permis/69fb50e433e6323e7080c7f0","timestamp":"2026-05-18T14:16:37.475Z"}
{"level":"info","message":"Servidor corriendose en el puerto 5100","timestamp":"2026-05-18T14:30:49.252Z"}
{"level":"info","message":"Servidor corriendose en el puerto 5100","timestamp":"2026-05-18T14:34:14.664Z"}
{"level":"info","message":"Incoming request: POST /api/logout","timestamp":"2026-05-18T14:34:21.448Z"}
{"level":"info","message":"Incoming request: POST /api/login","timestamp":"2026-05-18T14:34:25.276Z"}
{"level":"warn","message":"Login fallido: contraseña incorrecta para Miniboo","timestamp":"2026-05-18T14:34:25.598Z"}
{"level":"info","message":"Incoming request: POST /api/logs","timestamp":"2026-05-18T14:34:26.993Z"}
{"details":{"error":{"intentosRestantes":2,"msg":"Usuari o contrasenya incorrectes, quedan 2 intentos","ok":false},"headers":{"lazyUpdate":null,"normalizedNames":{}},"message":"Http failure response for http://localhost:5100/api/login: 401 Unauthorized","name":"HttpErrorResponse","ok":false,"status":401,"statusText":"Unauthorized","url":"http://localhost:5100/api/login"},"level":"error","message":"[FRONTEND] Login error","timestamp":"2026-05-18T14:34:26.995Z"}
{"level":"info","message":"Incoming request: POST /api/login","timestamp":"2026-05-18T14:34:31.774Z"}
{"level":"warn","message":"Login fallido: contraseña incorrecta para Miniboo","timestamp":"2026-05-18T14:34:32.047Z"}
{"level":"info","message":"Incoming request: POST /api/logs","timestamp":"2026-05-18T14:34:32.915Z"}
{"details":{"error":{"intentosRestantes":2,"msg":"Usuari o contrasenya incorrectes, quedan 2 intentos","ok":false},"headers":{"lazyUpdate":null,"normalizedNames":{}},"message":"Http failure response for http://localhost:5100/api/login: 401 Unauthorized","name":"HttpErrorResponse","ok":false,"status":401,"statusText":"Unauthorized","url":"http://localhost:5100/api/login"},"level":"error","message":"[FRONTEND] Login error","timestamp":"2026-05-18T14:34:32.917Z"}
{"level":"info","message":"Incoming request: POST /api/login","timestamp":"2026-05-18T14:34:34.968Z"}
{"level":"warn","message":"Login fallido: contraseña incorrecta para Miniboo","timestamp":"2026-05-18T14:34:35.187Z"}
{"level":"info","message":"Incoming request: POST /api/logs","timestamp":"2026-05-18T14:34:35.893Z"}
{"details":{"error":{"intentosRestantes":2,"msg":"Usuari o contrasenya incorrectes, quedan 2 intentos","ok":false},"headers":{"lazyUpdate":null,"normalizedNames":{}},"message":"Http failure response for http://localhost:5100/api/login: 401 Unauthorized","name":"HttpErrorResponse","ok":false,"status":401,"statusText":"Unauthorized","url":"http://localhost:5100/api/login"},"level":"error","message":"[FRONTEND] Login error","timestamp":"2026-05-18T14:34:35.895Z"}
{"level":"info","message":"Incoming request: POST /api/login","timestamp":"2026-05-18T14:34:45.193Z"}
{"level":"warn","message":"Login fallido: contraseña incorrecta para Miniboo","timestamp":"2026-05-18T14:34:45.529Z"}
{"level":"info","message":"Incoming request: POST /api/logs","timestamp":"2026-05-18T14:34:46.205Z"}
{"details":{"error":{"intentosRestantes":2,"msg":"Usuari o contrasenya incorrectes, quedan 2 intentos","ok":false},"headers":{"lazyUpdate":null,"normalizedNames":{}},"message":"Http failure response for http://localhost:5100/api/login: 401 Unauthorized","name":"HttpErrorResponse","ok":false,"status":401,"statusText":"Unauthorized","url":"http://localhost:5100/api/login"},"level":"error","message":"[FRONTEND] Login error","timestamp":"2026-05-18T14:34:46.206Z"}
{"level":"info","message":"Servidor corriendose en el puerto 5100","timestamp":"2026-05-18T14:34:57.154Z"}
{"level":"info","message":"Servidor corriendose en el puerto 5100","timestamp":"2026-05-18T14:35:00.053Z"}
{"level":"info","message":"Incoming request: POST /api/login","timestamp":"2026-05-18T14:35:04.254Z"}
{"level":"warn","message":"Login fallido: contraseña incorrecta para Miniboo","timestamp":"2026-05-18T14:35:04.592Z"}
{"level":"info","message":"Incoming request: POST /api/logs","timestamp":"2026-05-18T14:35:07.672Z"}
{"details":{"error":{"intentosRestantes":2,"msg":"1Usuari o contrasenya incorrectes, quedan 2 intentos","ok":false},"headers":{"lazyUpdate":null,"normalizedNames":{}},"message":"Http failure response for http://localhost:5100/api/login: 401 Unauthorized","name":"HttpErrorResponse","ok":false,"status":401,"statusText":"Unauthorized","url":"http://localhost:5100/api/login"},"level":"error","message":"[FRONTEND] Login error","timestamp":"2026-05-18T14:35:07.675Z"}
{"level":"info","message":"Servidor corriendose en el puerto 5100","timestamp":"2026-05-18T14:39:19.422Z"}
{"level":"info","message":"Servidor corriendose en el puerto 5100","timestamp":"2026-05-18T14:39:59.973Z"}
{"level":"info","message":"Servidor corriendose en el puerto 5100","timestamp":"2026-05-18T14:40:02.483Z"}
{"level":"info","message":"Servidor corriendose en el puerto 5100","timestamp":"2026-05-18T14:40:08.689Z"}
{"level":"info","message":"Servidor corriendose en el puerto 5100","timestamp":"2026-05-18T14:40:23.143Z"}
{"level":"info","message":"Servidor corriendose en el puerto 5100","timestamp":"2026-05-18T14:40:25.601Z"}
{"level":"info","message":"Servidor corriendose en el puerto 5100","timestamp":"2026-05-18T14:40:27.736Z"}
{"level":"info","message":"Servidor corriendose en el puerto 5100","timestamp":"2026-05-18T14:40:31.926Z"}
{"level":"info","message":"Servidor corriendose en el puerto 5100","timestamp":"2026-05-18T14:40:48.661Z"}
{"level":"info","message":"Servidor corriendose en el puerto 5100","timestamp":"2026-05-18T14:41:11.294Z"}
{"level":"info","message":"Servidor corriendose en el puerto 5100","timestamp":"2026-05-18T14:41:13.408Z"}
{"level":"info","message":"Servidor corriendose en el puerto 5100","timestamp":"2026-05-18T14:41:18.341Z"}
{"level":"info","message":"Servidor corriendose en el puerto 5100","timestamp":"2026-05-18T14:41:26.005Z"}
{"level":"info","message":"Incoming request: POST /api/login","timestamp":"2026-05-18T14:41:38.449Z"}
{"level":"warn","message":"Login fallido: contraseña incorrecta para Miniboo","timestamp":"2026-05-18T14:41:38.825Z"}
{"level":"info","message":"Incoming request: POST /api/logs","timestamp":"2026-05-18T14:41:39.518Z"}
{"details":{"error":{"intentosRestantes":2,"msg":"Usuari o contrasenya incorrectes, queden 2 intents","ok":false},"headers":{"lazyUpdate":null,"normalizedNames":{}},"message":"Http failure response for http://localhost:5100/api/login: 401 Unauthorized","name":"HttpErrorResponse","ok":false,"status":401,"statusText":"Unauthorized","url":"http://localhost:5100/api/login"},"level":"error","message":"[FRONTEND] Login error","timestamp":"2026-05-18T14:41:39.522Z"}
{"level":"info","message":"Incoming request: POST /api/login","timestamp":"2026-05-18T14:41:42.397Z"}
{"level":"warn","message":"Login fallido: contraseña incorrecta para Miniboo","timestamp":"2026-05-18T14:41:42.738Z"}
{"level":"info","message":"Incoming request: POST /api/logs","timestamp":"2026-05-18T14:41:43.340Z"}
{"details":{"error":{"intentosRestantes":2,"msg":"Usuari o contrasenya incorrectes, queden 2 intents","ok":false},"headers":{"lazyUpdate":null,"normalizedNames":{}},"message":"Http failure response for http://localhost:5100/api/login: 401 Unauthorized","name":"HttpErrorResponse","ok":false,"status":401,"statusText":"Unauthorized","url":"http://localhost:5100/api/login"},"level":"error","message":"[FRONTEND] Login error","timestamp":"2026-05-18T14:41:43.343Z"}
{"level":"info","message":"Incoming request: POST /api/login","timestamp":"2026-05-18T14:41:51.154Z"}
{"level":"warn","message":"Login fallido: contraseña incorrecta para Miniboo","timestamp":"2026-05-18T14:41:51.542Z"}
{"level":"info","message":"Incoming request: POST /api/logs","timestamp":"2026-05-18T14:41:52.289Z"}
{"details":{"error":{"intentosRestantes":2,"msg":"Usuari o contrasenya incorrectes, queden 2 intents","ok":false},"headers":{"lazyUpdate":null,"normalizedNames":{}},"message":"Http failure response for http://localhost:5100/api/login: 401 Unauthorized","name":"HttpErrorResponse","ok":false,"status":401,"statusText":"Unauthorized","url":"http://localhost:5100/api/login"},"level":"error","message":"[FRONTEND] Login error","timestamp":"2026-05-18T14:41:52.290Z"}
{"level":"info","message":"Servidor corriendose en el puerto 5100","timestamp":"2026-05-18T14:47:08.415Z"}
{"level":"info","message":"Incoming request: POST /api/login","timestamp":"2026-05-18T14:48:40.395Z"}
{"level":"warn","message":"Login fallido: contraseña incorrecta para Miniboo","timestamp":"2026-05-18T14:48:40.923Z"}
{"level":"info","message":"Incoming request: POST /api/logs","timestamp":"2026-05-18T14:48:41.895Z"}
{"details":{"error":{"intentosRestantes":2,"msg":"Usuari o contrasenya incorrectes, queden 2 intents","ok":false},"headers":{"lazyUpdate":null,"normalizedNames":{}},"message":"Http failure response for http://localhost:5100/api/login: 401 Unauthorized","name":"HttpErrorResponse","ok":false,"status":401,"statusText":"Unauthorized","url":"http://localhost:5100/api/login"},"level":"error","message":"[FRONTEND] Login error","timestamp":"2026-05-18T14:48:41.897Z"}
{"level":"info","message":"Incoming request: POST /api/login","timestamp":"2026-05-18T14:49:07.196Z"}
{"level":"warn","message":"Login fallido: contraseña incorrecta para Miniboo","timestamp":"2026-05-18T14:49:07.476Z"}
{"level":"info","message":"Incoming request: POST /api/logs","timestamp":"2026-05-18T14:49:08.647Z"}
{"details":{"error":{"intentosRestantes":1,"msg":"Usuari o contrasenya incorrectes, queden 1 intents","ok":false},"headers":{"lazyUpdate":null,"normalizedNames":{}},"message":"Http failure response for http://localhost:5100/api/login: 401 Unauthorized","name":"HttpErrorResponse","ok":false,"status":401,"statusText":"Unauthorized","url":"http://localhost:5100/api/login"},"level":"error","message":"[FRONTEND] Login error","timestamp":"2026-05-18T14:49:08.649Z"}
{"level":"info","message":"Incoming request: POST /api/login","timestamp":"2026-05-18T14:49:14.161Z"}
{"level":"warn","message":"Login fallido: contraseña incorrecta para Miniboo","timestamp":"2026-05-18T14:49:14.474Z"}
{"level":"info","message":"Incoming request: POST /api/logs","timestamp":"2026-05-18T14:49:15.975Z"}
{"details":{"error":{"intentosRestantes":0,"msg":"Usuari o contrasenya incorrectes, queden 0 intents","ok":false},"headers":{"lazyUpdate":null,"normalizedNames":{}},"message":"Http failure response for http://localhost:5100/api/login: 401 Unauthorized","name":"HttpErrorResponse","ok":false,"status":401,"statusText":"Unauthorized","url":"http://localhost:5100/api/login"},"level":"error","message":"[FRONTEND] Login error","timestamp":"2026-05-18T14:49:15.977Z"}
{"level":"info","message":"Incoming request: POST /api/login","timestamp":"2026-05-18T14:49:19.427Z"}
{"level":"warn","message":"Intento de login en cuenta bloqueada: Miniboo","timestamp":"2026-05-18T14:49:19.461Z"}
{"level":"info","message":"Incoming request: POST /api/logs","timestamp":"2026-05-18T14:49:22.015Z"}
{"details":{"error":{"msg":"Cuenta bloqueada temporalmente por demasiados intentos fallidos.","ok":false},"headers":{"lazyUpdate":null,"normalizedNames":{}},"message":"Http failure response for http://localhost:5100/api/login: 423 Locked","name":"HttpErrorResponse","ok":false,"status":423,"statusText":"Locked","url":"http://localhost:5100/api/login"},"level":"error","message":"[FRONTEND] Login error","timestamp":"2026-05-18T14:49:22.016Z"}
{"level":"info","message":"Incoming request: POST /api/login","timestamp":"2026-05-18T14:49:23.004Z"}
{"level":"warn","message":"Intento de login en cuenta bloqueada: Miniboo","timestamp":"2026-05-18T14:49:23.036Z"}
{"level":"info","message":"Incoming request: POST /api/logs","timestamp":"2026-05-18T14:49:23.979Z"}
{"details":{"error":{"msg":"Cuenta bloqueada temporalmente por demasiados intentos fallidos.","ok":false},"headers":{"lazyUpdate":null,"normalizedNames":{}},"message":"Http failure response for http://localhost:5100/api/login: 423 Locked","name":"HttpErrorResponse","ok":false,"status":423,"statusText":"Locked","url":"http://localhost:5100/api/login"},"level":"error","message":"[FRONTEND] Login error","timestamp":"2026-05-18T14:49:23.981Z"}
{"level":"info","message":"Incoming request: POST /api/login","timestamp":"2026-05-18T14:49:25.639Z"}
{"level":"warn","message":"Intento de login en cuenta bloqueada: Miniboo","timestamp":"2026-05-18T14:49:25.672Z"}
{"level":"info","message":"Incoming request: POST /api/logs","timestamp":"2026-05-18T14:49:27.681Z"}
{"details":{"error":{"msg":"Cuenta bloqueada temporalmente por demasiados intentos fallidos.","ok":false},"headers":{"lazyUpdate":null,"normalizedNames":{}},"message":"Http failure response for http://localhost:5100/api/login: 423 Locked","name":"HttpErrorResponse","ok":false,"status":423,"statusText":"Locked","url":"http://localhost:5100/api/login"},"level":"error","message":"[FRONTEND] Login error","timestamp":"2026-05-18T14:49:27.682Z"}
{"level":"info","message":"Incoming request: POST /api/login","timestamp":"2026-05-18T14:49:34.162Z"}
{"level":"warn","message":"Intento de login en cuenta bloqueada: Miniboo","timestamp":"2026-05-18T14:49:34.195Z"}
{"level":"info","message":"Incoming request: POST /api/logs","timestamp":"2026-05-18T14:49:41.106Z"}
{"details":{"error":{"msg":"Cuenta bloqueada temporalmente por demasiados intentos fallidos.","ok":false},"headers":{"lazyUpdate":null,"normalizedNames":{}},"message":"Http failure response for http://localhost:5100/api/login: 423 Locked","name":"HttpErrorResponse","ok":false,"status":423,"statusText":"Locked","url":"http://localhost:5100/api/login"},"level":"error","message":"[FRONTEND] Login error","timestamp":"2026-05-18T14:49:41.107Z"}
{"level":"info","message":"Servidor corriendose en el puerto 5100","timestamp":"2026-05-18T14:50:18.183Z"}
<<<<<<< HEAD
{"level":"info","message":"Servidor corriendose en el puerto 5100","timestamp":"2026-05-18T14:53:18.976Z"}
{"level":"info","message":"Incoming request: POST /api/login","timestamp":"2026-05-18T14:53:20.805Z"}
{"level":"warn","message":"Intento de login en cuenta bloqueada: Miniboo","timestamp":"2026-05-18T14:53:20.863Z"}
{"level":"info","message":"Incoming request: POST /api/logs","timestamp":"2026-05-18T14:53:21.661Z"}
{"details":{"error":{"msg":"Cuenta bloqueada temporalmente por demasiados intentos fallidos.","ok":false},"headers":{"lazyUpdate":null,"normalizedNames":{}},"message":"Http failure response for http://localhost:5100/api/login: 423 Locked","name":"HttpErrorResponse","ok":false,"status":423,"statusText":"Locked","url":"http://localhost:5100/api/login"},"level":"error","message":"[FRONTEND] Login error","timestamp":"2026-05-18T14:53:21.664Z"}
{"level":"info","message":"Incoming request: POST /api/login","timestamp":"2026-05-18T14:53:30.736Z"}
{"level":"info","message":"Login correcto: Miniboo","timestamp":"2026-05-18T14:53:31.123Z"}
{"level":"info","message":"Incoming request: GET /api/dashboard","timestamp":"2026-05-18T14:53:31.184Z"}
{"level":"info","message":"Servidor corriendose en el puerto 5100","timestamp":"2026-05-18T14:53:35.478Z"}
{"level":"info","message":"Incoming request: POST /api/logout","timestamp":"2026-05-18T14:55:38.070Z"}
{"level":"info","message":"Incoming request: POST /api/login","timestamp":"2026-05-18T14:55:46.958Z"}
{"level":"warn","message":"Login fallido: contraseña incorrecta para joel","timestamp":"2026-05-18T14:55:47.328Z"}
{"level":"info","message":"Incoming request: POST /api/logs","timestamp":"2026-05-18T14:55:48.674Z"}
{"details":{"error":{"msg":"Usuari o contrasenya incorrectes, queden 2 intents","ok":false},"headers":{"lazyUpdate":null,"normalizedNames":{}},"message":"Http failure response for http://localhost:5100/api/login: 401 Unauthorized","name":"HttpErrorResponse","ok":false,"status":401,"statusText":"Unauthorized","url":"http://localhost:5100/api/login"},"level":"error","message":"[FRONTEND] Login error","timestamp":"2026-05-18T14:55:48.678Z"}
{"level":"info","message":"Incoming request: POST /api/login","timestamp":"2026-05-18T14:55:49.301Z"}
{"level":"warn","message":"Login fallido: contraseña incorrecta para joel","timestamp":"2026-05-18T14:55:49.598Z"}
{"level":"info","message":"Incoming request: POST /api/logs","timestamp":"2026-05-18T14:55:50.185Z"}
{"details":{"error":{"msg":"Usuari o contrasenya incorrectes, queden 1 intents","ok":false},"headers":{"lazyUpdate":null,"normalizedNames":{}},"message":"Http failure response for http://localhost:5100/api/login: 401 Unauthorized","name":"HttpErrorResponse","ok":false,"status":401,"statusText":"Unauthorized","url":"http://localhost:5100/api/login"},"level":"error","message":"[FRONTEND] Login error","timestamp":"2026-05-18T14:55:50.187Z"}
{"level":"info","message":"Incoming request: POST /api/login","timestamp":"2026-05-18T14:55:50.804Z"}
{"level":"warn","message":"Login fallido: contraseña incorrecta para joel","timestamp":"2026-05-18T14:55:51.125Z"}
{"level":"info","message":"Incoming request: POST /api/logs","timestamp":"2026-05-18T14:55:55.239Z"}
{"details":{"error":{"msg":"Has fallado demasiadas veces. Cuenta bloqueada por 15 minutos.","ok":false},"headers":{"lazyUpdate":null,"normalizedNames":{}},"message":"Http failure response for http://localhost:5100/api/login: 423 Locked","name":"HttpErrorResponse","ok":false,"status":423,"statusText":"Locked","url":"http://localhost:5100/api/login"},"level":"error","message":"[FRONTEND] Login error","timestamp":"2026-05-18T14:55:55.239Z"}
{"level":"info","message":"Incoming request: POST /api/login","timestamp":"2026-05-18T15:01:45.892Z"}
{"level":"warn","message":"Intento de login en cuenta bloqueada temporalmente: joel","timestamp":"2026-05-18T15:01:45.928Z"}
{"level":"info","message":"Incoming request: POST /api/logs","timestamp":"2026-05-18T15:01:48.108Z"}
{"details":{"error":{"msg":"La cuenta está bloqueada temporalmente. Inténtalo de nuevo en 10 minutos.","ok":false},"headers":{"lazyUpdate":null,"normalizedNames":{}},"message":"Http failure response for http://localhost:5100/api/login: 423 Locked","name":"HttpErrorResponse","ok":false,"status":423,"statusText":"Locked","url":"http://localhost:5100/api/login"},"level":"error","message":"[FRONTEND] Login error","timestamp":"2026-05-18T15:01:48.110Z"}
{"level":"info","message":"Incoming request: POST /api/login","timestamp":"2026-05-20T14:27:24.137Z"}
{"level":"info","message":"Login correcto: Miniboo","timestamp":"2026-05-20T14:27:25.107Z"}
{"level":"info","message":"Incoming request: GET /api/dashboard","timestamp":"2026-05-20T14:27:25.217Z"}
{"level":"info","message":"Incoming request: GET /api/user","timestamp":"2026-05-20T14:28:36.924Z"}
{"level":"info","message":"Incoming request: GET /api/permis","timestamp":"2026-05-20T14:28:36.930Z"}
{"level":"info","message":"Incoming request: GET /api/dashboard","timestamp":"2026-05-20T14:28:45.238Z"}
{"level":"info","message":"Incoming request: GET /api/user","timestamp":"2026-05-20T14:28:50.675Z"}
{"level":"info","message":"Incoming request: PUT /api/user/6a04b0e2d0555a1a11c52130","timestamp":"2026-05-20T14:29:06.105Z"}
{"level":"info","message":"Usuario actualizado: 6a04b0e2d0555a1a11c52130","timestamp":"2026-05-20T14:29:06.224Z"}
{"level":"info","message":"Incoming request: GET /api/user","timestamp":"2026-05-20T14:29:06.233Z"}
{"level":"info","message":"Incoming request: POST /api/logout","timestamp":"2026-05-20T14:29:10.147Z"}
{"level":"info","message":"Incoming request: POST /api/login","timestamp":"2026-05-20T14:29:15.571Z"}
{"level":"info","message":"Login correcto: Racso","timestamp":"2026-05-20T14:29:15.837Z"}
{"level":"info","message":"Incoming request: GET /api/dashboard","timestamp":"2026-05-20T14:29:15.922Z"}
{"level":"info","message":"Incoming request: GET /api/user","timestamp":"2026-05-20T14:29:17.414Z"}
{"level":"info","message":"Incoming request: GET /api/user","timestamp":"2026-05-20T14:29:17.875Z"}
{"level":"info","message":"Incoming request: GET /api/permis","timestamp":"2026-05-20T14:29:17.881Z"}
{"level":"info","message":"Incoming request: GET /api/user","timestamp":"2026-05-20T14:29:19.170Z"}
{"level":"info","message":"Incoming request: GET /api/user","timestamp":"2026-05-20T14:29:21.764Z"}
{"level":"info","message":"Incoming request: GET /api/permis","timestamp":"2026-05-20T14:29:21.771Z"}
{"level":"info","message":"Incoming request: PUT /api/permis/6a01e8b2553b31345ed02844","timestamp":"2026-05-20T14:29:29.689Z"}
{"level":"info","message":"Permiso 6a01e8b2553b31345ed02844 updated to status aprovat","timestamp":"2026-05-20T14:29:29.743Z"}
{"level":"info","message":"Incoming request: GET /api/permis","timestamp":"2026-05-20T14:29:29.756Z"}
{"level":"info","message":"Servidor corriendose en el puerto 5100","timestamp":"2026-05-20T14:29:52.503Z"}
{"level":"info","message":"Servidor corriendose en el puerto 5100","timestamp":"2026-05-20T14:29:53.531Z"}
{"level":"info","message":"Incoming request: GET /api/user","timestamp":"2026-05-20T15:31:17.235Z"}
{"level":"info","message":"Incoming request: GET /api/permis","timestamp":"2026-05-20T15:31:17.338Z"}
{"level":"info","message":"Incoming request: POST /api/renewToken","timestamp":"2026-05-20T15:31:17.562Z"}
{"level":"info","message":"Incoming request: POST /api/renewToken","timestamp":"2026-05-20T15:31:17.715Z"}
{"level":"info","message":"Servidor corriendose en el puerto 5100","timestamp":"2026-05-20T15:31:23.577Z"}
{"level":"info","message":"Servidor corriendose en el puerto 5100","timestamp":"2026-05-20T15:31:24.917Z"}
{"level":"info","message":"Incoming request: POST /api/login","timestamp":"2026-05-20T17:03:01.676Z"}
{"level":"info","message":"Servidor corriendose en el puerto 5100","timestamp":"2026-05-20T17:03:07.772Z"}
{"level":"info","message":"Servidor corriendose en el puerto 5100","timestamp":"2026-05-20T17:03:09.219Z"}
{"level":"info","message":"Incoming request: POST /api/login","timestamp":"2026-05-20T17:03:09.302Z"}
{"level":"info","message":"Incoming request: POST /api/logs","timestamp":"2026-05-20T17:03:10.057Z"}
{"details":{"error":{"isTrusted":true},"headers":{"headers":{},"lazyUpdate":null,"normalizedNames":{}},"message":"Http failure response for http://localhost:5100/api/login: 0 Unknown Error","name":"HttpErrorResponse","ok":false,"status":0,"statusText":"Unknown Error","url":"http://localhost:5100/api/login"},"level":"error","message":"[FRONTEND] Login error","timestamp":"2026-05-20T17:03:10.058Z"}
{"level":"info","message":"Login correcto: Miniboo","timestamp":"2026-05-20T17:03:10.099Z"}
{"level":"info","message":"Incoming request: GET /api/dashboard","timestamp":"2026-05-20T17:03:10.160Z"}
{"level":"info","message":"Incoming request: GET /api/user","timestamp":"2026-05-20T17:03:21.061Z"}
{"level":"info","message":"Incoming request: GET /api/permis","timestamp":"2026-05-20T17:03:21.067Z"}
{"level":"info","message":"Incoming request: PUT /api/permis/6a01ebb9cfa4d4b0909461a2","timestamp":"2026-05-20T17:03:24.743Z"}
{"level":"info","message":"Permiso 6a01ebb9cfa4d4b0909461a2 updated to status refusat","timestamp":"2026-05-20T17:03:24.792Z"}
{"level":"info","message":"Incoming request: GET /api/permis","timestamp":"2026-05-20T17:03:24.811Z"}
{"level":"info","message":"Incoming request: GET /api/dashboard","timestamp":"2026-05-20T17:03:25.736Z"}
{"level":"info","message":"Incoming request: GET /api/dashboard","timestamp":"2026-05-20T21:40:31.871Z"}
{"level":"info","message":"Incoming request: POST /api/renewToken","timestamp":"2026-05-20T21:40:34.169Z"}
{"level":"info","message":"Incoming request: POST /api/logs","timestamp":"2026-05-20T21:41:04.327Z"}
{"details":{"error":"<!DOCTYPE html>\n<html lang=\"en\">\n<head>\n<meta charset=\"utf-8\">\n<title>Error</title>\n</head>\n<body>\n<pre>MongoServerSelectionError: F8100000:error:0A000438:SSL routines:ssl3_read_bytes:tlsv1 alert internal error:openssl\\ssl\\record\\rec_layer_s3.c:916:SSL alert number 80<br><br> &nbsp; &nbsp;at Topology.selectServer (C:\\2 DAW\\Projectos\\Gestor_de_permisos_laborals\\backend\\node_modules\\mongoose\\node_modules\\mongodb\\lib\\sdam\\topology.js:346:38)<br> &nbsp; &nbsp;at runNextTicks (node:internal/process/task_queues:65:5)<br> &nbsp; &nbsp;at process.processTimers (node:internal/timers:540:9)<br> &nbsp; &nbsp;at async tryOperation (C:\\2 DAW\\Projectos\\Gestor_de_permisos_laborals\\backend\\node_modules\\mongoose\\node_modules\\mongodb\\lib\\operations\\execute_operation.js:150:18)<br> &nbsp; &nbsp;at async executeOperation (C:\\2 DAW\\Projectos\\Gestor_de_permisos_laborals\\backend\\node_modules\\mongoose\\node_modules\\mongodb\\lib\\operations\\execute_operation.js:80:16)<br> &nbsp; &nbsp;at async FindCursor._initialize (C:\\2 DAW\\Projectos\\Gestor_de_permisos_laborals\\backend\\node_modules\\mongoose\\node_modules\\mongodb\\lib\\cursor\\find_cursor.js:62:26)<br> &nbsp; &nbsp;at async FindCursor.cursorInit (C:\\2 DAW\\Projectos\\Gestor_de_permisos_laborals\\backend\\node_modules\\mongoose\\node_modules\\mongodb\\lib\\cursor\\abstract_cursor.js:620:27)<br> &nbsp; &nbsp;at async FindCursor.fetchBatch (C:\\2 DAW\\Projectos\\Gestor_de_permisos_laborals\\backend\\node_modules\\mongoose\\node_modules\\mongodb\\lib\\cursor\\abstract_cursor.js:654:13)<br> &nbsp; &nbsp;at async FindCursor.next (C:\\2 DAW\\Projectos\\Gestor_de_permisos_laborals\\backend\\node_modules\\mongoose\\node_modules\\mongodb\\lib\\cursor\\abstract_cursor.js:326:17)<br> &nbsp; &nbsp;at async Collection.findOne (C:\\2 DAW\\Projectos\\Gestor_de_permisos_laborals\\backend\\node_modules\\mongoose\\node_modules\\mongodb\\lib\\collection.js:313:24)</pre>\n</body>\n</html>\n","headers":{"lazyUpdate":null,"normalizedNames":{}},"message":"Http failure response for http://localhost:5100/api/renewToken: 500 Internal Server Error","name":"HttpErrorResponse","ok":false,"status":500,"statusText":"Internal Server Error","url":"http://localhost:5100/api/renewToken"},"level":"error","message":"[FRONTEND] Error loading dashboard data","timestamp":"2026-05-20T21:41:04.329Z"}
{"level":"info","message":"Servidor corriendose en el puerto 5100","timestamp":"2026-06-01T13:28:53.566Z"}
{"level":"info","message":"Servidor corriendose en el puerto 5100","timestamp":"2026-06-01T13:28:54.491Z"}
{"level":"info","message":"Servidor corriendose en el puerto 5100","timestamp":"2026-06-01T13:38:45.391Z"}
{"level":"info","message":"Servidor corriendose en el puerto 5100","timestamp":"2026-06-01T13:38:53.393Z"}
{"level":"info","message":"Servidor corriendose en el puerto 5100","timestamp":"2026-06-01T13:38:58.849Z"}
{"level":"info","message":"Servidor corriendose en el puerto 5100","timestamp":"2026-06-01T13:39:02.825Z"}
{"level":"info","message":"Servidor corriendose en el puerto 5100","timestamp":"2026-06-01T13:39:06.744Z"}
{"level":"info","message":"Servidor corriendose en el puerto 5100","timestamp":"2026-06-01T13:39:12.077Z"}
{"level":"info","message":"Servidor corriendose en el puerto 5100","timestamp":"2026-06-01T13:39:17.334Z"}
{"level":"info","message":"Servidor corriendose en el puerto 5100","timestamp":"2026-06-01T13:39:21.300Z"}
{"level":"info","message":"Incoming request: POST /api/login","timestamp":"2026-06-01T13:40:17.596Z"}
{"level":"info","message":"Servidor corriendose en el puerto 5100","timestamp":"2026-06-01T13:40:18.917Z"}
{"level":"info","message":"Incoming request: POST /api/logs","timestamp":"2026-06-01T13:40:18.996Z"}
{"details":{"error":{"isTrusted":true},"headers":{"headers":{},"lazyUpdate":null,"normalizedNames":{}},"message":"Http failure response for http://localhost:5100/api/login: 0 Unknown Error","name":"HttpErrorResponse","ok":false,"status":0,"statusText":"Unknown Error","url":"http://localhost:5100/api/login"},"level":"error","message":"[FRONTEND] Login error","timestamp":"2026-06-01T13:40:18.998Z"}
{"level":"info","message":"Incoming request: POST /api/login","timestamp":"2026-06-01T13:40:20.870Z"}
{"level":"info","message":"Login correcto: Miniboo","timestamp":"2026-06-01T13:40:21.135Z"}
{"level":"info","message":"Incoming request: POST /api/changePassword","timestamp":"2026-06-01T13:40:36.974Z"}
{"level":"info","message":"Contrasenya canviada per usuari: 69f217fa54bb8f0edf9bbbbe","timestamp":"2026-06-01T13:40:37.214Z"}
{"level":"info","message":"Incoming request: GET /api/dashboard","timestamp":"2026-06-01T13:40:37.293Z"}
{"level":"info","message":"Login correcto: testuser","timestamp":"2026-06-01T13:40:43.073Z"}
{"level":"warn","message":"Login fallido: usuario no encontrado nonexistent","timestamp":"2026-06-01T13:40:43.095Z"}
{"level":"error","message":"Error en login para testuser: __vite_ssr_import_0__.default.getOne is not a function","timestamp":"2026-06-01T13:40:43.101Z"}
{"level":"info","message":"Login correcto: testuser","timestamp":"2026-06-01T13:41:19.379Z"}
{"level":"warn","message":"Login fallido: usuario no encontrado nonexistent","timestamp":"2026-06-01T13:41:19.392Z"}
{"level":"warn","message":"Login fallido: contraseña incorrecta para testuser","timestamp":"2026-06-01T13:41:19.397Z"}
{"level":"info","message":"Incoming request: GET /api/user","timestamp":"2026-06-01T13:45:13.366Z"}
{"level":"info","message":"Incoming request: GET /api/user","timestamp":"2026-06-01T13:45:19.912Z"}
{"level":"info","message":"Incoming request: GET /api/permis","timestamp":"2026-06-01T13:45:19.928Z"}
{"level":"info","message":"Servidor corriendose en el puerto 5100","timestamp":"2026-06-01T13:59:28.506Z"}
{"level":"info","message":"Servidor corriendose en el puerto 5100","timestamp":"2026-06-01T13:59:32.730Z"}
{"level":"info","message":"Servidor corriendose en el puerto 5100","timestamp":"2026-06-01T13:59:38.052Z"}
{"level":"info","message":"Incoming request: GET /api/user","timestamp":"2026-06-01T13:59:50.113Z"}
{"level":"info","message":"Incoming request: GET /api/permis","timestamp":"2026-06-01T13:59:50.125Z"}
{"level":"info","message":"Incoming request: POST /api/renewToken","timestamp":"2026-06-01T13:59:50.189Z"}
{"level":"info","message":"Incoming request: POST /api/renewToken","timestamp":"2026-06-01T13:59:50.209Z"}
{"level":"info","message":"Incoming request: GET /api/user","timestamp":"2026-06-01T13:59:50.263Z"}
{"level":"info","message":"Incoming request: GET /api/permis","timestamp":"2026-06-01T13:59:50.269Z"}
{"level":"info","message":"Incoming request: GET /api/user","timestamp":"2026-06-01T13:59:54.165Z"}
{"level":"info","message":"Incoming request: GET /api/permis","timestamp":"2026-06-01T13:59:54.173Z"}
{"level":"info","message":"Incoming request: GET /api/tipusPermisos","timestamp":"2026-06-01T13:59:54.183Z"}
{"level":"error","message":"Error obtenint tipus permisos: Cannot read properties of undefined (reading 'seedIfEmpty')","timestamp":"2026-06-01T13:59:54.187Z"}
{"level":"info","message":"Incoming request: POST /api/logs","timestamp":"2026-06-01T13:59:54.230Z"}
{"details":{"error":{},"headers":{"lazyUpdate":null,"normalizedNames":{}},"message":"Http failure response for http://localhost:5100/api/tipusPermisos: 500 Internal Server Error","name":"HttpErrorResponse","ok":false,"status":500,"statusText":"Internal Server Error","url":"http://localhost:5100/api/tipusPermisos"},"level":"error","message":"[FRONTEND] Error loading tipus permisos","timestamp":"2026-06-01T13:59:54.232Z"}
{"level":"info","message":"Incoming request: GET /api/user","timestamp":"2026-06-01T14:00:05.129Z"}
{"level":"info","message":"Incoming request: GET /api/permis","timestamp":"2026-06-01T14:00:05.132Z"}
{"level":"info","message":"Incoming request: GET /api/tipusPermisos","timestamp":"2026-06-01T14:00:05.135Z"}
{"level":"error","message":"Error obtenint tipus permisos: Cannot read properties of undefined (reading 'seedIfEmpty')","timestamp":"2026-06-01T14:00:05.136Z"}
{"level":"info","message":"Incoming request: POST /api/logs","timestamp":"2026-06-01T14:00:05.174Z"}
{"details":{"error":{},"headers":{"lazyUpdate":null,"normalizedNames":{}},"message":"Http failure response for http://localhost:5100/api/tipusPermisos: 500 Internal Server Error","name":"HttpErrorResponse","ok":false,"status":500,"statusText":"Internal Server Error","url":"http://localhost:5100/api/tipusPermisos"},"level":"error","message":"[FRONTEND] Error loading tipus permisos","timestamp":"2026-06-01T14:00:05.174Z"}
{"level":"info","message":"Incoming request: GET /api/user","timestamp":"2026-06-01T14:00:56.152Z"}
{"level":"info","message":"Incoming request: GET /api/permis","timestamp":"2026-06-01T14:00:56.155Z"}
{"level":"info","message":"Incoming request: GET /api/tipusPermisos","timestamp":"2026-06-01T14:00:56.158Z"}
{"level":"error","message":"Error obtenint tipus permisos: Cannot read properties of undefined (reading 'seedIfEmpty')","timestamp":"2026-06-01T14:00:56.159Z"}
{"level":"info","message":"Incoming request: POST /api/logs","timestamp":"2026-06-01T14:00:56.194Z"}
{"details":{"error":{},"headers":{"lazyUpdate":null,"normalizedNames":{}},"message":"Http failure response for http://localhost:5100/api/tipusPermisos: 500 Internal Server Error","name":"HttpErrorResponse","ok":false,"status":500,"statusText":"Internal Server Error","url":"http://localhost:5100/api/tipusPermisos"},"level":"error","message":"[FRONTEND] Error loading tipus permisos","timestamp":"2026-06-01T14:00:56.195Z"}
{"level":"info","message":"Incoming request: GET /api/user","timestamp":"2026-06-01T14:01:00.192Z"}
{"level":"info","message":"Incoming request: GET /api/permis","timestamp":"2026-06-01T14:01:00.194Z"}
{"level":"info","message":"Incoming request: GET /api/tipusPermisos","timestamp":"2026-06-01T14:01:00.197Z"}
{"level":"error","message":"Error obtenint tipus permisos: Cannot read properties of undefined (reading 'seedIfEmpty')","timestamp":"2026-06-01T14:01:00.198Z"}
{"level":"info","message":"Incoming request: POST /api/logs","timestamp":"2026-06-01T14:01:00.212Z"}
{"details":{"error":{},"headers":{"lazyUpdate":null,"normalizedNames":{}},"message":"Http failure response for http://localhost:5100/api/tipusPermisos: 500 Internal Server Error","name":"HttpErrorResponse","ok":false,"status":500,"statusText":"Internal Server Error","url":"http://localhost:5100/api/tipusPermisos"},"level":"error","message":"[FRONTEND] Error loading tipus permisos","timestamp":"2026-06-01T14:01:00.213Z"}
{"level":"info","message":"Login correcto: testuser","timestamp":"2026-06-01T14:01:06.414Z"}
{"level":"warn","message":"Login fallido: usuario no encontrado nonexistent","timestamp":"2026-06-01T14:01:06.430Z"}
{"level":"warn","message":"Login fallido: contraseña incorrecta para testuser","timestamp":"2026-06-01T14:01:06.440Z"}
{"level":"info","message":"Incoming request: GET /api/user","timestamp":"2026-06-01T14:04:04.161Z"}
{"level":"info","message":"Incoming request: GET /api/permis","timestamp":"2026-06-01T14:04:04.170Z"}
{"level":"info","message":"Incoming request: GET /api/tipusPermisos","timestamp":"2026-06-01T14:04:04.174Z"}
{"level":"error","message":"Error obtenint tipus permisos: Cannot read properties of undefined (reading 'seedIfEmpty')","timestamp":"2026-06-01T14:04:04.174Z"}
{"level":"info","message":"Incoming request: POST /api/logs","timestamp":"2026-06-01T14:04:04.250Z"}
{"details":{"error":{"isTrusted":true},"headers":{"headers":{},"lazyUpdate":null,"normalizedNames":{}},"message":"Http failure response for http://localhost:5100/api/tipusPermisos: 0 Unknown Error","name":"HttpErrorResponse","ok":false,"status":0,"statusText":"Unknown Error","url":"http://localhost:5100/api/tipusPermisos"},"level":"error","message":"[FRONTEND] Error loading tipus permisos","timestamp":"2026-06-01T14:04:04.250Z"}
{"level":"info","message":"Incoming request: POST /api/logs","timestamp":"2026-06-01T14:04:04.274Z"}
{"details":{"error":{"isTrusted":true},"headers":{"headers":{},"lazyUpdate":null,"normalizedNames":{}},"message":"Http failure response for http://localhost:5100/api/user: 0 Unknown Error","name":"HttpErrorResponse","ok":false,"status":0,"statusText":"Unknown Error","url":"http://localhost:5100/api/user"},"level":"error","message":"[FRONTEND] Error loading users","timestamp":"2026-06-01T14:04:04.275Z"}
{"level":"info","message":"Incoming request: POST /api/logs","timestamp":"2026-06-01T14:04:04.468Z"}
{"details":{"error":{"isTrusted":true},"headers":{"headers":{},"lazyUpdate":null,"normalizedNames":{}},"message":"Http failure response for http://localhost:5100/api/permis: 0 Unknown Error","name":"HttpErrorResponse","ok":false,"status":0,"statusText":"Unknown Error","url":"http://localhost:5100/api/permis"},"level":"error","message":"[FRONTEND] Error loading permisos","timestamp":"2026-06-01T14:04:04.469Z"}
{"level":"info","message":"Incoming request: GET /api/user","timestamp":"2026-06-01T14:04:09.107Z"}
{"level":"info","message":"Incoming request: GET /api/permis","timestamp":"2026-06-01T14:04:09.109Z"}
{"level":"info","message":"Incoming request: GET /api/tipusPermisos","timestamp":"2026-06-01T14:04:09.111Z"}
{"level":"error","message":"Error obtenint tipus permisos: Cannot read properties of undefined (reading 'seedIfEmpty')","timestamp":"2026-06-01T14:04:09.112Z"}
{"level":"info","message":"Incoming request: POST /api/logs","timestamp":"2026-06-01T14:04:09.124Z"}
{"details":{"error":{},"headers":{"lazyUpdate":null,"normalizedNames":{}},"message":"Http failure response for http://localhost:5100/api/tipusPermisos: 500 Internal Server Error","name":"HttpErrorResponse","ok":false,"status":500,"statusText":"Internal Server Error","url":"http://localhost:5100/api/tipusPermisos"},"level":"error","message":"[FRONTEND] Error loading tipus permisos","timestamp":"2026-06-01T14:04:09.125Z"}
{"level":"info","message":"Incoming request: GET /api/user","timestamp":"2026-06-01T14:04:16.218Z"}
{"level":"info","message":"Incoming request: GET /api/permis","timestamp":"2026-06-01T14:04:16.224Z"}
{"level":"info","message":"Incoming request: GET /api/tipusPermisos","timestamp":"2026-06-01T14:04:16.227Z"}
{"level":"error","message":"Error obtenint tipus permisos: Cannot read properties of undefined (reading 'seedIfEmpty')","timestamp":"2026-06-01T14:04:16.228Z"}
{"level":"info","message":"Incoming request: POST /api/logs","timestamp":"2026-06-01T14:04:16.277Z"}
{"details":{"error":{},"headers":{"lazyUpdate":null,"normalizedNames":{}},"message":"Http failure response for http://localhost:5100/api/tipusPermisos: 500 Internal Server Error","name":"HttpErrorResponse","ok":false,"status":500,"statusText":"Internal Server Error","url":"http://localhost:5100/api/tipusPermisos"},"level":"error","message":"[FRONTEND] Error loading tipus permisos","timestamp":"2026-06-01T14:04:16.278Z"}
{"level":"info","message":"Servidor corriendose en el puerto 5100","timestamp":"2026-06-01T14:04:21.125Z"}
{"level":"info","message":"Login correcto: testuser","timestamp":"2026-06-01T14:04:26.777Z"}
{"level":"warn","message":"Login fallido: usuario no encontrado nonexistent","timestamp":"2026-06-01T14:04:26.791Z"}
{"level":"warn","message":"Login fallido: contraseña incorrecta para testuser","timestamp":"2026-06-01T14:04:26.796Z"}
{"level":"info","message":"Incoming request: POST /api/logout","timestamp":"2026-06-01T14:06:27.066Z"}
{"level":"info","message":"Incoming request: POST /api/login","timestamp":"2026-06-01T14:06:38.458Z"}
{"level":"warn","message":"Login fallido: contraseña incorrecta para Miniboo","timestamp":"2026-06-01T14:06:38.795Z"}
{"level":"info","message":"Incoming request: POST /api/logs","timestamp":"2026-06-01T14:06:40.493Z"}
{"details":{"error":{"msg":"Usuari o contrasenya incorrectes, queden 2 intents","ok":false},"headers":{"lazyUpdate":null,"normalizedNames":{}},"message":"Http failure response for http://localhost:5100/api/login: 401 Unauthorized","name":"HttpErrorResponse","ok":false,"status":401,"statusText":"Unauthorized","url":"http://localhost:5100/api/login"},"level":"error","message":"[FRONTEND] Login error","timestamp":"2026-06-01T14:06:40.495Z"}
{"level":"info","message":"Incoming request: POST /api/login","timestamp":"2026-06-01T14:06:42.674Z"}
{"level":"info","message":"Login correcto: Miniboo","timestamp":"2026-06-01T14:06:42.936Z"}
{"level":"info","message":"Incoming request: GET /api/dashboard","timestamp":"2026-06-01T14:06:43.010Z"}
{"level":"info","message":"Incoming request: GET /api/user","timestamp":"2026-06-01T14:09:43.347Z"}
{"level":"info","message":"Incoming request: GET /api/permis","timestamp":"2026-06-01T14:09:43.354Z"}
{"level":"info","message":"Incoming request: GET /api/tipusPermisos","timestamp":"2026-06-01T14:09:43.361Z"}
{"level":"error","message":"Error obtenint tipus permisos: Cannot read properties of undefined (reading 'seedIfEmpty')","timestamp":"2026-06-01T14:09:43.363Z"}
{"level":"info","message":"Incoming request: POST /api/logs","timestamp":"2026-06-01T14:09:43.406Z"}
{"details":{"error":{},"headers":{"lazyUpdate":null,"normalizedNames":{}},"message":"Http failure response for http://localhost:5100/api/tipusPermisos: 500 Internal Server Error","name":"HttpErrorResponse","ok":false,"status":500,"statusText":"Internal Server Error","url":"http://localhost:5100/api/tipusPermisos"},"level":"error","message":"[FRONTEND] Error loading tipus permisos","timestamp":"2026-06-01T14:09:43.407Z"}
{"level":"info","message":"Incoming request: GET /api/user","timestamp":"2026-06-01T14:10:36.233Z"}
{"level":"info","message":"Incoming request: GET /api/user","timestamp":"2026-06-01T14:10:41.850Z"}
{"level":"info","message":"Incoming request: GET /api/permis","timestamp":"2026-06-01T14:10:41.857Z"}
{"level":"info","message":"Incoming request: GET /api/tipusPermisos","timestamp":"2026-06-01T14:10:41.863Z"}
{"level":"error","message":"Error obtenint tipus permisos: Cannot read properties of undefined (reading 'seedIfEmpty')","timestamp":"2026-06-01T14:10:41.864Z"}
{"level":"info","message":"Incoming request: POST /api/logs","timestamp":"2026-06-01T14:10:41.893Z"}
{"details":{"error":{},"headers":{"lazyUpdate":null,"normalizedNames":{}},"message":"Http failure response for http://localhost:5100/api/tipusPermisos: 500 Internal Server Error","name":"HttpErrorResponse","ok":false,"status":500,"statusText":"Internal Server Error","url":"http://localhost:5100/api/tipusPermisos"},"level":"error","message":"[FRONTEND] Error loading tipus permisos","timestamp":"2026-06-01T14:10:41.894Z"}
{"level":"info","message":"Servidor corriendose en el puerto 5100","timestamp":"2026-06-01T14:13:13.146Z"}
{"level":"info","message":"Incoming request: GET /api/user","timestamp":"2026-06-01T14:13:22.668Z"}
{"level":"info","message":"Incoming request: GET /api/permis","timestamp":"2026-06-01T14:13:22.688Z"}
{"level":"info","message":"Incoming request: GET /api/tipusPermisos","timestamp":"2026-06-01T14:13:22.695Z"}
{"level":"error","message":"Error obtenint tipus permisos: Cannot read properties of undefined (reading 'seedIfEmpty')","timestamp":"2026-06-01T14:13:22.698Z"}
{"level":"info","message":"Incoming request: POST /api/renewToken","timestamp":"2026-06-01T14:13:22.769Z"}
{"level":"info","message":"Incoming request: POST /api/renewToken","timestamp":"2026-06-01T14:13:22.792Z"}
{"level":"info","message":"Incoming request: POST /api/logs","timestamp":"2026-06-01T14:13:22.797Z"}
{"details":{"error":{},"headers":{"lazyUpdate":null,"normalizedNames":{}},"message":"Http failure response for http://localhost:5100/api/tipusPermisos: 500 Internal Server Error","name":"HttpErrorResponse","ok":false,"status":500,"statusText":"Internal Server Error","url":"http://localhost:5100/api/tipusPermisos"},"level":"error","message":"[FRONTEND] Error loading tipus permisos","timestamp":"2026-06-01T14:13:22.801Z"}
{"level":"info","message":"Incoming request: GET /api/user","timestamp":"2026-06-01T14:13:22.842Z"}
{"level":"info","message":"Incoming request: GET /api/permis","timestamp":"2026-06-01T14:13:22.848Z"}
{"level":"info","message":"Servidor corriendose en el puerto 5100","timestamp":"2026-06-01T14:15:43.008Z"}
{"level":"info","message":"Servidor corriendose en el puerto 5100","timestamp":"2026-06-01T14:15:48.298Z"}
{"level":"info","message":"Incoming request: GET /api/user","timestamp":"2026-06-01T14:15:59.135Z"}
{"level":"info","message":"Incoming request: GET /api/permis","timestamp":"2026-06-01T14:15:59.171Z"}
{"level":"info","message":"Incoming request: GET /api/tipusPermisos","timestamp":"2026-06-01T14:15:59.190Z"}
{"level":"info","message":"Tipus de permisos per defecte insertats","timestamp":"2026-06-01T14:15:59.579Z"}
{"level":"info","message":"Incoming request: PUT /api/permis/6a01e8b2553b31345ed02844","timestamp":"2026-06-01T14:16:51.423Z"}
{"level":"info","message":"Permiso 6a01e8b2553b31345ed02844 updated to status aprovat","timestamp":"2026-06-01T14:16:51.478Z"}
{"level":"info","message":"Incoming request: GET /api/permis","timestamp":"2026-06-01T14:16:51.487Z"}
{"level":"info","message":"Incoming request: GET /api/user","timestamp":"2026-06-01T14:18:36.938Z"}
{"level":"info","message":"Incoming request: GET /api/user","timestamp":"2026-06-01T14:19:30.159Z"}
{"level":"info","message":"Incoming request: GET /api/permis","timestamp":"2026-06-01T14:19:30.163Z"}
{"level":"info","message":"Incoming request: GET /api/tipusPermisos","timestamp":"2026-06-01T14:19:30.166Z"}
{"level":"info","message":"Incoming request: GET /api/user","timestamp":"2026-06-01T14:20:27.093Z"}
{"level":"info","message":"Incoming request: GET /api/permis","timestamp":"2026-06-01T14:20:27.098Z"}
{"level":"info","message":"Incoming request: GET /api/tipusPermisos","timestamp":"2026-06-01T14:20:27.101Z"}
{"level":"info","message":"Incoming request: GET /api/user","timestamp":"2026-06-01T14:20:56.033Z"}
{"level":"info","message":"Incoming request: GET /api/permis","timestamp":"2026-06-01T14:20:56.036Z"}
{"level":"info","message":"Incoming request: GET /api/tipusPermisos","timestamp":"2026-06-01T14:20:56.039Z"}
{"level":"info","message":"Incoming request: GET /api/user","timestamp":"2026-06-01T14:21:02.059Z"}
{"level":"info","message":"Incoming request: GET /api/permis","timestamp":"2026-06-01T14:21:02.062Z"}
{"level":"info","message":"Incoming request: GET /api/tipusPermisos","timestamp":"2026-06-01T14:21:02.064Z"}
{"level":"info","message":"Incoming request: GET /api/user","timestamp":"2026-06-01T14:21:10.027Z"}
{"level":"info","message":"Incoming request: GET /api/permis","timestamp":"2026-06-01T14:21:10.031Z"}
{"level":"info","message":"Incoming request: GET /api/tipusPermisos","timestamp":"2026-06-01T14:21:10.033Z"}
{"level":"info","message":"Incoming request: GET /api/user","timestamp":"2026-06-01T14:21:40.217Z"}
{"level":"info","message":"Incoming request: GET /api/permis","timestamp":"2026-06-01T14:21:40.220Z"}
{"level":"info","message":"Incoming request: GET /api/tipusPermisos","timestamp":"2026-06-01T14:21:40.224Z"}
{"level":"info","message":"Incoming request: GET /api/user","timestamp":"2026-06-01T14:22:07.546Z"}
{"level":"info","message":"Incoming request: GET /api/permis","timestamp":"2026-06-01T14:22:07.550Z"}
{"level":"info","message":"Incoming request: GET /api/tipusPermisos","timestamp":"2026-06-01T14:22:07.554Z"}
{"level":"info","message":"Login correcto: testuser","timestamp":"2026-06-01T14:22:24.305Z"}
{"level":"warn","message":"Login fallido: usuario no encontrado nonexistent","timestamp":"2026-06-01T14:22:24.317Z"}
{"level":"warn","message":"Login fallido: contraseña incorrecta para testuser","timestamp":"2026-06-01T14:22:24.323Z"}
{"level":"info","message":"Incoming request: GET /api/user","timestamp":"2026-06-01T14:22:51.421Z"}
{"level":"info","message":"Incoming request: GET /api/user","timestamp":"2026-06-01T14:23:45.099Z"}
{"level":"info","message":"Incoming request: GET /api/permis","timestamp":"2026-06-01T14:23:45.102Z"}
{"level":"info","message":"Incoming request: GET /api/tipusPermisos","timestamp":"2026-06-01T14:23:45.105Z"}
{"level":"info","message":"Incoming request: GET /api/user","timestamp":"2026-06-01T14:26:56.796Z"}
{"level":"info","message":"Incoming request: GET /api/permis","timestamp":"2026-06-01T14:26:56.803Z"}
{"level":"info","message":"Incoming request: GET /api/tipusPermisos","timestamp":"2026-06-01T14:26:56.806Z"}
{"level":"info","message":"Incoming request: GET /api/user","timestamp":"2026-06-01T14:29:23.352Z"}
{"level":"info","message":"Incoming request: POST /api/renewToken","timestamp":"2026-06-01T14:29:23.376Z"}
{"level":"info","message":"Incoming request: GET /api/user","timestamp":"2026-06-01T14:29:23.417Z"}
{"level":"info","message":"Incoming request: POST /api/logout","timestamp":"2026-06-01T14:29:36.694Z"}
{"level":"info","message":"Incoming request: POST /api/login","timestamp":"2026-06-01T14:29:41.826Z"}
{"level":"info","message":"Login correcto: joel","timestamp":"2026-06-01T14:29:42.115Z"}
{"level":"info","message":"Incoming request: POST /api/changePassword","timestamp":"2026-06-01T14:29:45.705Z"}
{"level":"info","message":"Contrasenya canviada per usuari: 69fb50e433e6323e7080c7f0","timestamp":"2026-06-01T14:29:45.946Z"}
{"level":"info","message":"Incoming request: GET /api/permis/69fb50e433e6323e7080c7f0","timestamp":"2026-06-01T14:29:46.012Z"}
{"level":"info","message":"Incoming request: GET /api/tipusPermisos","timestamp":"2026-06-01T14:29:46.018Z"}
{"level":"info","message":"Incoming request: GET /api/permis/69fb50e433e6323e7080c7f0","timestamp":"2026-06-01T14:32:54.091Z"}
{"level":"info","message":"Incoming request: GET /api/tipusPermisos","timestamp":"2026-06-01T14:32:54.098Z"}
{"level":"info","message":"Incoming request: GET /api/permis/69fb50e433e6323e7080c7f0","timestamp":"2026-06-01T14:33:55.950Z"}
{"level":"info","message":"Incoming request: GET /api/permis/69fb50e433e6323e7080c7f0","timestamp":"2026-06-01T14:34:02.031Z"}
{"level":"info","message":"Incoming request: GET /api/tipusPermisos","timestamp":"2026-06-01T14:34:40.601Z"}
{"level":"info","message":"Incoming request: GET /api/permis/69fb50e433e6323e7080c7f0","timestamp":"2026-06-01T14:34:40.603Z"}
{"level":"info","message":"Incoming request: GET /api/permis/69fb50e433e6323e7080c7f0","timestamp":"2026-06-01T14:34:45.517Z"}
{"level":"info","message":"Incoming request: POST /api/renewToken","timestamp":"2026-06-01T14:34:45.542Z"}
{"level":"info","message":"Incoming request: GET /api/permis/69fb50e433e6323e7080c7f0","timestamp":"2026-06-01T14:34:45.631Z"}
{"level":"info","message":"Incoming request: POST /api/logout","timestamp":"2026-06-01T14:34:52.545Z"}
{"level":"info","message":"Incoming request: POST /api/login","timestamp":"2026-06-01T14:34:57.091Z"}
{"level":"info","message":"Login correcto: Miniboo","timestamp":"2026-06-01T14:34:57.334Z"}
{"level":"info","message":"Incoming request: GET /api/dashboard","timestamp":"2026-06-01T14:34:57.389Z"}
{"level":"info","message":"Incoming request: GET /api/tipusPermisos","timestamp":"2026-06-01T14:34:58.272Z"}
{"level":"info","message":"Incoming request: GET /api/permis","timestamp":"2026-06-01T14:34:58.276Z"}
{"level":"info","message":"Incoming request: GET /api/user","timestamp":"2026-06-01T14:34:58.279Z"}
{"level":"info","message":"Incoming request: POST /api/logout","timestamp":"2026-06-01T14:35:01.864Z"}
{"level":"info","message":"Incoming request: POST /api/login","timestamp":"2026-06-01T14:35:08.781Z"}
{"level":"info","message":"Login correcto: joel","timestamp":"2026-06-01T14:35:09.063Z"}
{"level":"info","message":"Incoming request: GET /api/permis/69fb50e433e6323e7080c7f0","timestamp":"2026-06-01T14:35:09.119Z"}
{"level":"info","message":"Incoming request: GET /api/tipusPermisos","timestamp":"2026-06-01T14:35:10.055Z"}
{"level":"info","message":"Incoming request: GET /api/permis/69fb50e433e6323e7080c7f0","timestamp":"2026-06-01T14:35:10.060Z"}
{"level":"info","message":"Incoming request: GET /api/permis/69fb50e433e6323e7080c7f0","timestamp":"2026-06-01T14:35:31.966Z"}
{"level":"info","message":"Incoming request: POST /api/logout","timestamp":"2026-06-01T14:36:40.310Z"}
{"level":"info","message":"Incoming request: POST /api/login","timestamp":"2026-06-01T14:36:53.204Z"}
{"level":"info","message":"Login correcto: joel","timestamp":"2026-06-01T14:36:53.515Z"}
{"level":"info","message":"Incoming request: GET /api/permis/69fb50e433e6323e7080c7f0","timestamp":"2026-06-01T14:36:53.573Z"}
{"level":"info","message":"Incoming request: GET /api/permis/69fb50e433e6323e7080c7f0","timestamp":"2026-06-01T14:37:32.367Z"}
{"level":"info","message":"Incoming request: GET /api/permis/69fb50e433e6323e7080c7f0","timestamp":"2026-06-01T14:37:38.265Z"}
{"level":"info","message":"Incoming request: GET /api/permis/69fb50e433e6323e7080c7f0","timestamp":"2026-06-01T14:38:27.206Z"}
{"level":"info","message":"Incoming request: GET /api/tipusPermisos","timestamp":"2026-06-01T14:38:39.943Z"}
{"level":"info","message":"Incoming request: GET /api/permis/69fb50e433e6323e7080c7f0","timestamp":"2026-06-01T14:38:39.945Z"}
{"level":"info","message":"Incoming request: GET /api/tipusPermisos","timestamp":"2026-06-01T14:40:00.103Z"}
{"level":"info","message":"Incoming request: GET /api/permis/69fb50e433e6323e7080c7f0","timestamp":"2026-06-01T14:40:00.105Z"}
{"level":"info","message":"Incoming request: POST /api/logs","timestamp":"2026-06-01T14:40:00.201Z"}
{"details":{"error":{"isTrusted":true},"headers":{"headers":{},"lazyUpdate":null,"normalizedNames":{}},"message":"Http failure response for http://localhost:5100/api/tipusPermisos: 0 Unknown Error","name":"HttpErrorResponse","ok":false,"status":0,"statusText":"Unknown Error","url":"http://localhost:5100/api/tipusPermisos"},"level":"error","message":"[FRONTEND] Error loading tipus permisos","timestamp":"2026-06-01T14:40:00.203Z"}
{"level":"info","message":"Incoming request: POST /api/logs","timestamp":"2026-06-01T14:40:00.214Z"}
{"details":{"error":{"isTrusted":true},"headers":{"headers":{},"lazyUpdate":null,"normalizedNames":{}},"message":"Http failure response for http://localhost:5100/api/permis/69fb50e433e6323e7080c7f0: 0 Unknown Error","name":"HttpErrorResponse","ok":false,"status":0,"statusText":"Unknown Error","url":"http://localhost:5100/api/permis/69fb50e433e6323e7080c7f0"},"level":"error","message":"[FRONTEND] Error loading permissions","timestamp":"2026-06-01T14:40:00.215Z"}
{"level":"info","message":"Incoming request: GET /api/tipusPermisos","timestamp":"2026-06-01T14:40:07.105Z"}
{"level":"info","message":"Incoming request: GET /api/permis/69fb50e433e6323e7080c7f0","timestamp":"2026-06-01T14:40:07.107Z"}
{"level":"info","message":"Incoming request: POST /api/logout","timestamp":"2026-06-01T14:40:30.999Z"}
{"level":"info","message":"Incoming request: POST /api/login","timestamp":"2026-06-01T14:40:45.413Z"}
{"level":"warn","message":"Login fallido: contraseña incorrecta para joel","timestamp":"2026-06-01T14:40:45.703Z"}
{"level":"info","message":"Incoming request: POST /api/logs","timestamp":"2026-06-01T14:40:47.079Z"}
{"details":{"error":{"msg":"Usuari o contrasenya incorrectes, queden 2 intents","ok":false},"headers":{"lazyUpdate":null,"normalizedNames":{}},"message":"Http failure response for http://localhost:5100/api/login: 401 Unauthorized","name":"HttpErrorResponse","ok":false,"status":401,"statusText":"Unauthorized","url":"http://localhost:5100/api/login"},"level":"error","message":"[FRONTEND] Login error","timestamp":"2026-06-01T14:40:47.080Z"}
{"level":"info","message":"Incoming request: POST /api/login","timestamp":"2026-06-01T14:40:49.375Z"}
{"level":"info","message":"Login correcto: joel","timestamp":"2026-06-01T14:40:49.619Z"}
{"level":"info","message":"Incoming request: GET /api/permis/69fb50e433e6323e7080c7f0","timestamp":"2026-06-01T14:40:49.672Z"}
{"level":"info","message":"Incoming request: GET /api/tipusPermisos","timestamp":"2026-06-01T14:40:52.627Z"}
{"level":"info","message":"Incoming request: GET /api/permis/69fb50e433e6323e7080c7f0","timestamp":"2026-06-01T14:40:52.631Z"}
{"level":"info","message":"Incoming request: GET /api/tipusPermisos","timestamp":"2026-06-01T14:40:57.045Z"}
{"level":"info","message":"Incoming request: GET /api/permis/69fb50e433e6323e7080c7f0","timestamp":"2026-06-01T14:40:57.051Z"}
{"level":"info","message":"Incoming request: GET /api/permis/69fb50e433e6323e7080c7f0","timestamp":"2026-06-01T14:40:59.438Z"}
{"level":"info","message":"Incoming request: GET /api/tipusPermisos","timestamp":"2026-06-01T14:41:01.166Z"}
{"level":"info","message":"Incoming request: GET /api/permis/69fb50e433e6323e7080c7f0","timestamp":"2026-06-01T14:41:01.171Z"}
{"level":"info","message":"Incoming request: POST /api/logout","timestamp":"2026-06-01T14:41:03.472Z"}
{"level":"info","message":"Incoming request: POST /api/login","timestamp":"2026-06-01T14:41:15.172Z"}
{"level":"info","message":"Login correcto: Miniboo","timestamp":"2026-06-01T14:41:15.367Z"}
{"level":"info","message":"Incoming request: GET /api/dashboard","timestamp":"2026-06-01T14:41:15.401Z"}
{"level":"info","message":"Incoming request: GET /api/tipusPermisos","timestamp":"2026-06-01T14:41:16.229Z"}
{"level":"info","message":"Incoming request: GET /api/user","timestamp":"2026-06-01T14:41:16.235Z"}
{"level":"info","message":"Incoming request: GET /api/permis","timestamp":"2026-06-01T14:41:16.245Z"}
{"level":"info","message":"Incoming request: GET /api/user","timestamp":"2026-06-01T14:41:17.291Z"}
{"level":"info","message":"Incoming request: GET /api/tipusPermisos","timestamp":"2026-06-01T14:41:18.387Z"}
{"level":"info","message":"Incoming request: GET /api/user","timestamp":"2026-06-01T14:41:18.393Z"}
{"level":"info","message":"Incoming request: GET /api/permis","timestamp":"2026-06-01T14:41:18.400Z"}
{"level":"info","message":"Incoming request: GET /api/user","timestamp":"2026-06-01T14:41:20.897Z"}
{"level":"info","message":"Incoming request: POST /api/logout","timestamp":"2026-06-01T14:41:22.793Z"}
{"level":"info","message":"Incoming request: POST /api/login","timestamp":"2026-06-01T14:41:27.404Z"}
{"level":"info","message":"Login correcto: joel","timestamp":"2026-06-01T14:41:27.639Z"}
{"level":"info","message":"Incoming request: GET /api/permis/69fb50e433e6323e7080c7f0","timestamp":"2026-06-01T14:41:27.708Z"}
{"level":"info","message":"Incoming request: GET /api/tipusPermisos","timestamp":"2026-06-01T14:41:29.173Z"}
{"level":"info","message":"Incoming request: GET /api/permis/69fb50e433e6323e7080c7f0","timestamp":"2026-06-01T14:41:29.175Z"}
{"level":"info","message":"Incoming request: GET /api/tipusPermisos","timestamp":"2026-06-01T14:43:33.917Z"}
{"level":"info","message":"Incoming request: GET /api/permis/69fb50e433e6323e7080c7f0","timestamp":"2026-06-01T14:43:33.931Z"}
{"level":"info","message":"Incoming request: POST /api/logs","timestamp":"2026-06-01T14:43:34.023Z"}
{"details":{"error":{"isTrusted":true},"headers":{"headers":{},"lazyUpdate":null,"normalizedNames":{}},"message":"Http failure response for http://localhost:5100/api/tipusPermisos: 0 Unknown Error","name":"HttpErrorResponse","ok":false,"status":0,"statusText":"Unknown Error","url":"http://localhost:5100/api/tipusPermisos"},"level":"error","message":"[FRONTEND] Error loading tipus permisos","timestamp":"2026-06-01T14:43:34.023Z"}
{"level":"info","message":"Incoming request: POST /api/logs","timestamp":"2026-06-01T14:43:34.078Z"}
{"details":{"error":{"isTrusted":true},"headers":{"headers":{},"lazyUpdate":null,"normalizedNames":{}},"message":"Http failure response for http://localhost:5100/api/permis/69fb50e433e6323e7080c7f0: 0 Unknown Error","name":"HttpErrorResponse","ok":false,"status":0,"statusText":"Unknown Error","url":"http://localhost:5100/api/permis/69fb50e433e6323e7080c7f0"},"level":"error","message":"[FRONTEND] Error loading permissions","timestamp":"2026-06-01T14:43:34.078Z"}
{"level":"info","message":"Incoming request: GET /api/tipusPermisos","timestamp":"2026-06-01T14:43:55.083Z"}
{"level":"info","message":"Incoming request: GET /api/permis/69fb50e433e6323e7080c7f0","timestamp":"2026-06-01T14:43:55.086Z"}
{"level":"info","message":"Incoming request: POST /api/logout","timestamp":"2026-06-01T14:44:11.391Z"}
{"level":"info","message":"Incoming request: POST /api/login","timestamp":"2026-06-01T14:44:17.332Z"}
{"level":"info","message":"Login correcto: Miniboo","timestamp":"2026-06-01T14:44:17.585Z"}
{"level":"info","message":"Incoming request: GET /api/dashboard","timestamp":"2026-06-01T14:44:17.636Z"}
{"level":"info","message":"Incoming request: GET /api/user","timestamp":"2026-06-01T14:44:18.885Z"}
{"level":"info","message":"Incoming request: POST /api/logout","timestamp":"2026-06-01T14:44:21.791Z"}
{"level":"info","message":"Servidor corriendose en el puerto 5100","timestamp":"2026-06-01T14:45:40.259Z"}
{"level":"info","message":"Servidor corriendose en el puerto 5100","timestamp":"2026-06-01T14:45:41.119Z"}
{"level":"info","message":"Servidor corriendose en el puerto 5100","timestamp":"2026-06-01T14:46:58.017Z"}
{"level":"info","message":"Servidor corriendose en el puerto 5100","timestamp":"2026-06-01T14:47:04.003Z"}
{"level":"info","message":"Servidor corriendose en el puerto 5100","timestamp":"2026-06-01T14:47:05.888Z"}
{"level":"info","message":"Servidor corriendose en el puerto 5100","timestamp":"2026-06-01T14:47:07.245Z"}
=======
>>>>>>> a9a9a7936e0c00ed670b7fb3c32f95d0500d4e68
{"level":"info","message":"Servidor corriendose en el puerto 5100","timestamp":"2026-05-18T14:51:38.100Z"}
{"level":"info","message":"Incoming request: POST /api/login","timestamp":"2026-05-18T14:56:39.195Z"}
{"level":"warn","message":"Login fallido: contraseña incorrecta para Miniboo","timestamp":"2026-05-18T14:56:39.380Z"}
{"level":"info","message":"Incoming request: POST /api/logs","timestamp":"2026-05-18T14:56:39.392Z"}
{"details":{"error":{"intentosRestantes":2,"msg":"Usuari o contrasenya incorrectes, queden 2 intents","ok":false},"headers":{"lazyUpdate":null,"normalizedNames":{}},"message":"Http failure response for http://localhost:5100/api/login: 401 Unauthorized","name":"HttpErrorResponse","ok":false,"status":401,"statusText":"Unauthorized","url":"http://localhost:5100/api/login"},"level":"error","message":"[FRONTEND] Login error","timestamp":"2026-05-18T14:56:39.393Z"}
{"level":"info","message":"Servidor corriendose en el puerto 5100","timestamp":"2026-05-18T14:56:40.932Z"}
<<<<<<< HEAD
{"level":"info","message":"Servidor corriendose en el puerto 5100","timestamp":"2026-06-01T14:32:55.409Z"}
{"level":"info","message":"Servidor corriendose en el puerto 5100","timestamp":"2026-06-01T14:40:07.502Z"}
{"level":"info","message":"Incoming request: POST /api/login","timestamp":"2026-06-01T14:43:25.821Z"}
{"level":"warn","message":"Login fallido: contraseña incorrecta para Miniboo","timestamp":"2026-06-01T14:43:26.093Z"}
{"level":"info","message":"Incoming request: POST /api/logs","timestamp":"2026-06-01T14:43:26.116Z"}
{"details":{"error":{"intentosRestantes":2,"msg":"Usuari o contrasenya incorrectes, queden 2 intents","ok":false},"headers":{"lazyUpdate":null,"normalizedNames":{}},"message":"Http failure response for http://localhost:5100/api/login: 401 Unauthorized","name":"HttpErrorResponse","ok":false,"status":401,"statusText":"Unauthorized","url":"http://localhost:5100/api/login"},"level":"error","message":"[FRONTEND] Login error","timestamp":"2026-06-01T14:43:26.119Z"}
{"level":"info","message":"Servidor corriendose en el puerto 5100","timestamp":"2026-06-01T14:45:49.097Z"}
{"level":"info","message":"Login correcto: testuser","timestamp":"2026-06-01T14:49:09.259Z"}
{"level":"warn","message":"Login fallido: usuario no encontrado nonexistent","timestamp":"2026-06-01T14:49:09.289Z"}
{"level":"error","message":"Error en login para testuser: __vite_ssr_import_0__.default.getOne is not a function","timestamp":"2026-06-01T14:49:09.297Z"}
{"level":"info","message":"Login correcto: testuser","timestamp":"2026-06-01T14:50:50.962Z"}
{"level":"warn","message":"Login fallido: usuario no encontrado nonexistent","timestamp":"2026-06-01T14:50:50.981Z"}
{"level":"warn","message":"Login fallido: contraseña incorrecta para testuser","timestamp":"2026-06-01T14:50:50.988Z"}
{"level":"info","message":"Login correcto: testuser","timestamp":"2026-06-01T14:55:10.282Z"}
{"level":"warn","message":"Login fallido: usuario no encontrado nonexistent","timestamp":"2026-06-01T14:55:10.297Z"}
{"level":"warn","message":"Login fallido: contraseña incorrecta para testuser","timestamp":"2026-06-01T14:55:10.304Z"}
=======
>>>>>>> 4f1416048133267b74f61e7a4b5905e081d8a251
{"level":"info","message":"Servidor corriendose en el puerto 5100","timestamp":"2026-06-01T14:50:07.665Z"}
{"level":"info","message":"Incoming request: POST /api/login","timestamp":"2026-06-01T14:50:48.221Z"}
{"level":"info","message":"Servidor corriendose en el puerto 5100","timestamp":"2026-06-01T14:50:49.459Z"}
{"level":"info","message":"Incoming request: POST /api/logs","timestamp":"2026-06-01T14:50:49.499Z"}
{"details":{"error":{"isTrusted":true},"headers":{"headers":{},"lazyUpdate":null,"normalizedNames":{}},"message":"Http failure response for http://localhost:5100/api/login: 0 Unknown Error","name":"HttpErrorResponse","ok":false,"status":0,"statusText":"Unknown Error","url":"http://localhost:5100/api/login"},"level":"error","message":"[FRONTEND] Login error","timestamp":"2026-06-01T14:50:49.500Z"}
{"level":"info","message":"Incoming request: POST /api/login","timestamp":"2026-06-01T14:50:49.990Z"}
{"level":"info","message":"Login correcto: Miniboo","timestamp":"2026-06-01T14:50:50.232Z"}
{"level":"info","message":"Incoming request: GET /api/dashboard","timestamp":"2026-06-01T14:50:50.287Z"}
>>>>>>> 24af91f7e0487cf5d9ed6847ba1c8d6c00ccd6c8
{"level":"info","message":"Login correcto: testuser","timestamp":"2026-06-01T14:56:26.898Z"}
{"level":"warn","message":"Login fallido: usuario no encontrado nonexistent","timestamp":"2026-06-01T14:56:26.929Z"}
{"level":"warn","message":"Login fallido: contraseña incorrecta para testuser","timestamp":"2026-06-01T14:56:26.941Z"}
{"level":"info","message":"Login correcto: testuser","timestamp":"2026-06-01T14:58:29.236Z"}
{"level":"warn","message":"Login fallido: usuario no encontrado nonexistent","timestamp":"2026-06-01T14:58:29.267Z"}
{"level":"warn","message":"Login fallido: contraseña incorrecta para testuser","timestamp":"2026-06-01T14:58:29.277Z"}
{"level":"info","message":"Login correcto: testuser","timestamp":"2026-06-01T14:58:46.133Z"}
{"level":"warn","message":"Login fallido: usuario no encontrado nonexistent","timestamp":"2026-06-01T14:58:46.165Z"}
{"level":"warn","message":"Login fallido: contraseña incorrecta para testuser","timestamp":"2026-06-01T14:58:46.175Z"}
{"level":"info","message":"Login correcto: testuser","timestamp":"2026-06-01T14:58:48.381Z"}
{"level":"warn","message":"Login fallido: usuario no encontrado nonexistent","timestamp":"2026-06-01T14:58:48.401Z"}
{"level":"warn","message":"Login fallido: contraseña incorrecta para testuser","timestamp":"2026-06-01T14:58:48.410Z"}
{"level":"info","message":"Login correcto: testuser","timestamp":"2026-06-01T14:59:03.800Z"}
{"level":"warn","message":"Login fallido: usuario no encontrado nonexistent","timestamp":"2026-06-01T14:59:03.817Z"}
{"level":"warn","message":"Login fallido: contraseña incorrecta para testuser","timestamp":"2026-06-01T14:59:03.822Z"}
<<<<<<< HEAD
{"level":"info","message":"Servidor corriendose en el puerto 5100","timestamp":"2026-06-03T13:14:26.599Z"}
{"level":"info","message":"Incoming request: POST /api/login","timestamp":"2026-06-03T13:14:52.161Z"}
{"level":"info","message":"Incoming request: POST /api/login","timestamp":"2026-06-03T13:14:52.230Z"}
{"level":"error","message":"Error en login para Joel: Operation `usuarios.findOne()` buffering timed out after 10000ms","timestamp":"2026-06-03T13:15:02.220Z"}
{"level":"error","message":"Error en login para Joel: Operation `usuarios.findOne()` buffering timed out after 10000ms","timestamp":"2026-06-03T13:15:02.242Z"}
{"level":"info","message":"Incoming request: POST /api/login","timestamp":"2026-06-03T13:15:05.703Z"}
{"level":"info","message":"Incoming request: POST /api/login","timestamp":"2026-06-03T13:15:08.060Z"}
{"level":"info","message":"Incoming request: POST /api/login","timestamp":"2026-06-03T13:15:13.214Z"}
{"level":"error","message":"Error en login para Joel: Operation `usuarios.findOne()` buffering timed out after 10000ms","timestamp":"2026-06-03T13:15:15.706Z"}
{"level":"info","message":"Incoming request: POST /api/logs","timestamp":"2026-06-03T13:15:15.742Z"}
{"details":{"error":{},"headers":{"lazyUpdate":null,"normalizedNames":{}},"message":"Http failure response for http://localhost:5100/api/login: 500 Internal Server Error","name":"HttpErrorResponse","ok":false,"status":500,"statusText":"Internal Server Error","url":"http://localhost:5100/api/login"},"level":"error","message":"[FRONTEND] Login error","timestamp":"2026-06-03T13:15:15.747Z"}
{"level":"error","message":"Error en login para Joel: Operation `usuarios.findOne()` buffering timed out after 10000ms","timestamp":"2026-06-03T13:15:18.063Z"}
{"level":"info","message":"Incoming request: POST /api/logs","timestamp":"2026-06-03T13:15:18.156Z"}
{"details":{"error":{},"headers":{"lazyUpdate":null,"normalizedNames":{}},"message":"Http failure response for http://localhost:5100/api/login: 500 Internal Server Error","name":"HttpErrorResponse","ok":false,"status":500,"statusText":"Internal Server Error","url":"http://localhost:5100/api/login"},"level":"error","message":"[FRONTEND] Login error","timestamp":"2026-06-03T13:15:18.168Z"}
{"level":"info","message":"Incoming request: POST /api/login","timestamp":"2026-06-03T13:15:18.803Z"}
{"level":"info","message":"Incoming request: POST /api/login","timestamp":"2026-06-03T13:15:20.352Z"}
{"level":"error","message":"Error en login para Joel: Operation `usuarios.findOne()` buffering timed out after 10000ms","timestamp":"2026-06-03T13:15:23.220Z"}
{"level":"info","message":"Incoming request: POST /api/logs","timestamp":"2026-06-03T13:15:23.253Z"}
{"details":{"error":{},"headers":{"lazyUpdate":null,"normalizedNames":{}},"message":"Http failure response for http://localhost:5100/api/login: 500 Internal Server Error","name":"HttpErrorResponse","ok":false,"status":500,"statusText":"Internal Server Error","url":"http://localhost:5100/api/login"},"level":"error","message":"[FRONTEND] Login error","timestamp":"2026-06-03T13:15:23.254Z"}
{"level":"error","message":"Error en login para Joel: Operation `usuarios.findOne()` buffering timed out after 10000ms","timestamp":"2026-06-03T13:15:28.809Z"}
{"level":"info","message":"Incoming request: POST /api/logs","timestamp":"2026-06-03T13:15:28.840Z"}
{"details":{"error":{},"headers":{"lazyUpdate":null,"normalizedNames":{}},"message":"Http failure response for http://localhost:5100/api/login: 500 Internal Server Error","name":"HttpErrorResponse","ok":false,"status":500,"statusText":"Internal Server Error","url":"http://localhost:5100/api/login"},"level":"error","message":"[FRONTEND] Login error","timestamp":"2026-06-03T13:15:28.841Z"}
{"level":"error","message":"Error en login para Joel: Operation `usuarios.findOne()` buffering timed out after 10000ms","timestamp":"2026-06-03T13:15:30.358Z"}
{"level":"info","message":"Incoming request: POST /api/logs","timestamp":"2026-06-03T13:15:30.393Z"}
{"details":{"error":{},"headers":{"lazyUpdate":null,"normalizedNames":{}},"message":"Http failure response for http://localhost:5100/api/login: 500 Internal Server Error","name":"HttpErrorResponse","ok":false,"status":500,"statusText":"Internal Server Error","url":"http://localhost:5100/api/login"},"level":"error","message":"[FRONTEND] Login error","timestamp":"2026-06-03T13:15:30.393Z"}
{"level":"info","message":"Incoming request: POST /api/login","timestamp":"2026-06-03T13:15:33.216Z"}
{"level":"error","message":"Error en login para Joel: Operation `usuarios.findOne()` buffering timed out after 10000ms","timestamp":"2026-06-03T13:15:43.219Z"}
{"level":"info","message":"Incoming request: POST /api/logs","timestamp":"2026-06-03T13:15:43.291Z"}
{"details":{"error":{},"headers":{"lazyUpdate":null,"normalizedNames":{}},"message":"Http failure response for http://localhost:5100/api/login: 500 Internal Server Error","name":"HttpErrorResponse","ok":false,"status":500,"statusText":"Internal Server Error","url":"http://localhost:5100/api/login"},"level":"error","message":"[FRONTEND] Login error","timestamp":"2026-06-03T13:15:43.292Z"}
{"level":"info","message":"Incoming request: POST /api/login","timestamp":"2026-06-03T14:05:42.250Z"}
{"level":"error","message":"Error en login para Joel: Operation `usuarios.findOne()` buffering timed out after 10000ms","timestamp":"2026-06-03T14:05:52.267Z"}
{"level":"info","message":"Incoming request: POST /api/logs","timestamp":"2026-06-03T14:05:52.321Z"}
{"details":{"error":{},"headers":{"lazyUpdate":null,"normalizedNames":{}},"message":"Http failure response for http://localhost:5100/api/login: 500 Internal Server Error","name":"HttpErrorResponse","ok":false,"status":500,"statusText":"Internal Server Error","url":"http://localhost:5100/api/login"},"level":"error","message":"[FRONTEND] Login error","timestamp":"2026-06-03T14:05:52.321Z"}
{"level":"info","message":"Servidor corriendose en el puerto 5100","timestamp":"2026-06-03T14:08:38.624Z"}
{"level":"info","message":"Incoming request: POST /api/login","timestamp":"2026-06-03T14:08:45.743Z"}
{"level":"warn","message":"Login fallido: usuario no encontrado Joel","timestamp":"2026-06-03T14:08:45.790Z"}
{"level":"info","message":"Incoming request: POST /api/logs","timestamp":"2026-06-03T14:08:45.821Z"}
{"details":{"error":{"msg":"Usuari o contrasenya incorrectes","ok":false},"headers":{"lazyUpdate":null,"normalizedNames":{}},"message":"Http failure response for http://localhost:5100/api/login: 401 Unauthorized","name":"HttpErrorResponse","ok":false,"status":401,"statusText":"Unauthorized","url":"http://localhost:5100/api/login"},"level":"error","message":"[FRONTEND] Login error","timestamp":"2026-06-03T14:08:45.823Z"}
{"level":"info","message":"Incoming request: POST /api/login","timestamp":"2026-06-03T14:09:00.168Z"}
{"level":"warn","message":"Login fallido: usuario no encontrado Joel","timestamp":"2026-06-03T14:09:00.212Z"}
{"level":"info","message":"Incoming request: POST /api/logs","timestamp":"2026-06-03T14:09:00.243Z"}
{"details":{"error":{"msg":"Usuari o contrasenya incorrectes","ok":false},"headers":{"lazyUpdate":null,"normalizedNames":{}},"message":"Http failure response for http://localhost:5100/api/login: 401 Unauthorized","name":"HttpErrorResponse","ok":false,"status":401,"statusText":"Unauthorized","url":"http://localhost:5100/api/login"},"level":"error","message":"[FRONTEND] Login error","timestamp":"2026-06-03T14:09:00.249Z"}
{"level":"info","message":"Incoming request: POST /api/login","timestamp":"2026-06-03T14:09:08.158Z"}
{"level":"warn","message":"Login fallido: usuario no encontrado Joel","timestamp":"2026-06-03T14:09:08.193Z"}
{"level":"info","message":"Incoming request: POST /api/logs","timestamp":"2026-06-03T14:09:08.215Z"}
{"details":{"error":{"msg":"Usuari o contrasenya incorrectes","ok":false},"headers":{"lazyUpdate":null,"normalizedNames":{}},"message":"Http failure response for http://localhost:5100/api/login: 401 Unauthorized","name":"HttpErrorResponse","ok":false,"status":401,"statusText":"Unauthorized","url":"http://localhost:5100/api/login"},"level":"error","message":"[FRONTEND] Login error","timestamp":"2026-06-03T14:09:08.216Z"}
{"level":"info","message":"Incoming request: POST /api/login","timestamp":"2026-06-03T14:09:11.923Z"}
{"level":"warn","message":"Login fallido: usuario no encontrado Joel","timestamp":"2026-06-03T14:09:11.963Z"}
{"level":"info","message":"Incoming request: POST /api/logs","timestamp":"2026-06-03T14:09:11.985Z"}
{"details":{"error":{"msg":"Usuari o contrasenya incorrectes","ok":false},"headers":{"lazyUpdate":null,"normalizedNames":{}},"message":"Http failure response for http://localhost:5100/api/login: 401 Unauthorized","name":"HttpErrorResponse","ok":false,"status":401,"statusText":"Unauthorized","url":"http://localhost:5100/api/login"},"level":"error","message":"[FRONTEND] Login error","timestamp":"2026-06-03T14:09:11.987Z"}
{"level":"info","message":"Incoming request: POST /api/login","timestamp":"2026-06-03T14:09:51.511Z"}
{"level":"warn","message":"Login fallido: usuario no encontrado Joel","timestamp":"2026-06-03T14:09:51.640Z"}
{"level":"info","message":"Incoming request: POST /api/logs","timestamp":"2026-06-03T14:09:51.686Z"}
{"details":{"error":{"msg":"Usuari o contrasenya incorrectes","ok":false},"headers":{"lazyUpdate":null,"normalizedNames":{}},"message":"Http failure response for http://localhost:5100/api/login: 401 Unauthorized","name":"HttpErrorResponse","ok":false,"status":401,"statusText":"Unauthorized","url":"http://localhost:5100/api/login"},"level":"error","message":"[FRONTEND] Login error","timestamp":"2026-06-03T14:09:51.687Z"}
{"level":"info","message":"Incoming request: POST /api/login","timestamp":"2026-06-03T14:10:01.512Z"}
{"level":"warn","message":"Login fallido: contraseña incorrecta para Miniboo","timestamp":"2026-06-03T14:10:01.975Z"}
{"level":"info","message":"Incoming request: POST /api/logs","timestamp":"2026-06-03T14:10:01.999Z"}
{"details":{"error":{"msg":"Usuari o contrasenya incorrectes, queden 2 intents","ok":false},"headers":{"lazyUpdate":null,"normalizedNames":{}},"message":"Http failure response for http://localhost:5100/api/login: 401 Unauthorized","name":"HttpErrorResponse","ok":false,"status":401,"statusText":"Unauthorized","url":"http://localhost:5100/api/login"},"level":"error","message":"[FRONTEND] Login error","timestamp":"2026-06-03T14:10:02.000Z"}
{"level":"info","message":"Servidor corriendose en el puerto 5100","timestamp":"2026-06-03T14:14:10.717Z"}
{"level":"info","message":"Incoming request: POST /api/login","timestamp":"2026-06-03T14:14:15.482Z"}
{"level":"warn","message":"Login fallido: usuario no encontrado Joel","timestamp":"2026-06-03T14:14:15.523Z"}
{"level":"info","message":"Incoming request: POST /api/logs","timestamp":"2026-06-03T14:14:15.553Z"}
{"details":{"error":{"msg":"Usuari o contrasenya incorrectes","ok":false},"headers":{"lazyUpdate":null,"normalizedNames":{}},"message":"Http failure response for http://localhost:5100/api/login: 401 Unauthorized","name":"HttpErrorResponse","ok":false,"status":401,"statusText":"Unauthorized","url":"http://localhost:5100/api/login"},"level":"error","message":"[FRONTEND] Login error","timestamp":"2026-06-03T14:14:15.560Z"}
{"level":"info","message":"Incoming request: POST /api/login","timestamp":"2026-06-03T14:14:23.483Z"}
{"level":"warn","message":"Login fallido: contraseña incorrecta para Miniboo","timestamp":"2026-06-03T14:14:23.739Z"}
{"level":"info","message":"Incoming request: POST /api/logs","timestamp":"2026-06-03T14:14:23.760Z"}
{"details":{"error":{"msg":"Usuari o contrasenya incorrectes, queden 1 intents","ok":false},"headers":{"lazyUpdate":null,"normalizedNames":{}},"message":"Http failure response for http://localhost:5100/api/login: 401 Unauthorized","name":"HttpErrorResponse","ok":false,"status":401,"statusText":"Unauthorized","url":"http://localhost:5100/api/login"},"level":"error","message":"[FRONTEND] Login error","timestamp":"2026-06-03T14:14:23.763Z"}
{"level":"info","message":"Incoming request: POST /api/login","timestamp":"2026-06-03T14:15:27.738Z"}
{"level":"info","message":"Login correcto: Racso","timestamp":"2026-06-03T14:15:27.902Z"}
{"level":"info","message":"Incoming request: POST /api/changePassword","timestamp":"2026-06-03T14:15:42.317Z"}
{"level":"info","message":"Contrasenya canviada per usuari: 6a04b0e2d0555a1a11c52130","timestamp":"2026-06-03T14:15:42.450Z"}
{"level":"info","message":"Incoming request: GET /api/dashboard","timestamp":"2026-06-03T14:15:42.515Z"}
{"level":"info","message":"Incoming request: GET /api/user","timestamp":"2026-06-03T14:21:39.158Z"}
{"level":"info","message":"Incoming request: POST /api/renewToken","timestamp":"2026-06-03T14:21:39.184Z"}
{"level":"info","message":"Incoming request: GET /api/user","timestamp":"2026-06-03T14:21:39.234Z"}
{"level":"info","message":"Incoming request: GET /api/tipusPermisos","timestamp":"2026-06-03T14:21:46.568Z"}
{"level":"info","message":"Incoming request: GET /api/permis","timestamp":"2026-06-03T14:21:46.583Z"}
{"level":"info","message":"Incoming request: GET /api/user","timestamp":"2026-06-03T14:21:46.592Z"}
{"level":"info","message":"Incoming request: GET /api/dashboard","timestamp":"2026-06-03T14:21:48.349Z"}
{"level":"info","message":"Servidor corriendose en el puerto 5100","timestamp":"2026-06-03T14:31:16.374Z"}
{"level":"info","message":"Incoming request: POST /api/login","timestamp":"2026-06-03T14:31:41.715Z"}
{"level":"info","message":"Login correcto: Racso","timestamp":"2026-06-03T14:31:41.948Z"}
{"level":"info","message":"Incoming request: GET /api/dashboard","timestamp":"2026-06-03T14:31:42.031Z"}
{"level":"info","message":"Servidor corriendose en el puerto 5100","timestamp":"2026-06-03T14:32:37.125Z"}
{"level":"info","message":"Incoming request: POST /api/login","timestamp":"2026-06-03T14:33:21.894Z"}
{"level":"info","message":"Login correcto: Racso","timestamp":"2026-06-03T14:33:22.105Z"}
{"level":"info","message":"Incoming request: GET /api/dashboard","timestamp":"2026-06-03T14:33:22.160Z"}
{"level":"info","message":"Incoming request: GET /api/user","timestamp":"2026-06-03T14:33:35.991Z"}
{"level":"info","message":"Incoming request: GET /api/tipusPermisos","timestamp":"2026-06-03T14:33:52.125Z"}
{"level":"info","message":"Incoming request: GET /api/user","timestamp":"2026-06-03T14:33:52.133Z"}
{"level":"info","message":"Incoming request: GET /api/permis","timestamp":"2026-06-03T14:33:52.148Z"}
{"level":"info","message":"Incoming request: PUT /api/permis/6a04a7c7326ec346d5481967","timestamp":"2026-06-03T14:34:30.864Z"}
{"level":"info","message":"Permiso 6a04a7c7326ec346d5481967 updated to status refusat","timestamp":"2026-06-03T14:34:30.918Z"}
{"level":"info","message":"Incoming request: GET /api/permis","timestamp":"2026-06-03T14:34:30.931Z"}
{"level":"info","message":"Incoming request: GET /api/permis","timestamp":"2026-06-03T14:34:31.305Z"}
{"level":"info","message":"Incoming request: GET /api/user","timestamp":"2026-06-03T14:34:41.827Z"}
{"level":"info","message":"Incoming request: PUT /api/user/69fb50e433e6323e7080c7f0","timestamp":"2026-06-03T14:35:52.158Z"}
{"level":"info","message":"Usuario actualizado: 69fb50e433e6323e7080c7f0","timestamp":"2026-06-03T14:35:53.484Z"}
{"level":"info","message":"Incoming request: GET /api/user","timestamp":"2026-06-03T14:35:53.493Z"}
{"level":"info","message":"Incoming request: GET /api/tipusPermisos","timestamp":"2026-06-03T14:36:11.584Z"}
{"level":"info","message":"Incoming request: GET /api/user","timestamp":"2026-06-03T14:36:11.589Z"}
{"level":"info","message":"Incoming request: GET /api/permis","timestamp":"2026-06-03T14:36:11.607Z"}
{"level":"info","message":"Incoming request: PUT /api/permis/6a01e8b2553b31345ed02844","timestamp":"2026-06-03T14:36:30.512Z"}
{"level":"info","message":"Permiso 6a01e8b2553b31345ed02844 updated to status refusat","timestamp":"2026-06-03T14:36:30.560Z"}
{"level":"info","message":"Incoming request: GET /api/permis","timestamp":"2026-06-03T14:36:30.572Z"}
{"level":"info","message":"Incoming request: GET /api/permis","timestamp":"2026-06-03T14:36:30.951Z"}
{"level":"info","message":"Incoming request: GET /api/dashboard","timestamp":"2026-06-03T14:37:15.617Z"}
{"level":"info","message":"Incoming request: POST /api/login","timestamp":"2026-06-03T14:37:57.426Z"}
{"level":"info","message":"Login correcto: Racso","timestamp":"2026-06-03T14:37:57.619Z"}
{"level":"info","message":"Incoming request: GET /api/dashboard","timestamp":"2026-06-03T14:37:57.667Z"}
{"level":"info","message":"Incoming request: GET /api/user","timestamp":"2026-06-03T14:40:31.158Z"}
{"level":"info","message":"Incoming request: GET /api/tipusPermisos","timestamp":"2026-06-03T14:41:17.932Z"}
{"level":"info","message":"Incoming request: GET /api/user","timestamp":"2026-06-03T14:41:17.944Z"}
{"level":"info","message":"Incoming request: GET /api/permis","timestamp":"2026-06-03T14:41:17.961Z"}
{"level":"info","message":"Incoming request: POST /api/logout","timestamp":"2026-06-03T14:44:08.457Z"}
{"level":"info","message":"Incoming request: POST /api/login","timestamp":"2026-06-03T14:44:58.379Z"}
{"level":"warn","message":"Login fallido: usuario no encontrado Joel","timestamp":"2026-06-03T14:44:58.413Z"}
{"level":"info","message":"Incoming request: POST /api/logs","timestamp":"2026-06-03T14:44:58.423Z"}
{"details":{"error":{"msg":"Usuari o contrasenya incorrectes","ok":false},"headers":{"lazyUpdate":null,"normalizedNames":{}},"message":"Http failure response for http://localhost:5100/api/login: 401 Unauthorized","name":"HttpErrorResponse","ok":false,"status":401,"statusText":"Unauthorized","url":"http://localhost:5100/api/login"},"level":"error","message":"[FRONTEND] Login error","timestamp":"2026-06-03T14:44:58.425Z"}
{"level":"info","message":"Incoming request: POST /api/login","timestamp":"2026-06-03T14:45:06.515Z"}
{"level":"info","message":"Login correcto: joel","timestamp":"2026-06-03T14:45:06.702Z"}
{"level":"info","message":"Incoming request: GET /api/permis/69fb50e433e6323e7080c7f0","timestamp":"2026-06-03T14:45:06.771Z"}
{"level":"info","message":"Incoming request: GET /api/tipusPermisos","timestamp":"2026-06-03T14:45:17.186Z"}
{"level":"info","message":"Incoming request: GET /api/permis/69fb50e433e6323e7080c7f0","timestamp":"2026-06-03T14:45:17.190Z"}
{"level":"info","message":"Incoming request: GET /api/permis/69fb50e433e6323e7080c7f0","timestamp":"2026-06-03T14:45:20.987Z"}
{"level":"info","message":"Incoming request: GET /api/tipusPermisos","timestamp":"2026-06-03T14:45:26.601Z"}
{"level":"info","message":"Incoming request: GET /api/permis/69fb50e433e6323e7080c7f0","timestamp":"2026-06-03T14:45:26.608Z"}
{"level":"info","message":"Incoming request: GET /api/permis/69fb50e433e6323e7080c7f0","timestamp":"2026-06-03T14:45:35.817Z"}
{"level":"info","message":"Incoming request: GET /api/tipusPermisos","timestamp":"2026-06-03T14:45:37.380Z"}
{"level":"info","message":"Incoming request: GET /api/permis/69fb50e433e6323e7080c7f0","timestamp":"2026-06-03T14:45:37.385Z"}
{"level":"info","message":"Incoming request: POST /api/login","timestamp":"2026-06-03T14:45:53.446Z"}
{"level":"warn","message":"Login fallido: usuario no encontrado joel","timestamp":"2026-06-03T14:45:53.477Z"}
{"level":"info","message":"Incoming request: POST /api/logs","timestamp":"2026-06-03T14:45:53.493Z"}
{"details":{"error":{"msg":"Usuari o contrasenya incorrectes","ok":false},"headers":{"lazyUpdate":null,"normalizedNames":{}},"message":"Http failure response for http://localhost:5100/api/login: 401 Unauthorized","name":"HttpErrorResponse","ok":false,"status":401,"statusText":"Unauthorized","url":"http://localhost:5100/api/login"},"level":"error","message":"[FRONTEND] Login error","timestamp":"2026-06-03T14:45:53.493Z"}
{"level":"info","message":"Incoming request: POST /api/login","timestamp":"2026-06-03T14:46:02.060Z"}
{"level":"info","message":"Login correcto: Joel","timestamp":"2026-06-03T14:46:02.236Z"}
{"level":"info","message":"Incoming request: GET /api/permis/69fb50e433e6323e7080c7f0","timestamp":"2026-06-03T14:46:02.274Z"}
{"level":"info","message":"Incoming request: POST /api/logout","timestamp":"2026-06-03T14:46:31.440Z"}
{"level":"info","message":"Incoming request: POST /api/login","timestamp":"2026-06-03T14:46:37.019Z"}
{"level":"warn","message":"Login fallido: contraseña incorrecta para Racso","timestamp":"2026-06-03T14:46:37.215Z"}
{"level":"info","message":"Incoming request: POST /api/logs","timestamp":"2026-06-03T14:46:37.231Z"}
{"details":{"error":{"msg":"Usuari o contrasenya incorrectes, queden 2 intents","ok":false},"headers":{"lazyUpdate":null,"normalizedNames":{}},"message":"Http failure response for http://localhost:5100/api/login: 401 Unauthorized","name":"HttpErrorResponse","ok":false,"status":401,"statusText":"Unauthorized","url":"http://localhost:5100/api/login"},"level":"error","message":"[FRONTEND] Login error","timestamp":"2026-06-03T14:46:37.232Z"}
{"level":"info","message":"Incoming request: POST /api/login","timestamp":"2026-06-03T14:46:39.564Z"}
{"level":"info","message":"Login correcto: Racso","timestamp":"2026-06-03T14:46:39.719Z"}
{"level":"info","message":"Incoming request: GET /api/dashboard","timestamp":"2026-06-03T14:46:39.759Z"}
{"level":"info","message":"Incoming request: GET /api/user","timestamp":"2026-06-03T14:46:45.197Z"}
=======
{"level":"info","message":"Servidor corriendose en el puerto 5100","timestamp":"2026-06-03T14:24:48.766Z"}
{"level":"info","message":"Incoming request: GET /api/tipusPermisos","timestamp":"2026-06-03T14:24:48.839Z"}
{"level":"info","message":"Incoming request: GET /api/user","timestamp":"2026-06-03T14:24:48.880Z"}
{"level":"info","message":"Incoming request: GET /api/permis","timestamp":"2026-06-03T14:24:48.884Z"}
{"level":"info","message":"Incoming request: GET /api/tipusPermisos","timestamp":"2026-06-03T14:28:15.294Z"}
{"level":"info","message":"Incoming request: GET /api/user","timestamp":"2026-06-03T14:28:15.297Z"}
{"level":"info","message":"Incoming request: GET /api/permis","timestamp":"2026-06-03T14:28:15.307Z"}
{"level":"info","message":"Incoming request: POST /api/logout","timestamp":"2026-06-03T14:28:16.424Z"}
{"level":"info","message":"Servidor corriendose en el puerto 5100","timestamp":"2026-06-03T14:28:18.177Z"}
{"level":"info","message":"Incoming request: POST /api/login","timestamp":"2026-06-03T14:28:32.706Z"}
{"level":"info","message":"Login correcto: Miniboo","timestamp":"2026-06-03T14:28:32.980Z"}
{"level":"info","message":"Incoming request: GET /api/dashboard","timestamp":"2026-06-03T14:28:33.030Z"}
{"level":"info","message":"Incoming request: GET /api/user","timestamp":"2026-06-03T14:28:33.992Z"}
{"level":"info","message":"Incoming request: GET /api/dashboard","timestamp":"2026-06-03T14:28:36.183Z"}
{"level":"info","message":"Incoming request: GET /api/tipusPermisos","timestamp":"2026-06-03T14:28:37.285Z"}
{"level":"info","message":"Incoming request: GET /api/user","timestamp":"2026-06-03T14:28:37.291Z"}
{"level":"info","message":"Incoming request: GET /api/permis","timestamp":"2026-06-03T14:28:37.297Z"}
{"level":"info","message":"Incoming request: GET /api/dashboard","timestamp":"2026-06-03T14:28:37.866Z"}
{"level":"info","message":"Incoming request: GET /api/user","timestamp":"2026-06-03T14:28:38.308Z"}
{"level":"info","message":"Incoming request: GET /api/dashboard","timestamp":"2026-06-03T14:28:40.142Z"}
{"level":"info","message":"Incoming request: GET /api/user","timestamp":"2026-06-03T14:29:33.338Z"}
{"level":"info","message":"Incoming request: GET /api/dashboard","timestamp":"2026-06-03T14:29:34.407Z"}
{"level":"info","message":"Incoming request: GET /api/tipusPermisos","timestamp":"2026-06-03T14:29:37.520Z"}
{"level":"info","message":"Incoming request: GET /api/user","timestamp":"2026-06-03T14:29:37.524Z"}
{"level":"info","message":"Incoming request: GET /api/permis","timestamp":"2026-06-03T14:29:37.531Z"}
{"level":"info","message":"Incoming request: POST /api/logout","timestamp":"2026-06-03T14:33:00.229Z"}
{"level":"info","message":"Incoming request: POST /api/login","timestamp":"2026-06-03T14:33:15.516Z"}
{"level":"info","message":"Login correcto: Miniboo","timestamp":"2026-06-03T14:33:15.709Z"}
{"level":"info","message":"Incoming request: GET /api/dashboard","timestamp":"2026-06-03T14:33:15.786Z"}
{"level":"info","message":"Incoming request: GET /api/tipusPermisos","timestamp":"2026-06-03T14:34:28.482Z"}
{"level":"info","message":"Incoming request: GET /api/user","timestamp":"2026-06-03T14:34:28.486Z"}
{"level":"info","message":"Incoming request: GET /api/permis","timestamp":"2026-06-03T14:34:28.491Z"}
{"level":"info","message":"Incoming request: GET /api/user","timestamp":"2026-06-03T14:34:31.829Z"}
{"level":"info","message":"Incoming request: GET /api/user","timestamp":"2026-06-03T14:35:57.641Z"}
{"level":"info","message":"Incoming request: GET /api/dashboard","timestamp":"2026-06-03T14:36:07.901Z"}
{"level":"info","message":"Incoming request: GET /api/dashboard","timestamp":"2026-06-03T14:36:35.235Z"}
{"level":"info","message":"Incoming request: GET /api/tipusPermisos","timestamp":"2026-06-03T14:37:19.005Z"}
{"level":"info","message":"Incoming request: GET /api/user","timestamp":"2026-06-03T14:37:19.008Z"}
{"level":"info","message":"Incoming request: GET /api/permis","timestamp":"2026-06-03T14:37:19.012Z"}
{"level":"info","message":"Incoming request: PUT /api/permis/6a01ef875e2c79bac859d573","timestamp":"2026-06-03T14:37:26.291Z"}
{"level":"info","message":"Permiso 6a01ef875e2c79bac859d573 updated to status aprovat","timestamp":"2026-06-03T14:37:26.391Z"}
{"level":"info","message":"Incoming request: GET /api/permis","timestamp":"2026-06-03T14:37:26.397Z"}
{"level":"info","message":"Incoming request: GET /api/permis","timestamp":"2026-06-03T14:37:27.321Z"}
{"level":"info","message":"Incoming request: POST /api/login","timestamp":"2026-06-03T14:44:52.134Z"}
{"level":"warn","message":"Login fallido: contraseña incorrecta para Miniboo","timestamp":"2026-06-03T14:44:52.397Z"}
{"level":"info","message":"Incoming request: POST /api/logs","timestamp":"2026-06-03T14:44:52.427Z"}
{"details":{"error":{"msg":"Usuari o contrasenya incorrectes, queden 2 intents","ok":false},"headers":{"lazyUpdate":null,"normalizedNames":{}},"message":"Http failure response for http://localhost:5100/api/login: 401 Unauthorized","name":"HttpErrorResponse","ok":false,"status":401,"statusText":"Unauthorized","url":"http://localhost:5100/api/login"},"level":"error","message":"[FRONTEND] Login error","timestamp":"2026-06-03T14:44:52.430Z"}
{"level":"info","message":"Incoming request: POST /api/login","timestamp":"2026-06-03T14:44:55.991Z"}
{"level":"info","message":"Login correcto: Miniboo","timestamp":"2026-06-03T14:44:56.246Z"}
{"level":"info","message":"Incoming request: GET /api/dashboard","timestamp":"2026-06-03T14:44:56.322Z"}
{"level":"info","message":"Incoming request: GET /api/user","timestamp":"2026-06-03T14:45:18.545Z"}
{"level":"info","message":"Incoming request: PUT /api/user/69fb50e433e6323e7080c7f0","timestamp":"2026-06-03T14:45:36.297Z"}
{"level":"info","message":"Usuario actualizado: 69fb50e433e6323e7080c7f0","timestamp":"2026-06-03T14:45:36.346Z"}
{"level":"info","message":"Incoming request: GET /api/user","timestamp":"2026-06-03T14:45:36.354Z"}
{"level":"info","message":"Incoming request: POST /api/logout","timestamp":"2026-06-03T14:47:01.757Z"}
{"level":"info","message":"Incoming request: POST /api/login","timestamp":"2026-06-03T14:47:12.314Z"}
{"level":"warn","message":"Login fallido: contraseña incorrecta para Joel","timestamp":"2026-06-03T14:47:12.577Z"}
{"level":"info","message":"Incoming request: POST /api/logs","timestamp":"2026-06-03T14:47:12.601Z"}
{"details":{"error":{"msg":"Usuari o contrasenya incorrectes, queden 2 intents","ok":false},"headers":{"lazyUpdate":null,"normalizedNames":{}},"message":"Http failure response for http://localhost:5100/api/login: 401 Unauthorized","name":"HttpErrorResponse","ok":false,"status":401,"statusText":"Unauthorized","url":"http://localhost:5100/api/login"},"level":"error","message":"[FRONTEND] Login error","timestamp":"2026-06-03T14:47:12.603Z"}
{"level":"info","message":"Incoming request: POST /api/login","timestamp":"2026-06-03T14:47:20.025Z"}
{"level":"info","message":"Login correcto: Joel","timestamp":"2026-06-03T14:47:20.215Z"}
{"level":"info","message":"Incoming request: GET /api/permis/69fb50e433e6323e7080c7f0","timestamp":"2026-06-03T14:47:20.257Z"}
{"level":"info","message":"Incoming request: GET /api/permis/69fb50e433e6323e7080c7f0","timestamp":"2026-06-03T14:48:10.455Z"}
{"level":"info","message":"Incoming request: POST /api/logs","timestamp":"2026-06-03T14:48:10.608Z"}
{"details":{"error":{"isTrusted":true},"headers":{"headers":{},"lazyUpdate":null,"normalizedNames":{}},"message":"Http failure response for http://localhost:5100/api/permis/69fb50e433e6323e7080c7f0: 0 Unknown Error","name":"HttpErrorResponse","ok":false,"status":0,"statusText":"Unknown Error","url":"http://localhost:5100/api/permis/69fb50e433e6323e7080c7f0"},"level":"error","message":"[FRONTEND] Error loading permissions","timestamp":"2026-06-03T14:48:10.609Z"}
{"level":"info","message":"Incoming request: GET /api/permis/69fb50e433e6323e7080c7f0","timestamp":"2026-06-03T14:48:31.809Z"}
{"level":"info","message":"Incoming request: POST /api/logs","timestamp":"2026-06-03T14:48:32.047Z"}
{"details":{"error":{"isTrusted":true},"headers":{"headers":{},"lazyUpdate":null,"normalizedNames":{}},"message":"Http failure response for http://localhost:5100/api/permis/69fb50e433e6323e7080c7f0: 0 Unknown Error","name":"HttpErrorResponse","ok":false,"status":0,"statusText":"Unknown Error","url":"http://localhost:5100/api/permis/69fb50e433e6323e7080c7f0"},"level":"error","message":"[FRONTEND] Error loading permissions","timestamp":"2026-06-03T14:48:32.048Z"}
{"level":"info","message":"Servidor corriendose en el puerto 5100","timestamp":"2026-06-03T14:49:13.100Z"}
{"level":"info","message":"Servidor corriendose en el puerto 5100","timestamp":"2026-06-03T14:49:34.574Z"}
{"level":"info","message":"Incoming request: GET /api/permis/69fb50e433e6323e7080c7f0","timestamp":"2026-06-03T14:49:51.496Z"}
>>>>>>> ecf3b9f6e6e892f73d21de23c35887b85958ec5d
